60
 energy: -101.440889111678 gnorm: 0.051579097123 xtb: 6.7.1 (edcfbbe)
O           -2.21000000000000       -3.06000000000000       -3.23000000000000
H           -2.68439278000000       -3.08159966000000       -4.06247553000000
H           -1.39110138000000       -2.60538226000000       -3.43312143000000
O           -2.21000000000000       -3.06000000000000        0.17000000000000
H           -2.89630685000000       -2.52161633000000        0.56705981000000
H           -1.80100869000000       -2.48563482000000       -0.47912350000000
O           -2.21000000000000       -3.06000000000000        3.57000000000000
H           -1.50777127000000       -3.02982676000000        2.91846723000000
H           -2.54740379000000       -3.95545791000000        3.51666739000000
O           -2.21000000000000        0.34000000000000       -3.23000000000000
H           -1.39609104000000        0.79960882000000       -3.44176049000000
H           -2.07208472000000        0.00606909000000       -2.34230631000000
O           -2.21000000000000        0.34000000000000        0.17000000000000
H           -2.99770960000000       -0.11698098000000        0.46868466000000
H           -2.20923391000000        1.16216094000000        0.66252549000000
O           -2.21000000000000        0.34000000000000        3.57000000000000
H           -1.53133612000000       -0.27798287000000        3.29424093000000
H           -2.34627373000000        0.90220813000000        2.80587825000000
O           -2.21000000000000        3.74000000000000       -3.23000000000000
H           -2.80608983000000        3.44250328000000       -2.54101294000000
H           -2.41343981000000        4.67043485000000       -3.33692893000000
O           -2.21000000000000        3.74000000000000        0.17000000000000
H           -2.30185894000000        3.87212600000000       -0.77479374000000
H           -1.37854869000000        4.16243461000000        0.39083541000000
O           -2.21000000000000        3.74000000000000        3.57000000000000
H           -1.60668787000000        4.31289074000000        4.04575334000000
H           -2.05635341000000        3.94503693000000        2.64648327000000
O            1.19000000000000       -3.06000000000000       -3.23000000000000
H            0.38503190000000       -3.16888047000000       -2.72137248000000
H            1.49081725000000       -2.17573375000000       -3.01526121000000
O            1.19000000000000       -3.06000000000000        0.17000000000000
H            1.26964633000000       -2.25520693000000        0.68429091000000
H            0.91958913000000       -2.76215384000000       -0.69988286000000
O            1.19000000000000       -3.06000000000000        3.57000000000000
H            0.43008989000000       -2.48230041000000        3.48438237000000
H            1.86198076000000       -2.51226934000000        3.97861173000000
O            1.19000000000000        0.34000000000000       -3.23000000000000
H            1.41191496000000       -0.55518023000000       -3.49064663000000
H            0.62989028000000        0.23291154000000       -2.45971452000000
O            1.19000000000000        0.34000000000000        0.17000000000000
H            0.86160003000000       -0.49595552000000       -0.16445834000000
H            1.79548391000000        0.64699187000000       -0.50651740000000
O            1.19000000000000        0.34000000000000        3.57000000000000
H            0.38285721000000       -0.10276162000000        3.30351694000000
H            1.08974246000000        1.23603046000000        3.24502554000000
O            1.19000000000000        3.74000000000000       -3.23000000000000
H            0.87792355000000        2.83588317000000       -3.29092303000000
H            1.41504998000000        3.97654983000000       -4.13107006000000
O            1.19000000000000        3.74000000000000        0.17000000000000
H            0.54001657000000        4.32576873000000       -0.22105894000000
H            1.93522811000000        4.30870981000000        0.36933584000000
O            1.19000000000000        3.74000000000000        3.57000000000000
H            1.52103504000000        4.11766357000000        2.75371782000000
H            0.25471381000000        3.94920651000000        3.56828825000000
O            4.59000000000000       -3.06000000000000       -3.23000000000000
H            4.64004945000000       -3.96045712000000       -3.55434947000000
H            5.50254221000000       -2.80929972000000       -3.07851852000000
O            4.59000000000000       -3.06000000000000        0.17000000000000
H            4.61158662000000       -3.26582908000000        1.10578789000000
H            5.37996551000000       -2.53800400000000        0.02165838000000
60
 energy: -101.460182853174 gnorm: 0.067132839689 xtb: 6.7.1 (edcfbbe)
O           -2.19356731940426       -3.02759686941280       -3.22773092826235
H           -2.70384051879166       -3.09570557183032       -4.03977677809524
H           -1.37998280837041       -2.58779271908297       -3.48480179426090
O           -2.17546120607432       -3.03970334264066        0.21430763011775
H           -2.91511679873998       -2.53870159783769        0.57135850679055
H           -1.83122025245271       -2.49768081143847       -0.50444484898549
O           -2.20182705931732       -3.04667004614434        3.53551616459000
H           -1.49463722042652       -3.06315098105658        2.88551772404871
H           -2.55035566411439       -3.94220586944617        3.53809753379150
O           -2.18315762494583        0.28798087555607       -3.24211951119231
H           -1.40837093836142        0.82730042300889       -3.44191001585380
H           -2.09100197589662        0.04590286725480       -2.31001888276183
O           -2.20147298036180        0.31057260888385        0.18087667816778
H           -3.01684389151381       -0.10728123373647        0.47144690775594
H           -2.19935614217259        1.17828091399141        0.60391883629041
O           -2.21723008181253        0.34489520685368        3.57048875918638
H           -1.56987550338341       -0.30838060293289        3.29578950279982
H           -2.34142266961888        0.92969952390210        2.82003426837711
O           -2.16266073085967        3.75432172920151       -3.17976818799703
H           -2.85781753542253        3.39961563402007       -2.59892740802846
H           -2.42713009258048        4.66495400060547       -3.35465791531714
O           -2.21251946144797        3.76245527573277        0.18814511751517
H           -2.28434556734760        3.85540084617075       -0.76523798336391
H           -1.35564442234020        4.13700264741944        0.40556119058741
O           -2.19233046719102        3.71794988051103        3.55781302608985
H           -1.64311157684153        4.32855801212706        4.05972348102773
H           -2.07838191216669        3.95029821981321        2.63158883336518
O            1.12329696026226       -3.03319786669275       -3.30706606481909
H            0.39376790846727       -3.22052100559265       -2.69062445347337
H            1.54464017983361       -2.22374397997865       -2.94937959580024
O            1.14160059113890       -3.06435560657228        0.18958650923540
H            1.30865811380264       -2.26677040097931        0.70555509237847
H            0.95034851397129       -2.76872523165723       -0.70553208500658
O            1.20163055585924       -3.04453290153762        3.55774674926097
H            0.42136367050262       -2.48649173625048        3.51760156935013
H            1.87177176521514       -2.50403374801131        3.98137666179738
O            1.16082020011309        0.36171730120759       -3.21705847603159
H            1.41943998832303       -0.51350051542190       -3.52680369767007
H            0.62153037852563        0.22562247415399       -2.43251339335786
O            1.16971646816780        0.33906522686863        0.16308106362215
H            0.86599692174195       -0.50801426013757       -0.16980187057126
H            1.80647602459996        0.66523564117109       -0.48003645997733
O            1.20337226461806        0.32688731997978        3.54964262090814
H            0.37826017240408       -0.08838118972474        3.29396732062480
H            1.12200086929561        1.24353340755212        3.26784012842663
O            1.17613927632087        3.74651585011304       -3.23272119352515
H            0.89555328605760        2.82835148959915       -3.28098540429042
H            1.41822842391542        3.97975587555675       -4.13105757176531
O            1.14185055149418        3.77781377564860        0.27663973964383
H            0.57851591750530        4.32881171572481       -0.31131054054208
H            1.96699540997017        4.29583489758731        0.32496953402546
O            1.19594568754038        3.75160870343719        3.57264638366953
H            1.52282820838705        4.09146412094358        2.73601845017086
H            0.24883199243391        3.91279061097759        3.56670176384839
O            4.59684301830816       -3.02847321626207       -3.27385153863530
H            4.61229852127297       -3.95674105944315       -3.53044212880120
H            5.50932685421643       -2.81246117570137       -3.06100653647126
O            4.59886338188263       -3.04840696597655        0.16898270938048
H            4.59202560227253       -3.27146241182681        1.10316861461652
H            5.39280727353528       -2.52883889824786        0.02979131339589
60
 energy: -101.474466090817 gnorm: 0.089927646954 xtb: 6.7.1 (edcfbbe)
O           -2.16327108583131       -2.98671252321021       -3.22024471784447
H           -2.72807532183906       -3.10900342212693       -3.99810242964876
H           -1.35907381411352       -2.56580033885576       -3.55318699956780
O           -2.13967761884774       -3.01579664064464        0.26338766478968
H           -2.93093699246862       -2.55989110096955        0.58530207141349
H           -1.87149166545329       -2.51872217473405       -0.53542040966515
O           -2.17491139299403       -3.03270180536857        3.49117714411920
H           -1.48307383115937       -3.11374468499629        2.82080451081062
H           -2.55668324096361       -3.91871215358761        3.56473387999725
O           -2.15533804155675        0.25126733176402       -3.23510665195786
H           -1.41892454459505        0.85036292563548       -3.44288516402503
H           -2.10515542240867        0.08519638182216       -2.27202370919092
O           -2.21477289607498        0.29563091280717        0.16062512866233
H           -3.03043904485119       -0.09880464195830        0.48671319550934
H           -2.17482535876609        1.19168106446334        0.53555328643052
O           -2.22422440373416        0.35128481197615        3.57147266435759
H           -1.63762468121224       -0.36360960531465        3.29087685120552
H           -2.32657840018093        0.97228558353580        2.84435953273714
O           -2.14132884851440        3.75952436499591       -3.12738140845238
H           -2.90418543797854        3.36195688866981       -2.63922374884951
H           -2.43193771194290        4.65338504934316       -3.36774464048937
O           -2.21159502158617        3.78943190115142        0.20197210714708
H           -2.24989124152087        3.82856332420746       -0.76361001138810
H           -1.31464754761574        4.08341647777037        0.42136658933441
O           -2.16124338894559        3.68909670631097        3.53760332509839
H           -1.68987989115255        4.35149764233110        4.07142430408308
H           -2.11286077987794        3.96048531606073        2.60885995736435
O            1.08649736275209       -3.02170849698173       -3.32145172805825
H            0.38746035269035       -3.26969287377599       -2.68605223043695
H            1.58386372282935       -2.27217582081034       -2.90773306238655
O            1.10199860873503       -3.06341665849860        0.20509275036243
H            1.34855637281962       -2.29205032490693        0.74506305361018
H            0.98377559968768       -2.76685416722262       -0.70705377376879
O            1.21775641155942       -3.02080103914497        3.54290707312173
H            0.40559679565957       -2.49686186424300        3.56873262017354
H            1.88306521938959       -2.48609401028221        3.98351509260333
O            1.13711931179788        0.38922011385134       -3.18831835180448
H            1.40836689541809       -0.45802314474638       -3.58531203918492
H            0.60376405939316        0.21598943317461       -2.40312528130102
O            1.14753663027847        0.33825921655396        0.15032636116177
H            0.86537806875584       -0.52163268624863       -0.17158683339927
H            1.81853153594746        0.68551206585492       -0.45230301943955
O            1.22131392228645        0.30716743445198        3.52163225019162
H            0.36718308927347       -0.06244706952496        3.28243312100015
H            1.17019172877581        1.25253436735554        3.30658959490573
O            1.16844152001364        3.74892785170181       -3.22875581614873
H            0.91958718651144        2.81708348158103       -3.26472779571755
H            1.41665681163930        3.98698946864415       -4.12464341420112
O            1.12972389529400        3.82007427646118        0.28553192341461
H            0.60291889257042        4.33791709350619       -0.36050091382849
H            1.97469205796166        4.29203789049257        0.31990387122578
O            1.20466548300008        3.77605595026949        3.57718070015235
H            1.51192082227381        4.04131241274943        2.69826843479164
H            0.23713087507106        3.84416466545107        3.56112158106393
O            4.60429338320850       -2.99013098189959       -3.31659422998965
H            4.57140509082744       -3.94248627197002       -3.50669559965889
H            5.51490482168045       -2.81315220228078       -3.04245836180414
O            4.61121031549494       -3.02840464438223        0.16447928749243
H            4.55834470392942       -3.27868007711842        1.09417034206239
H            5.41185860865722       -2.51352571914257        0.04497719181387
60
 energy: -101.485271988813 gnorm: 0.085203984226 xtb: 6.7.1 (edcfbbe)
O           -2.12767324233497       -2.95842936273459       -3.21914883888674
H           -2.74157974917656       -3.10667300523684       -3.95770998583068
H           -1.34352504822556       -2.53963769631939       -3.60821115100887
O           -2.15022151302391       -3.00740205509792        0.26348743521675
H           -2.93042750575645       -2.57402279850905        0.61115818787609
H           -1.88349894535603       -2.53507859996971       -0.53058417512801
O           -2.13484546252838       -3.02301800568645        3.45087463822904
H           -1.47936211638341       -3.15742654258296        2.74375129140269
H           -2.55728717238404       -3.88866424280579        3.57907727598568
O           -2.14000826380988        0.25909557879461       -3.20078099878194
H           -1.42358575861111        0.85825981616009       -3.44258820115278
H           -2.10767203088623        0.09792104254809       -2.24860853980638
O           -2.23922781953489        0.29842593015146        0.12010521659967
H           -3.03467413032527       -0.09267277513740        0.49910604442904
H           -2.15079692373712        1.19767787922539        0.47609289713230
O           -2.23084403183742        0.35242681626831        3.57361203627081
H           -1.71066711095322       -0.41825066623763        3.28383483710493
H           -2.30994191507559        1.01226206966471        2.87507855728864
O           -2.19032236894390        3.73917496210299       -3.11832718304494
H           -2.90160096862697        3.34672918821663       -2.62395576068094
H           -2.41930572941467        4.63493926847181       -3.36701662790202
O           -2.18876402153118        3.79061791319554        0.20602648010691
H           -2.21370045954130        3.80719115518826       -0.76204241450363
H           -1.27808693088710        4.03486634382588        0.43760938712861
O           -2.12938848988499        3.67395914229434        3.51552912025363
H           -1.72327206166850        4.36593530596511        4.07141603236424
H           -2.15356893245616        3.97201672180340        2.58685607701927
O            1.07232997471455       -3.02050835934791       -3.29255296915703
H            0.38233524118725       -3.32075538415185       -2.68558304636861
H            1.59675918622230       -2.31405733831481       -2.90287333198877
O            1.08648198257663       -3.05657092024822        0.21538628952273
H            1.37012601797863       -2.32347351019314        0.78750031424892
H            1.01879420211497       -2.76972001536730       -0.70273257393688
O            1.22852317807045       -2.99516937576035        3.53953167885924
H            0.39249744672488       -2.50762982853790        3.61179846620555
H            1.89179457738756       -2.45896256687404        3.98060612003103
O            1.11143355230577        0.41352673422841       -3.16617799718157
H            1.38926864112195       -0.40584851913363       -3.62139108916616
H            0.58487446515394        0.22149051934151       -2.38046454037041
O            1.12295740785501        0.34296907575646        0.13363827645073
H            0.86762198656223       -0.53690573493313       -0.16049003524036
H            1.82631214736946        0.70026495396478       -0.42808328708956
O            1.23358127426541        0.29530906694563        3.50226608081633
H            0.35779242419847       -0.03232585038716        3.27182651505283
H            1.22114419452942        1.25547113925964        3.33391190714202
O            1.16243519340773        3.74817803962712       -3.22251858462352
H            0.94715652285067        2.80436703725660       -3.24510587497531
H            1.41416363950472        3.99200115385739       -4.11581143528141
O            1.09717212744499        3.88143108036007        0.33195722766339
H            0.63674392791713        4.34501314783533       -0.42671469231789
H            1.99472983383020        4.28071702601129        0.28880770749116
O            1.19985508028001        3.77642116557939        3.56582836808164
H            1.49372020318519        3.99419880586587        2.66733185119002
H            0.22526979602512        3.77756564573401        3.56134362567667
O            4.60886912853546       -2.96694811189357       -3.33186347896267
H            4.53368458448320       -3.91699571321161       -3.50225568364759
H            5.51138042768449       -2.80593073517773       -3.03532760560011
O            4.62449702048444       -3.00894377366752        0.15771033397221
H            4.52213637998434       -3.28424923659770        1.07975212133555
H            5.43046946693379       -2.49747774138917        0.06202282448630
60
 energy: -101.491482890988 gnorm: 0.121238484099 xtb: 6.7.1 (edcfbbe)
O           -2.09695618309308       -2.94680425148679       -3.22556484941323
H           -2.73692490640317       -3.09024536144835       -3.92428675294556
H           -1.34137733559122       -2.51769221401493       -3.63601083311098
O           -2.14097025403471       -2.98247096804242        0.28095713073475
H           -2.93644609101060       -2.59168165557117        0.62465407391641
H           -1.90654956223302       -2.56125421215047       -0.53487205861148
O           -2.09738588573021       -3.02288593726566        3.41671336111098
H           -1.48434512757484       -3.18524896866015        2.67946413675021
H           -2.54541661825356       -3.85982396443963        3.57337288381507
O           -2.11108547152677        0.24872751851128       -3.17153562821291
H           -1.43378422664916        0.87304054123288       -3.43266492963062
H           -2.11659371191436        0.12166916506039       -2.22657376980235
O           -2.26251649648938        0.31287667687229        0.07710634589531
H           -3.02958874693389       -0.08485855550172        0.50335753548634
H           -2.13377676050721        1.19523964130257        0.42990916501801
O           -2.23890799118492        0.33884988189720        3.57149402265018
H           -1.76387918646494       -0.44618649105137        3.27869068942643
H           -2.29689755044677        1.03400093120884        2.90625179983336
O           -2.17153981615720        3.74711865448586       -3.03981928693349
H           -2.95225652477527        3.30561205168658       -2.67961449107245
H           -2.42640048636317        4.61137782402599       -3.38134985943553
O           -2.14504686227802        3.77644318019789        0.21320436358273
H           -2.18207794013466        3.79837803588129       -0.74475699399837
H           -1.24334569387563        3.99243643671096        0.45808283260795
O           -2.10109928219582        3.68289474102682        3.49293990131875
H           -1.74344767175156        4.36785660184373        4.06028183355685
H           -2.18554968107799        3.97850990964949        2.57277787560253
O            1.00862086088005       -2.97535473259729       -3.32346936211916
H            0.39716653023851       -3.37434255592333       -2.66346572694000
H            1.64009728019642       -2.37990238183394       -2.86579596782494
O            1.06881470463656       -3.04147263594796        0.22507173359514
H            1.38453691289317       -2.35593333292603        0.81987549957064
H            1.06201208297283       -2.77623315134970       -0.69530914796892
O            1.22902867002488       -2.97044820169427        3.54531904790964
H            0.38550529131634       -2.51826936432634        3.63879915126892
H            1.89279627479619       -2.42987649526421        3.97613054277441
O            1.09121468812558        0.42878025888999       -3.15668902711985
H            1.36587787712131       -0.36260205175409       -3.62537407246549
H            0.56923092485755        0.23895393612542       -2.37403166624416
O            1.09856717963775        0.35459465137804        0.10916819877285
H            0.87373627821265       -0.55081127367879       -0.13748545605438
H            1.82907404338828        0.70287416753833       -0.41242826038991
O            1.23860921728067        0.29517980889427        3.49236052441741
H            0.35218987558629       -0.00205936800622        3.27115512982698
H            1.26003500397922        1.24931229449568        3.34949029864904
O            1.16237581915826        3.74122692786461       -3.21184551824287
H            0.96955969495820        2.79442765775229       -3.22615906557740
H            1.41035313511826        3.99504688711872       -4.10241247623970
O            1.12638552431517        3.92908936230186        0.23057218158908
H            0.63255416364705        4.34827931945945       -0.39160222637879
H            1.98254161418921        4.28038442350852        0.31139579686459
O            1.18149451609535        3.75862776437986        3.53834001905874
H            1.47088005146952        3.95330619009704        2.64661073661568
H            0.21929609030112        3.72400990727043        3.56440253021287
O            4.61492011279981       -2.95305174909626       -3.34804468044813
H            4.50085170480440       -3.88841372514458       -3.50086246594788
H            5.49966846827200       -2.79986322314496       -3.02867756956594
O            4.63412438193194       -2.99385573416376        0.15192160307664
H            4.49310088739280       -3.28546896586372        1.06072374760533
H            5.44200873404841       -2.48533856632538        0.07602256958063
60
 energy: -101.503082226152 gnorm: 0.106331668008 xtb: 6.7.1 (edcfbbe)
O           -2.07881177901475       -2.94819140331841       -3.22526649264396
H           -2.72693404085649       -3.07518762586954       -3.90490430483493
H           -1.34066644260641       -2.50801150470631       -3.63956674381755
O           -2.09252103585323       -2.95666353703077        0.33809117769350
H           -2.95374868147936       -2.60355909993382        0.61337200435349
H           -1.94802365299808       -2.58796655431884       -0.57014806595754
O           -2.07262622846111       -3.02285057270653        3.39981737817948
H           -1.49101281226157       -3.18761575435903        2.64571348232631
H           -2.52809047728003       -3.84270576716641        3.55877333047692
O           -2.08457191729073        0.20714623955575       -3.17608493126286
H           -1.44313381994511        0.89190192271795       -3.41034223256574
H           -2.12569210616324        0.16119755713019       -2.20342818087735
O           -2.27863476856211        0.32825300873992        0.04141740498402
H           -3.01939970147107       -0.07601369829449        0.50771880574990
H           -2.12671897514419        1.18851540965483        0.41394317065380
O           -2.24070913360066        0.33290512010745        3.57923560213866
H           -1.79218352319077       -0.44868803167448        3.26898183308012
H           -2.28969968833441        1.02349142875136        2.91910285087575
O           -2.12382466627950        3.75832968509975       -2.96515971419452
H           -3.00532218230273        3.28120567912775       -2.72647423958133
H           -2.44445368835530        4.59134184411875       -3.39021736507234
O           -2.12619852776655        3.77390456943099        0.21707772940410
H           -2.15633490555695        3.79102359971540       -0.73797915442181
H           -1.21951062535300        3.95731529652431        0.46519990237155
O           -2.07047065439655        3.66658840499677        3.47595515552125
H           -1.76686809035741        4.38150477708105        4.03996346760518
H           -2.19503643172632        3.99084241553364        2.57274890065761
O            0.99570531845380       -2.96780462296537       -3.31366383124854
H            0.40073508754929       -3.37081683012898       -2.66700262396468
H            1.64811289482602       -2.41012658193611       -2.86058079428006
O            1.03705094896864       -3.04307460593827        0.23606793468864
H            1.39920892682352       -2.37632186321869        0.82532941225600
H            1.10207047828709       -2.76277204700843       -0.68784922168986
O            1.23138857346026       -2.95789047402067        3.54410453555781
H            0.38319672176316       -2.52798595316456        3.65243379012416
H            1.88522334034675       -2.40691879425114        3.97475561236203
O            1.09504900602069        0.44054315868716       -3.14940467479927
H            1.33612866720780       -0.34609086379451       -3.61076984693200
H            0.55873123583695        0.24441714023883       -2.38314572553064
O            1.07794773350346        0.37097755130917        0.09505260121604
H            0.88331310155603       -0.55211074277306       -0.11973915479831
H            1.82510174075428        0.68492988104643       -0.41157665795799
O            1.24345737903854        0.29734272333623        3.48783369326017
H            0.35045289932312        0.01846894512366        3.27484293802369
H            1.27224503383092        1.24198350508939        3.35607170531028
O            1.17018161791467        3.73230959947701       -3.19962234219703
H            0.97920710699435        2.79154430239038       -3.21846504070739
H            1.40518523429666        3.99135185115399       -4.09109585024275
O            1.08280535103267        3.97589262208996        0.32283310090678
H            0.67123006009749        4.33401410841473       -0.50280781986443
H            1.99103574656067        4.27586053266172        0.29972026686328
O            1.17284314760091        3.75667076655389        3.53256302474289
H            1.44187108895116        3.92113191220834        2.62950255049393
H            0.21625568553165        3.68683155306839        3.55725508397041
O            4.61338674849391       -2.93370400210142       -3.37573849304449
H            4.48280998918075       -3.87436113628823       -3.48811905006573
H            5.49191278334236       -2.80636852780267       -3.01270393250351
O            4.63176067382702       -2.98754469853652        0.14575861863193
H            4.48560817955299       -3.27933501334739        1.04515234666123
H            5.44304858567364       -2.48238154448502        0.09138219391555
60
 energy: -101.495555856561 gnorm: 0.179696464855 xtb: 6.7.1 (edcfbbe)
O           -2.05475922054789       -2.94387283963278       -3.21237141725609
H           -2.73672823787776       -3.07608751643596       -3.87478018877432
H           -1.33279706119243       -2.49066962186095       -3.66138786740319
O           -2.10051543043636       -2.96604811707736        0.33253283595731
H           -2.95601959239711       -2.60643596111319        0.60996099247105
H           -1.94128583355342       -2.59219969501044       -0.55645704316413
O           -2.05066765863112       -3.01033021886207        3.37428822155119
H           -1.49296961520616       -3.19465383454744        2.60816072089054
H           -2.51477174952175       -3.82621925293547        3.56279641581378
O           -2.06733303937121        0.17214975332276       -3.18180662770712
H           -1.44894376644106        0.90948009636474       -3.38298754744847
H           -2.12697001698448        0.19204273214337       -2.18095201099426
O           -2.28941729531143        0.32272607501966        0.01733937419896
H           -3.02082715793743       -0.06166197365086        0.51649020714384
H           -2.11850067356853        1.19180929303060        0.38628144158753
O           -2.23438138174643        0.34109940016369        3.59997271827436
H           -1.83069875938667       -0.46344552150615        3.25213380597561
H           -2.27915630003882        1.00923714960662        2.92808854015652
O           -2.24463002664350        3.70964404892029       -3.05968005331981
H           -2.92281027890614        3.31088014993797       -2.63119180020144
H           -2.41420994407238        4.58135866507083       -3.34110101315715
O           -2.13125044699450        3.79861591073292        0.22178333798614
H           -2.12579640033886        3.76766526268890       -0.74833550478903
H           -1.18724957924376        3.91332143020987        0.46072859176360
O           -2.03132552728745        3.62656351959214        3.45647327700740
H           -1.80370080049552        4.40852396989490        4.02142475008913
H           -2.19710168607856        4.00453305989797        2.57269955145283
O            0.96156462732702       -2.94968516918203       -3.35618087122780
H            0.42027335906423       -3.37111911321449       -2.65082405793611
H            1.66845282272805       -2.44083485466044       -2.82987118520121
O            0.99733412189523       -3.05495845586667        0.24479299403039
H            1.42928176091163       -2.39546682594155        0.82595243432618
H            1.13503965651542       -2.73754215888677       -0.67852654518151
O            1.24459091999191       -2.94528856283561        3.52243999430035
H            0.37253193421345       -2.54537836110981        3.67574764728739
H            1.87290714812747       -2.38087925883830        3.97840924290971
O            1.10944253236515        0.46918286383324       -3.11901806820509
H            1.30705603236518       -0.32239176346587       -3.62157493882062
H            0.54237872275073        0.22716298728498       -2.38032127562181
O            1.04869544834545        0.39088834785628        0.08380534257295
H            0.89487205192035       -0.54628622041001       -0.10983355150895
H            1.83423857131962        0.66022160412867       -0.40313130606391
O            1.25265752211516        0.28533904629068        3.46727859188740
H            0.33824743226524        0.04070021127851        3.27437159420839
H            1.28222443418358        1.24282887099291        3.37803492151889
O            1.17092458603648        3.72890698145975       -3.18840121083960
H            0.99429034164156        2.78639248152059       -3.21313823944493
H            1.40263863198007        3.98512771176907       -4.08162855730831
O            1.05479708807869        3.99485411588317        0.36188019191640
H            0.67633558229027        4.34374260517019       -0.54182890442833
H            2.00698935582334        4.26385292282533        0.27391407583221
O            1.17358403162051        3.77609076286276        3.54407252448969
H            1.40316464013452        3.88355946560653        2.59980512892566
H            0.20632574339820        3.63902514412071        3.54524800810916
O            4.61006873118785       -2.89722620573525       -3.42601944313511
H            4.46314583501742       -3.86903763144085       -3.46076925180839
H            5.49053271565682       -2.81642820295046       -2.99130065594267
O            4.62708602621750       -2.97759298819483        0.13286328243856
H            4.47959482506133       -3.27132681470019        1.02779769399978
H            5.44661277765437       -2.47778423941784        0.11176580581604
60
 energy: -101.506089766999 gnorm: 0.139258520619 xtb: 6.7.1 (edcfbbe)
O           -2.03938833162847       -2.93906880530545       -3.20225424372097
H           -2.74473221509037       -3.07832097419502       -3.85479772952225
H           -1.32496831833279       -2.48094821507901       -3.67321693717786
O           -2.12714146136593       -2.97057220128086        0.30676344686482
H           -2.95082056180893       -2.60466689780336        0.61345500755033
H           -1.92613692122986       -2.59471982915194       -0.53233247571024
O           -2.03372020579565       -2.99911242089156        3.35434195372641
H           -1.49299563143398       -3.20290067827376        2.57621034468670
H           -2.50930768231558       -3.81416510498224        3.57201925894468
O           -2.08055388605920        0.22267428387231       -3.14562495948334
H           -1.44419917947710        0.89558529033338       -3.37809125188816
H           -2.11326213390763        0.16461284412719       -2.19154379236917
O           -2.29658881668408        0.31965370736333        0.00238562551044
H           -3.02198294412941       -0.05234345320027        0.51864962429903
H           -2.10826491913811        1.20015574105756        0.36530879502381
O           -2.23248120123700        0.33911232396739        3.60781919224166
H           -1.85390803966492       -0.48036617257176        3.24242167574403
H           -2.26705427980071        1.01450789710897        2.93693006488014
O           -2.22224477246084        3.71589459283589       -3.02575016263273
H           -2.95859700324992        3.28437807119467       -2.65885446020376
H           -2.41515861909033        4.57661991259769       -3.33577069834001
O           -2.11449032417620        3.79282279711258        0.22903126219771
H           -2.11124363356774        3.76263146918802       -0.74242756989101
H           -1.17203033952303        3.90017812270565        0.46744664794217
O           -2.03617881468167        3.65041329254311        3.44624076045227
H           -1.79343501822082        4.39696690264019        4.01060784816674
H           -2.19194270079385        3.99773521199176        2.56762176671591
O            1.02256163377273       -2.98300249592709       -3.25782095778484
H            0.40783424526392       -3.36495649357880       -2.68328421796132
H            1.62329193435336       -2.42648498192799       -2.89298566133668
O            1.03033381809330       -3.04878127620313        0.23194037375662
H            1.42555649445991       -2.41060031541887        0.83735185258654
H            1.12287483582441       -2.73524207321222       -0.66191178849774
O            1.24850270965240       -2.93631821052663        3.51654162779161
H            0.36631922811560       -2.55470127854585        3.68108700058829
H            1.86578334546968       -2.36174181593405        3.97864970672757
O            1.11650712765416        0.48748387323853       -3.09471080118665
H            1.29124826622804       -0.30568105359058       -3.64302618084733
H            0.52694909077176        0.21832720263649       -2.37385240930985
O            1.03692324448906        0.39352632248193        0.07671726858193
H            0.89010594423976       -0.54194378978581       -0.10407208332344
H            1.83852787375821        0.65274535328818       -0.39839675408063
O            1.25648563096241        0.27787093303820        3.45448420563818
H            0.33123996448077        0.05318284895497        3.27525240189796
H            1.29354248051529        1.24836772754092        3.39529426932720
O            1.16500424204253        3.72875437074344       -3.18065177074805
H            1.00879740081844        2.77710446376552       -3.20350701200552
H            1.40162979502228        3.98177457053942       -4.07441137983302
O            1.06997929942297        3.99832919080843        0.30325839186289
H            0.66410910224744        4.35293033001827       -0.50334468834837
H            2.00321559159165        4.26068147516930        0.27735419697064
O            1.16167987012641        3.75961588894925        3.52972098048015
H            1.38741501136468        3.87634278825259        2.59300412446284
H            0.19905386363004        3.62206115767123        3.54660439432642
O            4.60657065080952       -2.90616692600213       -3.40066378435642
H            4.45730760567432       -3.85866338355640       -3.47209078789518
H            5.48101458480847       -2.80597625102893       -3.00718864078578
O            4.62732529086578       -2.97070153432408        0.12283313964088
H            4.46672536098223       -3.27383327685008        1.01798806372825
H            5.45147494734562       -2.47438578859177        0.12316304592522
60
 energy: -101.500441301003 gnorm: 0.179449621484 xtb: 6.7.1 (edcfbbe)
O           -2.03499284507627       -2.93801940851878       -3.20417209311288
H           -2.73145265993586       -3.06765383511423       -3.84621923713759
H           -1.32851567933825       -2.47849107708230       -3.66346992427802
O           -2.11731110761350       -2.94636595166840        0.32565079431954
H           -2.95359043321157       -2.60629966885192        0.61329391390685
H           -1.94337484248308       -2.62155540775374       -0.54950446131373
O           -2.01276521934858       -2.99586240195018        3.34652191740382
H           -1.49729002450700       -3.20198556718916        2.54526093283059
H           -2.49886776767994       -3.79774076500739        3.56573638896315
O           -2.07386567095736        0.25205796265503       -3.10968740778592
H           -1.44602339036261        0.89128449957641       -3.37953316726564
H           -2.11196047546287        0.15017424064682       -2.19709094446192
O           -2.31253176824636        0.34249876390173       -0.02314466783542
H           -3.01069121084996       -0.05136941896166        0.51558241599515
H           -2.10020681325096        1.19826794475465        0.35921686946439
O           -2.23955083881901        0.31658794734396        3.59854008803924
H           -1.86489916948730       -0.49295000445228        3.24497279112324
H           -2.25426483205491        1.03526698773615        2.94972609111815
O           -2.13231940504788        3.74082817147981       -2.90453716054691
H           -3.04377696352898        3.24443862851386       -2.71127924302931
H           -2.43419574550819        4.56900307154056       -3.37204008802622
O           -2.07078700273187        3.75260944291698        0.21637093255487
H           -2.10410422830535        3.76760615242984       -0.73636471291109
H           -1.17541502194730        3.90246952062611        0.47218169648734
O           -2.01836138562064        3.67154109290667        3.43814019130643
H           -1.78064979407370        4.38372833386299        4.00504582279388
H           -2.21014266170879        3.99750500335628        2.55315137781240
O            0.92577725603843       -2.90940526482198       -3.35508551860447
H            0.41597829789970       -3.39431147974661       -2.64466549770654
H            1.71570465486858       -2.47683719560882       -2.82889304882441
O            1.04837531630796       -3.03182964138614        0.22146113560830
H            1.41273598366711       -2.43495907435760        0.86131843364080
H            1.13583563580041       -2.73856808982700       -0.66038314309135
O            1.23959913291953       -2.92827845741603        3.53776702907425
H            0.37058729780020       -2.55849595706602        3.66599427612136
H            1.86380197510082       -2.34364721378680        3.97055275090239
O            1.10561006473037        0.47903131902272       -3.09457888255461
H            1.28407653365447       -0.29978807979519       -3.63256976572811
H            0.51835931163074        0.23608908434478       -2.37467078221258
O            1.04437595851424        0.38533109322492        0.06810548523437
H            0.87276399993379       -0.54424883056962       -0.08844984492910
H            1.82960964602243        0.65947891409822       -0.40227932181124
O            1.24890869000568        0.28843955929781        3.46093414656255
H            0.33758185476651        0.05807935936831        3.27557724475926
H            1.30506686914070        1.24714890285783        3.39322380932382
O            1.16454011976347        3.72325127697781       -3.17370190784323
H            1.01987825604830        2.76610998516347       -3.18912558486879
H            1.39823157327614        3.98165592554064       -4.06684741536117
O            1.07041234148216        4.02779093212165        0.28013936665920
H            0.67983007933218        4.34180943971810       -0.50199918008846
H            1.98620254921653        4.26012239578895        0.28077226656923
O            1.13780756489081        3.72307676649000        3.49331914399666
H            1.38039759032958        3.87725149236532        2.59741334191289
H            0.19535909177477        3.61497529595740        3.55742116399849
O            4.60829543804540       -2.93327343545153       -3.35591072284044
H            4.45034966104859       -3.83874934085672       -3.49423802755695
H            5.46299048120951       -2.79173817991169       -3.02591525929141
O            4.63360423454072       -2.96316576537663        0.11900461863427
H            4.44572364547570       -3.28297534948980        1.01250838521201
H            5.45659838191517       -2.47026938457168        0.12736730868836
60
 energy: -101.520578822247 gnorm: 0.089452684789 xtb: 6.7.1 (edcfbbe)
O           -2.03073039475501       -2.93726400346741       -3.19976095103042
H           -2.72465122011517       -3.06105783659308       -3.83792984059359
H           -1.32806885583033       -2.47646946773944       -3.65709793244897
O           -2.08141299225319       -2.93408717048434        0.36953183510258
H           -2.97155740169008       -2.61009689144265        0.60018118912926
H           -1.96363029419454       -2.63895640731073       -0.57909775519494
O           -2.00428104500468       -2.99236954116841        3.33496468722885
H           -1.49939935458426       -3.19681585237965        2.53157058436000
H           -2.48449055262723       -3.78946832438402        3.55609452271133
O           -2.04241771362958        0.17740822407559       -3.14222178796792
H           -1.45243325394661        0.92586202916112       -3.36364665621571
H           -2.13229712937418        0.19993709392470       -2.15498172615395
O           -2.31351093581572        0.34528394453803       -0.03176785656416
H           -3.00799114975070       -0.04521599820556        0.51040823029427
H           -2.10192665588933        1.19812601456410        0.34894624697394
O           -2.24098918558940        0.31148085877716        3.60288548491065
H           -1.87684554795433       -0.49588050115927        3.24041279198447
H           -2.24739380762553        1.02840599309784        2.95617349780768
O           -2.18269879163608        3.71814514315046       -2.94279192174465
H           -3.01061685955689        3.25559615824414       -2.67423345806251
H           -2.42342872541153        4.56221652153322       -3.34866342595478
O           -2.06566420874579        3.75310399763288        0.21771705826507
H           -2.09105768230630        3.76338055019602       -0.73753903266400
H           -1.15751127714982        3.88291805543086        0.47411949622054
O           -1.98991995117604        3.64526758476681        3.42541288774765
H           -1.79809020531867        4.40120061090464        4.00026457001128
H           -2.21306046957564        4.00518760548153        2.54627430245065
O            0.96519509470875       -2.93491240180387       -3.30325520193254
H            0.40880610810394       -3.38820741723278       -2.66366415080861
H            1.68971235011351       -2.46165884243055       -2.86217356097284
O            0.99328537144829       -3.04294511793893        0.23672405418709
H            1.42802537490483       -2.44913059253131        0.87275562911117
H            1.18906624228798       -2.71540648138742       -0.67483368241252
O            1.24392482573457       -2.92298288577908        3.53458883626208
H            0.36490837188789       -2.56860298701711        3.66904769158615
H            1.85654896256019       -2.32624586979632        3.96894770791306
O            1.10188076956575        0.48486575594653       -3.09630280036286
H            1.27352228108299       -0.29181431762102       -3.61913148664665
H            0.51418523242977        0.24330391705590       -2.37781216322836
O            1.03253714460723        0.39527792453346        0.06202636424099
H            0.87527817143944       -0.54504591518804       -0.07964863546401
H            1.83000960581578        0.65179455532043       -0.40199917784216
O            1.24945023640270        0.29034748401837        3.46154628565744
H            0.33604972941128        0.06569066855973        3.27875036285523
H            1.30834084734984        1.24400056728563        3.39541224182510
O            1.16618297575488        3.71948708211384       -3.16664577939784
H            1.02818428532002        2.76355747237547       -3.18232255384901
H            1.39615083549482        3.97792678879798       -4.06056249141553
O            1.06272786302739        4.03643473493055        0.29560965656721
H            0.68485882362237        4.33572425352197       -0.53097213645167
H            1.98383042749666        4.26182980063963        0.27954736552601
O            1.13461168182326        3.72457696579146        3.49348418912034
H            1.35875106668935        3.86112342798644        2.57850254150868
H            0.18704047841742        3.59304941999344        3.55657443989020
O            4.60539906246462       -2.90482658985182       -3.39514919712247
H            4.43032678755644       -3.84083589609708       -3.47793309253922
H            5.47065128391735       -2.80158328285710       -3.00335479304023
O            4.63110262277458       -2.95771749296699        0.11474452113875
H            4.44209275135599       -3.27853161745912        1.00330622602673
H            5.45650052592904       -2.46770624206030        0.13488286946713
60
 energy: -101.497673704096 gnorm: 0.211713620908 xtb: 6.7.1 (edcfbbe)
O           -2.00831602247503       -2.93812057144421       -3.18409633715373
H           -2.73744759731038       -3.06021155251695       -3.80928848976746
H           -1.32098454042722       -2.45786703260128       -3.67011727020202
O           -2.16975806455515       -2.98009043917835        0.27458143208299
H           -2.95032941189194       -2.59996290313812        0.61869587857229
H           -1.90254892608534       -2.61500945011604       -0.50495260236135
O           -1.98152684682728       -2.97852849774935        3.31050434763576
H           -1.50333731314321       -3.19157758082591        2.49778991126491
H           -2.46556747227973       -3.77234060507553        3.55360473286353
O           -2.07073432747343        0.24333909948481       -3.10652857148683
H           -1.43813694127249        0.90694360339047       -3.35119733049695
H           -2.10877978127843        0.16518820291687       -2.15608187131670
O           -2.32542455257013        0.34905587357054       -0.06061125926757
H           -3.00394902677590       -0.03163189218609        0.51183854423796
H           -2.09325251364595        1.20522667077958        0.32748518949962
O           -2.22330441650209        0.33032925671041        3.62650208239406
H           -1.91369957837558       -0.51238588620863        3.22229725548379
H           -2.23695351036645        1.00434014584235        2.96323251773437
O           -2.22782120998777        3.69135001249201       -2.96152518861242
H           -2.97939653243325        3.27349729718688       -2.64538571812254
H           -2.42590659557332        4.53273124914045       -3.32810303125271
O           -2.08364634919474        3.79037128702922        0.23487430550280
H           -2.05776863079987        3.74645589373425       -0.74364690287922
H           -1.10981308868595        3.82521146761870        0.48089886158347
O           -2.00282387232589        3.66487873736931        3.40547794304803
H           -1.79579243166090        4.39762010480796        3.98196604664512
H           -2.18155045692451        3.98640573917296        2.54340011346446
O            0.97697820284218       -2.93384853183826       -3.30058900541154
H            0.43797787636437       -3.39420954102200       -2.65523725138452
H            1.66238239931466       -2.46446018628466       -2.87035101749644
O            1.07757529297971       -3.04280879754755        0.21503857893884
H            1.40935927332177       -2.46217842521321        0.87933641966325
H            1.14836516003590       -2.71036659510809       -0.64244435237956
O            1.26316688827378       -2.90927586604720        3.50802743405453
H            0.34780877860683       -2.59140591052009        3.68682941015435
H            1.84122956753815       -2.28962999724259        3.96913047417883
O            1.11951845047318        0.51082498035664       -3.06541170252982
H            1.24126289200100       -0.27414491719654       -3.63144820042155
H            0.49535281950056        0.23297161324292       -2.37453433774605
O            1.00458037038743        0.41137335201685        0.05323791822288
H            0.87893427801789       -0.54195288599904       -0.06710016586267
H            1.83465618344830        0.62979033882407       -0.39754646561595
O            1.25949947361536        0.27889662263638        3.44031872770454
H            0.31943264302547        0.08940609867706        3.28222561493222
H            1.32053611581042        1.24790363567916        3.41629379172687
O            1.17026739482577        3.71112307582815       -3.15189731003590
H            1.04187884436192        2.75782168757453       -3.17292324001828
H            1.39164422165643        3.96838290184162       -4.04856464807178
O            1.01375105731069        4.06414602571059        0.38144475909753
H            0.70372766325213        4.33776562979911       -0.61368441499990
H            2.00688535312716        4.24497779199474        0.24885890264018
O            1.13889108788614        3.75536815308702        3.51539131050829
H            1.31311618272673        3.81986594479108        2.53459246477785
H            0.16831992096511        3.54111398667165        3.54865444977818
O            4.59478947420696       -2.86448722877489       -3.44980115649865
H            4.40560995912111       -3.84688180701432       -3.45321735909324
H            5.47566768620355       -2.81510018302578       -2.97309603317846
O            4.62296150206113       -2.95144621298928        0.10550362095629
H            4.44072398818795       -3.27063741036440        0.98587431543843
H            5.45478153938413       -2.46744031275218        0.15138899887685
60
 energy: -101.528585354563 gnorm: 0.065584183051 xtb: 6.7.1 (edcfbbe)
O           -2.00458858596760       -2.93645644346446       -3.18097746390054
H           -2.73357196033470       -3.05669922890081       -3.80037201912038
H           -1.32041512900726       -2.45638585456277       -3.66543398948562
O           -2.13964449879446       -2.96096452297004        0.31907293700098
H           -2.96438291610729       -2.59948340172642        0.60918468614397
H           -1.92169601768040       -2.63810803480306       -0.53997542765258
O           -1.97304754045045       -2.97305069948615        3.30090769323088
H           -1.50271748042964       -3.19088363229442        2.47961517802286
H           -2.45870210577539       -3.76519445017603        3.55236069024452
O           -2.05530262627210        0.22690877541128       -3.10163006876366
H           -1.44458825976652        0.91967954402995       -3.34255887140045
H           -2.11435476785257        0.17711049664114       -2.14960842109037
O           -2.32606680203613        0.35343546433225       -0.06391769641205
H           -3.00298603277094       -0.02845333498623        0.50562628660581
H           -2.09132586904631        1.20864165250439        0.31722851052653
O           -2.23129293616469        0.31260444791605        3.61971135849882
H           -1.91122148270690       -0.51350038559248        3.22927488370585
H           -2.23239971905373        1.01156054616288        2.96689255464581
O           -2.20035844872334        3.69708309005456       -2.91962058165820
H           -3.00824867880833        3.25570691491255       -2.65611693785693
H           -2.43075410218995        4.53000780798947       -3.33813450077812
O           -2.05390346732963        3.76303092950998        0.22961114158378
H           -2.05322548649004        3.74621710300404       -0.73744935892062
H           -1.11494780435214        3.83369687441696        0.48113164681387
O           -1.95783473736405        3.63449106835939        3.40014309155855
H           -1.80959924055659        4.41427217647324        3.98141333740970
H           -2.20270127652851        4.00212920231311        2.53140840768611
O            0.96161970853804       -2.91904648433579       -3.30730406283679
H            0.43642877870929       -3.39865635001234       -2.65373764050776
H            1.68568749767662       -2.47595533299267       -2.86553558768258
O            1.02676276388179       -3.04616423949482        0.22254731672957
H            1.42956535678151       -2.48045541592079        0.89574574495941
H            1.18922786251794       -2.69111468134941       -0.65657660212663
O            1.25724517898162       -2.90414012974817        3.51558355925938
H            0.34898752132504       -2.59352823460067        3.67806631837064
H            1.83580354453222       -2.27906187038011        3.96496114342674
O            1.11032856396535        0.50877781038271       -3.06515567065968
H            1.23879476211881       -0.26867407272646       -3.62928135266606
H            0.49252861061868        0.24343411907385       -2.37132001235859
O            1.00783098619814        0.40772449546183        0.04967880446537
H            0.87024631430518       -0.54131709314149       -0.06009383453436
H            1.83018037084977        0.63262453826002       -0.39896052181959
O            1.25594334721995        0.28252571106803        3.44189359069976
H            0.32010757891393        0.09252859429257        3.28564728084980
H            1.32538803175160        1.24835822270408        3.41815971894855
O            1.17113895612602        3.70823386460092       -3.14631809196111
H            1.04788710194070        2.75148496724946       -3.16340393716417
H            1.39027341408364        3.96747416840572       -4.04294315755668
O            1.04252527128199        4.05900235164403        0.30662200505263
H            0.69342350565449        4.33623590522663       -0.57387787786746
H            1.98551718745935        4.25222974845533        0.27244479793320
O            1.11755494893969        3.71533600199359        3.48451891596629
H            1.31008573841783        3.82677975438161        2.54573337506127
H            0.16754691207999        3.54803214253509        3.55270716031323
O            4.59408881362960       -2.88814517079383       -3.40843009043539
H            4.40908454012515       -3.82968677249498       -3.47303243926739
H            5.45898626577852       -2.80140666039109       -2.99590230366695
O            4.62606690015240       -2.94657110151302        0.10188914485349
H            4.42984768806736       -3.27399770155815        0.98302017839840
H            5.45623647992930       -2.46358192935199        0.15078218118418
60
 energy: -101.491655137260 gnorm: 0.285486633217 xtb: 6.7.1 (edcfbbe)
O           -2.00196656060085       -2.93182977461896       -3.17610190128921
H           -2.71348283589986       -3.04377375079322       -3.78624269803911
H           -1.32237781103034       -2.45848551779082       -3.64413812914647
O           -2.04399395845470       -2.90556334299357        0.43274279415054
H           -3.01344786339093       -2.61478241033295        0.56308526334559
H           -1.97584933069698       -2.68865011656789       -0.60860636295998
O           -1.95272979201225       -2.96469025869883        3.28017921857381
H           -1.50660834942964       -3.17997185084740        2.44838562301877
H           -2.43383032280497       -3.74565912886296        3.53657643137434
O           -2.00108974661721        0.14302878823528       -3.11720346047648
H           -1.46415463323760        0.96469516430305       -3.31405883013128
H           -2.14101019567393        0.23551763275528       -2.11624211968355
O           -2.33116316001508        0.36620122203586       -0.07789300067067
H           -2.99561655788881       -0.01808354153203        0.49629082403927
H           -2.08809870595325        1.21332626476699        0.29393002052362
O           -2.23500633189463        0.28904055905206        3.61567599428085
H           -1.92635294623516       -0.52207995105789        3.23186906035350
H           -2.21524211301602        1.01795486329004        2.97994961215848
O           -2.19419434833301        3.69607120964627       -2.86910336593656
H           -3.02744066601733        3.23264280632916       -2.65846649948585
H           -2.43047655542372        4.51679359462338       -3.33168700424003
O           -2.00839832180516        3.73101601673135        0.22318222272475
H           -2.03626998345336        3.73756866808693       -0.73039404716098
H           -1.11158225174319        3.82891825277432        0.48059853014796
O           -2.04805296993798        3.77518286677717        3.39429461333330
H           -1.72551717219401        4.33012375054633        3.95115470553105
H           -2.15909955636288        3.94216287716318        2.52009369297842
O            0.93258162236318       -2.88699819258893       -3.30957471829078
H            0.43413255818643       -3.39606520236615       -2.65980318290666
H            1.73179865875620       -2.51114612532119       -2.85802451609797
O            1.03601074623595       -3.03173440373491        0.21943446865146
H            1.42276437630339       -2.50143269812171        0.90877332435058
H            1.21095095125333       -2.68948610426657       -0.64537781999817
O            1.24274289659980       -2.89362575851672        3.53428028269750
H            0.35604320016969       -2.59697030303315        3.65290087681106
H            1.82117657346191       -2.25295488799700        3.95357875138655
O            1.08903273817709        0.50684550150604       -3.07004780717669
H            1.22946267230618       -0.25476768464585       -3.61007935813466
H            0.48771036651022        0.26400345985678       -2.36803788099512
O            1.00807811963424        0.40409462210436        0.03886807468626
H            0.85526633845476       -0.53957368947939       -0.04088244479409
H            1.81978072330023        0.63101110993413       -0.40044139292905
O            1.24582617575941        0.30005364469506        3.45290220164667
H            0.33049764185500        0.09962152002007        3.29158640090073
H            1.32978481726766        1.24515550798427        3.41366258357254
O            1.17319072099882        3.69913407613222       -3.13221668011132
H            1.06286596392542        2.73951735617267       -3.14338222614893
H            1.38610390696616        3.96176291773321       -4.02910614296085
O            1.03700263423607        4.08444782241936        0.25945917526981
H            0.69379879796664        4.34189023404429       -0.53429383219503
H            1.98222055147479        4.22617250939012        0.25151421914108
O            1.09301091448850        3.70673228436750        3.46307875590580
H            1.27648514201769        3.80514842724586        2.53343902484611
H            0.15279026460889        3.51323316536332        3.55250836242918
O            4.59865749015162       -2.87946349136347       -3.43888523691410
H            4.38907281643011       -3.81579865809491       -3.45654443382406
H            5.44016682247367       -2.80681192607348       -2.98261598556244
O            4.62831424031895       -2.93708056677388        0.09532694700772
H            4.41254201068243       -3.27628578959064        0.97081924773076
H            5.45625211678043       -2.45862831002335        0.15522489469098
60
 energy: -101.533982859522 gnorm: 0.067977064071 xtb: 6.7.1 (edcfbbe)
O           -1.99493605091378       -2.93337026240672       -3.16888141804148
H           -2.71924339043095       -3.04245084016279       -3.77974578337177
H           -1.31723724779893       -2.45202757226380       -3.64458380196213
O           -2.10283703763862       -2.93251206881746        0.36775828241229
H           -2.98671687928968       -2.60581961195738        0.58144338129770
H           -1.94515174621583       -2.67539070945219       -0.56562764033608
O           -1.94223017677123       -2.95813681299981        3.27450460702103
H           -1.50703093247818       -3.17635378495485        2.43297447051737
H           -2.42952818391230       -3.74021395366468        3.53704619979943
O           -2.01902604810124        0.18944528689573       -3.09379871451337
H           -1.45509240790436        0.94629286614611       -3.31286798774638
H           -2.12867316774421        0.21240421456483       -2.12415861072228
O           -2.33503996172300        0.36844697121431       -0.08869139610130
H           -2.99494180379373       -0.01624031727387        0.49706596418825
H           -2.08521770830610        1.21851151196255        0.28704620298141
O           -2.23013035993658        0.29580047996989        3.62240973972746
H           -1.93652833482492       -0.53396307840266        3.22660351478090
H           -2.21186655608046        1.01403414229479        2.98310770933033
O           -2.19376985241665        3.69220828443211       -2.86174018311063
H           -3.03244601203100        3.23003848157567       -2.66092619189005
H           -2.43064900829447        4.50826648658185       -3.32206279143715
O           -2.00834373812269        3.72877305326979        0.22626828443507
H           -2.02904722376457        3.73574973829001       -0.73281149565762
H           -1.09500453188153        3.81892239430987        0.48314077758006
O           -1.98818890518951        3.69337539142872        3.37524543663006
H           -1.76355304550691        4.38202204784830        3.97881780763686
H           -2.17582955606035        3.97035296373456        2.49723078721559
O            0.94515012617119       -2.89327382093559       -3.30237676044630
H            0.43855183331939       -3.39537527710574       -2.66062910487623
H            1.72025642990760       -2.50760145762685       -2.86466029682377
O            1.01175894434794       -3.04055145127836        0.22464972558629
H            1.43170797248665       -2.50908089409746        0.91613841193015
H            1.23501415577592       -2.67568889299566       -0.65060605218967
O            1.25122673258249       -2.88989217442415        3.52669389114002
H            0.34577059880916       -2.60362912829944        3.65586038696883
H            1.81735486296242       -2.23902364555282        3.95251860725221
O            1.09082613674132        0.51593338083077       -3.06129301583146
H            1.22236201738867       -0.25258916799955       -3.61553983714585
H            0.48106309446835        0.26516662782499       -2.36285936706559
O            0.99800769412271        0.40972920901790        0.03764372373926
H            0.85410918457177       -0.54050572678009       -0.03600356001324
H            1.82341651766091        0.62602274779634       -0.39996222831529
O            1.24902923623677        0.29529632886218        3.44808983097667
H            0.32266367868912        0.10516847821762        3.29250120986251
H            1.33551875955942        1.24974026751478        3.41854774772454
O            1.17393514909678        3.69628110201895       -3.12711757030046
H            1.06846285468993        2.73562098416835       -3.13894740397863
H            1.38471784615834        3.95892006767656       -4.02483413113617
O            1.02876006203475        4.08856984584190        0.29346261576766
H            0.69954054671177        4.33255248378665       -0.58160394159373
H            1.98102049012798        4.23392439705275        0.25530440118884
O            1.08812687006132        3.69372438079978        3.45931538981239
H            1.26696616703261        3.80089669277674        2.52479400453550
H            0.14641360457908        3.50871295235942        3.55246241173830
O            4.59128771175474       -2.87711460138953       -3.43123056042737
H            4.38609591808618       -3.81570394679151       -3.46145921716428
H            5.43916018392369       -2.80144685867922       -2.98473653715084
O            4.62676946547972       -2.93452621636261        0.09157911034932
H            4.40868869732461       -3.27512772046800        0.96565270659279
H            5.45758885426009       -2.45661900792308        0.15979337862893
60
 energy: -101.506948611675 gnorm: 0.221452667187 xtb: 6.7.1 (edcfbbe)
O           -1.97701158635384       -2.93570297004653       -3.15556143867466
H           -2.72153027371376       -3.03445273722399       -3.75324725245937
H           -1.31314875221951       -2.43761842364920       -3.64178915152514
O           -2.08019631029135       -2.91479490506290        0.38739021622801
H           -3.00873418426230       -2.62130912143855        0.55046740820681
H           -1.95189835733365       -2.69342086327240       -0.56295448436327
O           -1.91708665715201       -2.94050655225952        3.24926089965481
H           -1.50928980401046       -3.15630624188709        2.40113763815363
H           -2.40073448661214       -3.71687558912956        3.52426303292281
O           -2.01009991402960        0.20140500422035       -3.06995881379223
H           -1.45731638302474        0.95209865239568       -3.29313336918048
H           -2.12489746484818        0.21062717768170       -2.11699650340446
O           -2.34220151412424        0.37985197021781       -0.10892220426904
H           -2.98735713231036       -0.00424455199045        0.48793647118856
H           -2.08501736372371        1.22935544932789        0.26389917599922
O           -2.23538551425407        0.27727491467733        3.62615591196650
H           -1.93884173512354       -0.52735967923552        3.23024068899764
H           -2.20080727683124        0.99573982356552        2.99300771815336
O           -2.21409596049624        3.67605794541058       -2.83555087597383
H           -3.02462441027686        3.22389300712301       -2.64625962542854
H           -2.43055385761714        4.48077218533197       -3.30862852149318
O           -2.00618349898806        3.74652125069761        0.23517232332758
H           -2.00137075918876        3.72040473577577       -0.73613398537421
H           -1.05271896162348        3.76898933763885        0.48386532989558
O           -1.82432740166537        3.54481413821757        3.36398305492269
H           -1.80686056851034        4.44884834570400        3.94744008835233
H           -2.27702808757695        4.04082634941227        2.49183993930667
O            0.94432680725384       -2.86766590729991       -3.29978133088040
H            0.46506277584076       -3.41446525345165       -2.65168659129300
H            1.71513828634022       -2.51780117204763       -2.87647880033441
O            1.11970762262119       -3.02210784813661        0.19773988605278
H            1.40269093671672       -2.52055885096760        0.92119425861260
H            1.18429413535877       -2.68937981133490       -0.60769483875174
O            1.26585041780679       -2.87101345469060        3.50366024770732
H            0.33291256278600       -2.62590119451196        3.65874549257582
H            1.79827185726614       -2.19853576834733        3.94798774446308
O            1.09554672673481        0.53282791868406       -3.03754940565414
H            1.19564199371423       -0.23581808885108       -3.61543461181891
H            0.46377159457609        0.27260035515390       -2.35477435133418
O            0.98503860495788        0.41334878254570        0.03060268833294
H            0.84307739227052       -0.53655529907703       -0.01665122836291
H            1.81861349825646        0.61377310917177       -0.39780064822049
O            1.25275308423382        0.28874693971704        3.42467241558985
H            0.30390961516563        0.12802292001309        3.30167573864793
H            1.34687291523357        1.25307194467964        3.43357286563911
O            1.17901996552732        3.68296187777464       -3.11105054142664
H            1.08213113599137        2.72426611400410       -3.12439234992253
H            1.38068491308625        3.94837561930391       -4.01029831271743
O            1.02191008198341        4.10814360478450        0.28036415650375
H            0.69901231766929        4.32674118447825       -0.59770362478600
H            1.97664222182246        4.22763330760350        0.25214125372935
O            1.07160444763272        3.68104577959979        3.44614202119470
H            1.22976771505742        3.77514851815991        2.49847246322804
H            0.13144528714067        3.47607630976827        3.54936194898492
O            4.58141984713257       -2.87538590039546       -3.42268048002320
H            4.37223241532944       -3.80431005435801       -3.46573058990855
H            5.42393110590834       -2.79173788463694       -2.98322759834482
O            4.62277243233606       -2.92593588909260        0.08549593356000
H            4.40157786363024       -3.27022960473280        0.95070530387503
H            5.45474816877212       -2.45359569571252        0.16939233374262
60
 energy: -101.541228050819 gnorm: 0.068045551364 xtb: 6.7.1 (edcfbbe)
O           -1.97259689504628       -2.93718608149666       -3.14884327066557
H           -2.72245361880905       -3.03209467331431       -3.74299806540590
H           -1.31193157681154       -2.43384816230778       -3.63743597590780
O           -2.11633685712304       -2.92900714278737        0.34949640982923
H           -2.99180904915209       -2.61452567494832        0.56181302390561
H           -1.93288948841995       -2.68928581813929       -0.54283786719268
O           -1.90608859701811       -2.93479477618281        3.24285792369830
H           -1.51183120499877       -3.15364805514036        2.38433332228528
H           -2.39454161209233       -3.70974151032668        3.52431097870247
O           -2.00615733631736        0.20197829629061       -3.06429288802206
H           -1.45672092639813        0.95636737792207       -3.28627553540910
H           -2.12512858892139        0.21210027678044       -2.11094573424697
O           -2.34555494813501        0.38528317812237       -0.11731115333256
H           -2.98439895720300       -0.00049876718765        0.48736015105717
H           -2.08292714785536        1.23331618516049        0.25641078653740
O           -2.22583789641904        0.28243783587582        3.63281929383823
H           -1.95277145617565       -0.54238586383500        3.22413276407949
H           -2.19499524139177        0.99437078949298        2.99564699520729
O           -2.21061555745745        3.67459521021400       -2.82020766910175
H           -3.03443887298655        3.21549138018237       -2.64944315111564
H           -2.42895671673773        4.47577251663279       -3.30152455957122
O           -1.99198644801584        3.73232638255930        0.23548981642421
H           -1.99546646812058        3.71896308565805       -0.73279390588871
H           -1.04995406503172        3.76777844590906        0.48443488227197
O           -1.89656441157777        3.62678341383534        3.36154288986546
H           -1.77038098111418        4.40429620589327        3.93242947759894
H           -2.22977202181713        4.00095980202621        2.49266543560366
O            0.93851682043375       -2.86297346973457       -3.30098807402428
H            0.46430665270787       -3.40698694388750       -2.65494073829950
H            1.73119343218959       -2.52701006153126       -2.87430492580898
O            1.02039788111398       -3.04199977248740        0.21919185547937
H            1.42869571153938       -2.54486295276589        0.94330340957753
H            1.26632257975979       -2.64562969872544       -0.64230587436023
O            1.26371717759777       -2.86640191011573        3.50232692503279
H            0.33127964596564       -2.62827308006772        3.65412031361864
H            1.78955180971521       -2.18755145425251        3.94393496695920
O            1.09324569071556        0.53654010020091       -3.03480578213398
H            1.18978470272500       -0.23096363895348       -3.61407972606656
H            0.46114531652150        0.27710126729722       -2.35245561033148
O            0.97723877509816        0.41731729547404        0.02558483281104
H            0.84042272744273       -0.53574823985664       -0.01052300431356
H            1.81924582800545        0.60925884799512       -0.39708595743902
O            1.25159356971334        0.29051126726083        3.42456771602282
H            0.30293307313364        0.13266656834428        3.30586107797916
H            1.34864456451029        1.25390971851739        3.43681362220741
O            1.17925905528520        3.67983535852023       -3.10431365440659
H            1.08805599212038        2.71949290249361       -3.11707082682465
H            1.37939370499140        3.94476281751078       -4.00397509101139
O            1.02270625019782        4.11036642075416        0.27701930906792
H            0.70357751264655        4.31755704813262       -0.61188636871957
H            1.96815657649144        4.23058839831190        0.25869085459699
O            1.06331950955322        3.66659461014340        3.43601977713077
H            1.21968720547175        3.77227776984019        2.49527845738125
H            0.12671748832971        3.47040888837627        3.54742547935733
O            4.57843121540666       -2.87358237663511       -3.42445498468939
H            4.36676623012377       -3.80174968612750       -3.46648863366545
H            5.41911061024538       -2.79016625570954       -2.98248921680500
O            4.62318471056542       -2.92356850947949        0.08017457046797
H            4.39503853665996       -3.26966835397372        0.94487907725261
H            5.45452891416074       -2.45118147175785        0.17205696891042
60
 energy: -101.529734562365 gnorm: 0.193468624082 xtb: 6.7.1 (edcfbbe)
O           -1.96959196254385       -2.93791571350896       -3.13587297637875
H           -2.71451658331784       -3.02253311468236       -3.72512210378126
H           -1.31281994155368       -2.43050329926967       -3.61378853860371
O           -2.09794809481025       -2.90728057427487        0.40101887011697
H           -2.99214764596136       -2.58301220744342        0.55778213190507
H           -1.95609295010813       -2.74665913394129       -0.60136101608301
O           -1.87574909120211       -2.92240749054201        3.22676702498301
H           -1.51778704249589       -3.15349227800748        2.33553229070467
H           -2.38120650640526       -3.68918387230616        3.52581248384978
O           -1.99946962458101        0.21585883810101       -3.04520955783155
H           -1.45076059027489        0.96041162007717       -3.27231508446518
H           -2.12840117356029        0.21196577501834       -2.09884063832779
O           -2.35496514854216        0.40003732293069       -0.14070085406948
H           -2.97804427273377        0.01031190431398        0.49124485526089
H           -2.07155041665348        1.24436268933687        0.23327411762935
O           -2.21074857423055        0.28266119137777        3.63968874712617
H           -1.99073272676977       -0.58530852048320        3.21020987660653
H           -2.16958450968623        1.00707893600200        3.00708309062902
O           -2.21269326190766        3.66892348356717       -2.79032882931303
H           -3.05920142933694        3.19174134479902       -2.65404639118569
H           -2.41532634509699        4.46943980178082       -3.27592240668391
O           -1.93019032790866        3.65812592072212        0.22799757274193
H           -1.99072800353440        3.72121357970937       -0.71964527634526
H           -1.05900249036395        3.79472535427849        0.48813286308435
O           -1.94567997311234        3.67649813818442        3.31007209010914
H           -1.85951760801957        4.42605638311225        3.96846038596002
H           -2.08035178649642        3.93601164644711        2.47194066947467
O            0.93542741266512       -2.85887044481802       -3.28668756512845
H            0.45340818190794       -3.38409758265831       -2.67092768562176
H            1.76854916558661       -2.54749743206814       -2.87394288669719
O            1.05398980780723       -3.03582373305005        0.21402100223429
H            1.44291644674542       -2.55145684326229        0.95065649823568
H            1.24111150240361       -2.64499234645122       -0.62155077208159
O            1.24264985132064       -2.85956703171855        3.52099133938772
H            0.33399201006625       -2.61877539546547        3.62260691784423
H            1.77339838757775       -2.16698824017548        3.92707860644011
O            1.07145992387383        0.54174803943082       -3.04246911386735
H            1.18439602480182       -0.21847315530914       -3.60351095633521
H            0.46097194399977        0.29387360993350       -2.34552220778355
O            0.96131493042955        0.42376618308071        0.01393480116474
H            0.83054349174776       -0.53791034632497        0.00598404096011
H            1.81476276011912        0.60136194955856       -0.39827116396897
O            1.24083886688855        0.31125377017553        3.45177322192995
H            0.31918883932362        0.13366525115451        3.31186784481085
H            1.35008424429728        1.25442083333842        3.42983685089413
O            1.17410042697196        3.67338058688604       -3.08656321037577
H            1.10658822641098        2.70439749446976       -3.09338687915950
H            1.37613363923579        3.93674058870221       -3.98592466183659
O            1.00522263929892        4.12530759774737        0.28168877456971
H            0.71930536272490        4.30978018636184       -0.64125174429248
H            1.96690572859701        4.21108179073670        0.25438965787086
O            1.05315261696867        3.63566358912760        3.40854258487280
H            1.20043622104352        3.76330416193800        2.48089058038172
H            0.12330272040608        3.44572179446606        3.54503399086199
O            4.57547314689484       -2.85420655990492       -3.46645659326353
H            4.34236721472865       -3.80173129240310       -3.44996413317425
H            5.41094731589187       -2.79975538980355       -2.96362001154289
O            4.62620383714506       -2.91742655016371        0.06569160009679
H            4.37061487117027       -3.27428889569714        0.92887214681958
H            5.45811285214804       -2.44405865312975        0.18024084863918
60
 energy: -101.547000198749 gnorm: 0.073255425260 xtb: 6.7.1 (edcfbbe)
O           -1.96396322442789       -2.93885960149740       -3.12674845767412
H           -2.71294376487407       -3.01646427619882       -3.71326155299626
H           -1.31091496719417       -2.42425676488722       -3.60346289032599
O           -2.12775153645680       -2.92237659351386        0.35775802540240
H           -2.98994383147760       -2.58958307338711        0.55381263027164
H           -1.92816643209121       -2.73700604740242       -0.56826589161639
O           -1.86896783066579       -2.91076299473924        3.21086570723288
H           -1.51408065233587       -3.12978926984143        2.33244052035148
H           -2.35868116863154       -3.67814576988947        3.50883147841746
O           -1.97647455920265        0.17903923648556       -3.05370344794846
H           -1.45656881156445        0.98114924827618       -3.25655662819953
H           -2.13815508579698        0.23600922130012       -2.08001267049930
O           -2.35610994997584        0.40591128475266       -0.14415883174612
H           -2.97497172542242        0.01796049305078        0.48200584199583
H           -2.07612406383735        1.25279217358754        0.22197043669408
O           -2.23368812134050        0.25063775249064        3.63138357942577
H           -1.97063537274145       -0.56272217985758        3.22578308744123
H           -2.15947755797900        0.99714496927134        3.01174122209726
O           -2.21289728587205        3.65888481885795       -2.76424377489017
H           -3.06186056302544        3.18641387402954       -2.64768838177726
H           -2.41533413198178        4.45243703613336       -3.27428788404483
O           -1.93974722913430        3.67440283202725        0.23288256627388
H           -1.97653481608504        3.71670231838757       -0.72415115558698
H           -1.02699078560888        3.75568783702815        0.48987279087668
O           -1.91535075736255        3.66029683102741        3.32696870408035
H           -1.81184925730695        4.40888201440415        3.93300759653269
H           -2.14300381441568        3.95077252553140        2.46103389789216
O            0.94260610798985       -2.83811104169222       -3.28996820414822
H            0.47739423186349       -3.40855782919372       -2.66142635361455
H            1.75500575406497       -2.53972461938080       -2.88332271491085
O            1.03298342458772       -3.03733922109428        0.21737950749353
H            1.44785270257895       -2.56717756247600        0.95396650688048
H            1.27234753583515       -2.63060765984246       -0.61534571115837
O            1.25449380617706       -2.84761261017745        3.50356243808832
H            0.32315390629248       -2.63479212650327        3.62264520413599
H            1.76119109950169       -2.14029093880874        3.92129444105881
O            1.07140547894152        0.55084016122216       -3.02967863799419
H            1.17042659821271       -0.21058672816569       -3.60110544563384
H            0.45473298376229        0.30112332208433       -2.33614548467022
O            0.96763345336053        0.41679519671841        0.01870267139203
H            0.81678311148439       -0.52954319129487        0.01303229509277
H            1.80545316801979        0.59893085453452       -0.39902877933540
O            1.24166007950840        0.30524753786967        3.43544346907953
H            0.30323549523782        0.14718096627875        3.31623917255978
H            1.35658728553111        1.25831886884125        3.43899719411318
O            1.17960309561025        3.66324820346681       -3.07647763359594
H            1.11210957206864        2.69749530543300       -3.08566151225776
H            1.37397675990294        3.92970441135498       -3.97697706880795
O            0.99978037174880        4.13154790016832        0.26931686702177
H            0.71844418939645        4.30899430787304       -0.64740270679871
H            1.96367231623857        4.20471956853943        0.25085348804022
O            1.04649168291371        3.63594079540041        3.40635460360936
H            1.17201206876011        3.74502894512828        2.45847302012670
H            0.11120678801113        3.42322282479609        3.54563347615708
O            4.56625332696641       -2.86491526061797       -3.43453669762684
H            4.34135467439179       -3.79022063635543       -3.46400987409542
H            5.39720039628697       -2.78465379503736       -2.97586854534382
O            4.62464857147510       -2.91223211204357        0.06229733358975
H            4.36735246268099       -3.26938987649600        0.92082935640019
H            5.45519732739744       -2.44106659595328        0.18403292747031
60
 energy: -101.511175808188 gnorm: 0.257526860550 xtb: 6.7.1 (edcfbbe)
O           -1.95021155626626       -2.94810625021361       -3.11035098310782
H           -2.72042878811162       -3.00929601704641       -3.69096160662305
H           -1.30640460683382       -2.41114349132352       -3.59201489035492
O           -2.08533149932076       -2.90795149936314        0.37430407099645
H           -3.03392236445455       -2.62045015555025        0.49941624117566
H           -1.92400958754929       -2.73415460155949       -0.55153950181636
O           -1.85050888580361       -2.89672560323552        3.19244246050217
H           -1.51670609630358       -3.10920913404524        2.31919115101261
H           -2.33493505475094       -3.66082051972126        3.49560248108322
O           -2.02038047225302        0.30190016876635       -2.98611183854707
H           -1.43778241407300        0.93488186059249       -3.25816290642131
H           -2.10225872814412        0.16683552829376       -2.10926464087754
O           -2.35831373430235        0.41462348553197       -0.14936605042384
H           -2.96789069307744        0.02928676352825        0.47129006651697
H           -2.08338594763984        1.26591389286539        0.20820230826972
O           -2.16033202068328        0.31661916956464        3.67463249266913
H           -2.03286009556976       -0.60781198551861        3.20085168168634
H           -2.17446533173308        0.95070815701897        3.00536518624309
O           -2.25192580021694        3.63635625238906       -2.76759759290887
H           -3.03006047281062        3.19360497570974       -2.61673318299565
H           -2.40999992234320        4.43135299408336       -3.25770567725904
O           -1.96786964719393        3.70908069025024        0.24836621645575
H           -1.95680411670547        3.69845058393549       -0.73316401352479
H           -0.97633949103870        3.69981369013334        0.48696062852678
O           -1.84262521856400        3.60868976534747        3.36292978430219
H           -1.74330842414401        4.38914813596478        3.87209827752818
H           -2.26210836842592        3.99824445306393        2.44987770304860
O            0.93545151642871       -2.82193799791811       -3.28945754609068
H            0.47391997764766       -3.38111522244866       -2.67044571578853
H            1.78909517570389       -2.56793844738438       -2.88308818173588
O            0.96098969316538       -3.04395518407615        0.23323064156628
H            1.44470729569924       -2.59231457786788        0.96000864019659
H            1.36529465260757       -2.59610641610877       -0.62156984800983
O            1.26818479290854       -2.83285127697988        3.47663376591698
H            0.30807833330724       -2.65106743067338        3.62263666001964
H            1.73995869884319       -2.10993414115863        3.91448042441240
O            1.08576507813832        0.56763165625207       -3.00632421027974
H            1.14869833684197       -0.20254039190059       -3.60539940000305
H            0.44339464490654        0.30652584329999       -2.32744029610080
O            0.92834148411153        0.43909811491994       -0.00293182270544
H            0.82027179793258       -0.53159131165702        0.03681415771410
H            1.82037269636205        0.57809363011236       -0.38923244209789
O            1.25198331447729        0.29531700048929        3.41123872201884
H            0.28732730324721        0.16289424101429        3.32778394589967
H            1.36365713487579        1.26612841026606        3.45580084029604
O            1.18661593515986        3.64963981369371       -3.06088620913113
H            1.11683965442589        2.69137814382325       -3.07586329629385
H            1.37160933779345        3.91858702466332       -3.96322235526381
O            1.01490635261326        4.12540836812104        0.22963543139036
H            0.70962764078572        4.29396583106384       -0.64713983225885
H            1.94727271540304        4.21303626002368        0.26449060095531
O            1.02250424555180        3.59107137160177        3.38561732683393
H            1.15032272236375        3.73894890797434        2.45242245185711
H            0.09899920499872        3.42643186461882        3.53930448185846
O            4.55987512058795       -2.84659142619517       -3.46283269596881
H            4.32669234946357       -3.78701878999540       -3.45235650689359
H            5.38825184760952       -2.78704238317420       -2.95674869274053
O            4.61899981133713       -2.90822176031102        0.05872715774176
H            4.37177139719681       -3.25721007660963        0.90829757390904
H            5.44445160580906       -2.43988569693610        0.18517348361605
60
 energy: -101.551692807776 gnorm: 0.078512426975 xtb: 6.7.1 (edcfbbe)
O           -1.95103964680146       -2.94542466141266       -3.10705303584305
H           -2.71546747230677       -3.00670944378531       -3.68402990785357
H           -1.30783913020929       -2.41158964491820       -3.58426650213656
O           -2.11288047751578       -2.91401618858461        0.35904428785695
H           -3.01987094743631       -2.60932754702972        0.50945749275740
H           -1.91323155718868       -2.73924283971855       -0.55530676987822
O           -1.83666559247340       -2.88868729216085        3.19360054464783
H           -1.51920735396136       -3.10560269775661        2.29590181833828
H           -2.33104734105426       -3.65092224202455        3.49907287844221
O           -1.99222996549706        0.23339347172513       -3.01900177811679
H           -1.44225336986586        0.97403409650246       -3.25172184292119
H           -2.12433297898895        0.20139460680427       -2.07423502028788
O           -2.36072741983022        0.42252746190175       -0.15741773165946
H           -2.96572350753542        0.03215606904305        0.47743774049701
H           -2.08001134008227        1.27138655778795        0.20037602427577
O           -2.19417759592870        0.27132814565465        3.65572371727458
H           -1.99929318724444       -0.58400922985006        3.22356212534508
H           -2.16456829092080        0.96191074520407        3.00466579531769
O           -2.22130349789104        3.64594922650806       -2.73340549728628
H           -3.06479239540367        3.16833923461926       -2.63679940069960
H           -2.40802938598968        4.43238611616355       -3.25205743348915
O           -1.93527641593399        3.67772585625495        0.24452272764477
H           -1.95605176288887        3.69740544395985       -0.72238050114590
H           -0.99307998823672        3.71648026528196        0.48407758546140
O           -1.86733963351086        3.63229309960900        3.33420381159946
H           -1.76297984201582        4.39843100889283        3.88379401549492
H           -2.20794621505899        3.96297062967160        2.45299772692122
O            0.93964989031831       -2.81928874109664       -3.28440269234797
H            0.47784615120006       -3.38432361998628       -2.67082284634319
H            1.79032401038733       -2.56287884127503       -2.88855989257530
O            1.01748471659413       -3.03457442979595        0.21949695665246
H            1.42971160691182       -2.59267633821643        0.96771948892888
H            1.33159566569031       -2.60746995365433       -0.60863851409478
O            1.25750640499099       -2.82901334102971        3.48227409278397
H            0.31483251333151       -2.64495311000089        3.60788029251920
H            1.73373320646054       -2.10380700754857        3.90682033575235
O            1.07513575332558        0.56447054990716       -3.01059727904772
H            1.14806585673588       -0.19776679209904       -3.59531697094337
H            0.44576394407613        0.31412156732992       -2.32429100651470
O            0.93999196177108        0.42951873330047        0.00279866454976
H            0.80821626851792       -0.52825390064206        0.03833190700822
H            1.80735614862388        0.58091056259595       -0.39307884918103
O            1.24611216469796        0.30533277427071        3.41731620245985
H            0.29300563454385        0.16529772457652        3.33088991077696
H            1.36143819000803        1.26410501569181        3.45026679923188
O            1.18536290106685        3.64674711637092       -3.05526103703719
H            1.12125900898426        2.68369211976003       -3.06712666263367
H            1.37053416870355        3.91519386268730       -3.95717644687941
O            0.99768451615010        4.13721529371335        0.25065167565291
H            0.72103091911959        4.28897580885482       -0.66963731973838
H            1.95115384064369        4.20320837893489        0.25613431236823
O            1.02223411316732        3.59169486960747        3.38027179320758
H            1.13992058145710        3.73372314682428        2.44482124296441
H            0.09457657993709        3.41145001566152        3.53985796433755
O            4.55687185922818       -2.85063864755818       -3.45865196277889
H            4.32209086274622       -3.78599519805387       -3.45379714968552
H            5.38148838846309       -2.78558918264297       -2.95883853311076
O            4.62031552060588       -2.90637994763613        0.05389077612240
H            4.36147753777393       -3.26248556054042        0.90651796802097
H            5.44665795552958       -2.43746791664828        0.18540902901446
60
 energy: -101.537366651372 gnorm: 0.211272821267 xtb: 6.7.1 (edcfbbe)
O           -1.94777064626326       -2.94890821084291       -3.08732403835625
H           -2.71301562017763       -2.99807102760150       -3.66118935317252
H           -1.31051780481908       -2.40189174219377       -3.55572428076661
O           -2.12313648485372       -2.90783046508420        0.37334594736087
H           -3.00647440809582       -2.57867401648036        0.50383176294253
H           -1.91870618243087       -2.78350425296255       -0.58962402832346
O           -1.83866083208564       -2.86786952234583        3.15468593452958
H           -1.50527802924912       -3.07442889838467        2.29680165657907
H           -2.29655264682491       -3.64118475001431        3.47413661913806
O           -1.97962491485364        0.21952154978530       -3.01799695390352
H           -1.44859562197728        0.99984312312084       -3.22048035957850
H           -2.12065419871718        0.20648528179209       -2.06656596819164
O           -2.36105826354495        0.43549616962829       -0.16724153254608
H           -2.95900880836723        0.05002107599324        0.47275130322275
H           -2.07762806254961        1.29012818711233        0.18124921693403
O           -2.21307712069709        0.22920370294727        3.64597636640320
H           -1.99138802989053       -0.58325226318453        3.23151179231114
H           -2.12765946891165        0.96544085306608        3.01315370485536
O           -2.25381220592767        3.61969420851151       -2.72696512079038
H           -3.02741568598310        3.18167544118456       -2.57578963915509
H           -2.41571694874491        4.40526887137898       -3.25659285799692
O           -1.90930808281627        3.64756434062527        0.24863736067936
H           -1.94684571441633        3.68328767553117       -0.71616424146795
H           -0.98320084139984        3.70326003205871        0.47807488414865
O           -1.89506190516524        3.65244694942176        3.28241532104741
H           -1.83794021820509        4.42350856685025        3.90208672121134
H           -2.08445283599534        3.90734080603758        2.44298367126557
O            0.95303964271394       -2.77822806614919       -3.30111912919414
H            0.53706402692208       -3.43637021324836       -2.64346883514655
H            1.75632236428977       -2.53383385756255       -2.90440786618985
O            1.02416135545836       -3.03361864015101        0.20030962349673
H            1.45266246533220       -2.62800281823295        0.99169505960425
H            1.32617191182444       -2.57069265172370       -0.58822834538290
O            1.25735829339870       -2.81093971679890        3.46135770921776
H            0.30320655554341       -2.65705635994727        3.59376484213039
H            1.70660640003699       -2.06681435964522        3.88988143265418
O            1.07086394172427        0.57803064850604       -3.00428930778300
H            1.12958800056852       -0.18471478183900       -3.59111843675896
H            0.44450161195563        0.32820251705878       -2.31462219166533
O            0.94736771924653        0.41726285707279        0.00782702219345
H            0.78193118946767       -0.51437649766168        0.04395107813952
H            1.78616879827843        0.57678618152767       -0.39883137014461
O            1.23918382395992        0.31549193616145        3.42128349736701
H            0.29081186325905        0.17685820570652        3.34647315026892
H            1.35970282086927        1.26822665130677        3.45567413363409
O            1.18291041373606        3.63556867026128       -3.03273116479435
H            1.13464651704840        2.66851584876138       -3.04343145910699
H            1.36692060224822        3.90120697341692       -3.93547709939958
O            0.98865641868984        4.13816226786914        0.23799247393355
H            0.72501320466482        4.28374394422491       -0.68477529550317
H            1.95235755478373        4.18272413891712        0.24962716394648
O            1.02516452927422        3.58570693953924        3.37099820776355
H            1.10171367857999        3.71164362207080        2.40968754211042
H            0.08756553400818        3.36928325078159        3.53542381748470
O            4.53452104206356       -2.89092014665157       -3.37182491123484
H            4.33001717427318       -3.77143110435507       -3.49644289284547
H            5.35292987943208       -2.75205527471265       -3.00169892221654
O            4.61771698607779       -2.90268533342223        0.03987982722497
H            4.34550075501342       -3.26107284528554        0.88951237708104
H            5.44327703821145       -2.43249841173803        0.19305950073253
60
 energy: -101.561401652126 gnorm: 0.055108470537 xtb: 6.7.1 (edcfbbe)
O           -1.95244157555667       -2.94889946892182       -3.07231231303383
H           -2.71301552505629       -2.99160822034352       -3.65371495496525
H           -1.30583808018348       -2.40154501551419       -3.52996041718539
O           -2.12028391011634       -2.89618858409899        0.36070149485195
H           -3.01395606817643       -2.57752297145988        0.48392898466757
H           -1.91927348920288       -2.79668362962574       -0.58494175386499
O           -1.79552140293301       -2.86255504343175        3.16405853170282
H           -1.51778823363516       -3.06100548288722        2.26363461531636
H           -2.28503145119090       -3.62538080499482        3.47512113934504
O           -1.96316711470236        0.21498837891229       -3.01698219771116
H           -1.45889606588880        1.01095883667968       -3.21106934985781
H           -2.12569703684415        0.20974753049868       -2.06510301395393
O           -2.36617606235936        0.44967926149492       -0.17437581402148
H           -2.94914134925792        0.05929328505964        0.47852135697784
H           -2.07536272736039        1.30145233560683        0.17187817870530
O           -2.19548390066743        0.23476177617477        3.64910378591362
H           -2.00192435371014       -0.60094960590418        3.22498710078636
H           -2.11898743458976        0.95522345065869        3.01310257203405
O           -2.24529695034237        3.63575600317629       -2.69707858109862
H           -3.05365353724777        3.15080378542327       -2.58665713095022
H           -2.40741560441025        4.39989327916652       -3.25460246669802
O           -1.89925874342555        3.61305346162711        0.24868613391565
H           -1.94335284396557        3.68377977373470       -0.71453397020615
H           -0.96736486632197        3.70463311575211        0.47094263572237
O           -1.85823359434032        3.64411483998792        3.29813969895628
H           -1.85506027675721        4.41254339634457        3.88864094571869
H           -2.09774485997788        3.90480605702503        2.41705116050094
O            0.92513839643816       -2.74626664530615       -3.26786220612665
H            0.54272016124150       -3.42208782736099       -2.66394205321868
H            1.79699275806258       -2.56082099911322       -2.91617177939104
O            1.00819314709812       -3.01242915923552        0.19689863817465
H            1.43641943704319       -2.65946367712721        0.99416430793260
H            1.36834014496380       -2.55920602435291       -0.57047260162369
O            1.26005438527988       -2.79870599236100        3.45267394847019
H            0.30916729738695       -2.67088216201722        3.58461790349382
H            1.68706834502592       -2.04504861108229        3.87459619105017
O            1.06573435224982        0.58346226916950       -3.00506927872557
H            1.12289633611701       -0.18193210638707       -3.58552912513842
H            0.44546362708542        0.33916079353096       -2.30735131960548
O            0.92160862759660        0.42366198618518       -0.02059240198808
H            0.77573799478380       -0.51913382430430        0.07089508995903
H            1.78986881840232        0.57113991140658       -0.39339058222547
O            1.23707372419628        0.31684026603264        3.41705124529655
H            0.28650229246360        0.18259404485672        3.36281408883540
H            1.36476100205180        1.27024945956713        3.45952999934791
O            1.17751407621451        3.62764523481705       -3.02047985844029
H            1.13703330934670        2.66140222682317       -3.03119924633985
H            1.36107737180866        3.89481827028856       -3.92290537175474
O            0.98305084267979        4.15998552296786        0.23169372316945
H            0.74518439058922        4.25738623159938       -0.70068017706150
H            1.94411260989108        4.17102315511687        0.25364786975382
O            1.02427905785602        3.53407417885909        3.35553031900413
H            1.08760118240933        3.71662106992928        2.40829368262451
H            0.08004823489734        3.38027431343794        3.52596916638866
O            4.51574132121385       -2.87223555023517       -3.38507832007886
H            4.31410676969102       -3.79090980919138       -3.49800547458803
H            5.36178312617009       -2.74005997319725       -2.98140378514047
O            4.61672836857089       -2.89527986501621        0.03860469179313
H            4.33543239089867       -3.26147417970593        0.88125442225733
H            5.44099568848747       -2.43087700872646        0.20064704232439
60
 energy: -101.571007400616 gnorm: 0.054290593169 xtb: 6.7.1 (edcfbbe)
O           -1.96228114561241       -2.96000061552326       -3.04560010163757
H           -2.71404037536378       -2.97128651758142       -3.64131038813787
H           -1.30332610082173       -2.39314119170072       -3.46484516416676
O           -2.13054412520971       -2.88508911982571        0.35281798713338
H           -3.03334846562815       -2.57150761052444        0.44174144198278
H           -1.90135239798729       -2.81307916173101       -0.57872428163847
O           -1.71863199923737       -2.84996452483223        3.16358618402447
H           -1.54385268202828       -3.03142484481847        2.21246631787808
H           -2.24998352929051       -3.59154942483466        3.46988125798525
O           -1.95168445791928        0.21883101816019       -3.01405623762723
H           -1.46662805223931        1.02869664444866       -3.19358617491509
H           -2.12382567551045        0.20810004401254       -2.06197777330839
O           -2.38669410539690        0.48275282881323       -0.19259656314627
H           -2.92596165187857        0.08039344488833        0.49411151194374
H           -2.06791191157003        1.32639383452712        0.15080484756132
O           -2.16146077043719        0.22642307728234        3.65263393205718
H           -2.01461871276390       -0.62653571807696        3.22083375638496
H           -2.09461384926414        0.93311729583059        3.00769322722798
O           -2.25489007061666        3.65550485290407       -2.63029436665472
H           -3.06614160723939        3.11028998645836       -2.62820721143136
H           -2.40315267586055        4.38092720504914       -3.24654392879313
O           -1.87667407507459        3.55700326704325        0.25635357240307
H           -1.94257277812675        3.67352868396163       -0.70424541458068
H           -0.93973257549788        3.69837517418962        0.45652591863379
O           -1.80478171158062        3.63011506908811        3.28827210447800
H           -1.88620874151048        4.40149968089993        3.86048329732780
H           -2.11655977667545        3.88058979799705        2.40264575543038
O            0.92395605286348       -2.70438548028373       -3.23729227494441
H            0.53377612132666       -3.36671209242213       -2.66371858569386
H            1.85709395770562       -2.60915010673401       -2.94328699517927
O            0.98234121325129       -2.97719386800600        0.18619953910511
H            1.40357864329490       -2.70632004785899        1.01606615935756
H            1.44969389096518       -2.53763022804403       -0.54371186277487
O            1.26944543812757       -2.78096033289507        3.43515118706775
H            0.31297982590152       -2.70091646333277        3.55631469667569
H            1.65308877815394       -1.99606514488231        3.84140953202558
O            1.05373424895768        0.60019665658873       -3.00918850044142
H            1.10753551278374       -0.17968894916741       -3.56922270024077
H            0.45690446975350        0.36505480718668       -2.28605659507716
O            0.86853009304860        0.43030210917333       -0.09110276254865
H            0.76559018786412       -0.51809014251308        0.12611718378583
H            1.79088938998973        0.55005052840757       -0.37018254854665
O            1.23311658730508        0.32309338026819        3.40810744546308
H            0.27827921185571        0.19427321550773        3.39966240433700
H            1.36761173970683        1.27661586898639        3.46244962917181
O            1.16801679260255        3.61124465440888       -2.99408354098838
H            1.13716592939533        2.64475584259362       -3.00609021923854
H            1.34834848576953        3.88152066989559       -3.89626734371786
O            0.97342701985584        4.19643374528553        0.21567141641689
H            0.77847369478667        4.20900814041683       -0.73843460084465
H            1.93444542444520        4.14867169018870        0.26318548367005
O            1.02268354091138        3.45247538221993        3.32964411962218
H            1.07166519304351        3.70975691631643        2.39698369600472
H            0.06604478678791        3.37898692154327        3.50772200645782
O            4.49588336078974       -2.85553667766256       -3.41475323367579
H            4.30498920955830       -3.79510708501568       -3.48621445810189
H            5.33081470615223       -2.73061347612640       -2.95216457763762
O            4.61450672161266       -2.88379461610616        0.03320658845806
H            4.31401283223856       -3.25893150304000        0.86539854043691
H            5.43591348952792       -2.42363223099272        0.21553278517737
60
 energy: -101.578537765111 gnorm: 0.058398702742 xtb: 6.7.1 (edcfbbe)
O           -1.97030503200791       -2.97178739116116       -3.00918023286586
H           -2.71347744815384       -2.94553399714908       -3.61813595122255
H           -1.30413408716353       -2.37581566357916       -3.38268909884243
O           -2.14705159978654       -2.86944829810068        0.35426676437418
H           -3.06109495371226       -2.56159910892462        0.38215420995022
H           -1.86932420112711       -2.84259442509233       -0.56637169577800
O           -1.69491456489255       -2.80601764614236        3.11921766345122
H           -1.53302138957340       -2.99853912461652        2.17079279555844
H           -2.18682382291791       -3.55538408696729        3.45955507690148
O           -1.94805208074436        0.22821632051627       -3.00907720802148
H           -1.46630927110882        1.04238202757555       -3.17055299601150
H           -2.12017610544709        0.20509650651810       -2.05618768016514
O           -2.40739517986364        0.52290307620072       -0.21141724955172
H           -2.89682680825035        0.11433868210983        0.51466888087366
H           -2.06215356779214        1.36458078698588        0.11636975433115
O           -2.12732682207653        0.20816639750205        3.65190578037325
H           -2.00343466675046       -0.65569510375335        3.22402517235599
H           -2.06119509492870        0.90268273515583        2.99704433036023
O           -2.26101505256925        3.62986917350202       -2.61651593476472
H           -3.08113754644118        3.10302056838846       -2.60865097647952
H           -2.40121266135342        4.36034516192495       -3.22016384519689
O           -1.84865808625051        3.49958124409166        0.26765503414613
H           -1.94430651977640        3.64490637453709       -0.68940429178063
H           -0.90699463024345        3.67442792439820        0.43807139674549
O           -1.78650672141193        3.61022694351228        3.27589933177423
H           -1.92099417077416        4.38715844594662        3.82546815909262
H           -2.08870295036453        3.84823004325635        2.37634468103772
O            0.96749458605352       -2.69458230527842       -3.23579209643988
H            0.53567805840884       -3.32253331589244       -2.67285829123060
H            1.87931358484554       -2.58859143082896       -2.92875088641529
O            0.97534978612851       -2.94636811072323        0.17671163321618
H            1.36602524127881       -2.74943613759263        1.04628312025922
H            1.52645195708250       -2.50315930766121       -0.50480932786186
O            1.28484376689906       -2.75324300334271        3.39974321776761
H            0.31956705707530       -2.74006209607540        3.51294010296905
H            1.60950853957731       -1.92968105579780        3.79242135277515
O            1.03139882133097        0.62928144627846       -3.02290721694489
H            1.08500457933873       -0.17933148960314       -3.54392673499814
H            0.48695034011934        0.40355596724051       -2.24836511823590
O            0.85473431091405        0.41922613656128       -0.07002778449743
H            0.72145258814823       -0.51568740415012        0.11544579588293
H            1.76003634809133        0.52958368928337       -0.37422960588747
O            1.22535627776677        0.33441357913929        3.39206490497065
H            0.26558597780911        0.21019323383537        3.45533673952661
H            1.36474673942187        1.28814041445625        3.46363386727948
O            1.15818416147127        3.58610018068667       -2.95339448270326
H            1.13617593097535        2.61890666173556       -2.97172460042433
H            1.33288746780289        3.86363744879023       -3.85459029992652
O            0.96670804970682        4.19371489346615        0.18162426753603
H            0.81259228918052        4.17671456664525       -0.77981666932515
H            1.92329102773917        4.13328379232784        0.26935184890991
O            1.00974721505207        3.38024920480566        3.29945808511617
H            1.05918066957292        3.67892246475336        2.38108288952477
H            0.05036515496709        3.35170796517164        3.47806931022006
O            4.46102373383364       -2.84144818035828       -3.42774927877294
H            4.29664559189798       -3.79639404825267       -3.47736088131823
H            5.28602908030995       -2.71749143361580       -2.92837667832212
O            4.60996068516040       -2.86864570175193        0.02411686053748
H            4.28549353788472       -3.25476164251099        0.84319315943453
H            5.42782440962836       -2.41325728836568        0.23402604672806
60
 energy: -101.588259309309 gnorm: 0.046033811703 xtb: 6.7.1 (edcfbbe)
O           -1.97387375683499       -2.96998740727794       -2.96155083815403
H           -2.70845899617334       -2.92246198573481       -3.57902651438132
H           -1.30810140786701       -2.35503160017123       -3.30360919078596
O           -2.16899482022942       -2.85839367379045        0.35259001169600
H           -3.08602281300858       -2.54638880407350        0.31544375107883
H           -1.83663934668229       -2.87414359773052       -0.55662475784426
O           -1.64622526347472       -2.76264176379091        3.07491098283896
H           -1.52664255878048       -2.95135361259890        2.12329673035158
H           -2.12138069010900       -3.51009500847185        3.43935599096999
O           -1.93997459540883        0.23218131804794       -2.99963488269843
H           -1.46722010687613        1.05439278319004       -3.14561705393398
H           -2.12303784362735        0.20804337598723       -2.04789279218884
O           -2.41624790599090        0.56420208663299       -0.22373874881214
H           -2.86739371894538        0.15914912979832        0.52810326646268
H           -2.06160690805125        1.41434685242337        0.07706787396461
O           -2.08844353383345        0.18334115637230        3.64903190488007
H           -1.97365228688972       -0.68566197149883        3.23318578082112
H           -2.02209146914206        0.86624353952506        2.98128532692312
O           -2.27108074137396        3.59793614025738       -2.60104297241654
H           -3.09077289171078        3.09592462552197       -2.58045496100891
H           -2.40174370052135        4.33185231479832       -3.19478149825687
O           -1.81494170547406        3.46307332940276        0.28249858334315
H           -1.94180035646813        3.59501311606756       -0.66929721113085
H           -0.86917955042052        3.62551161449615        0.41849746546086
O           -1.79324679009568        3.58797713135705        3.26228925345015
H           -1.96019269744780        4.37070504364797        3.78377113354516
H           -2.02999911475071        3.80922631600530        2.34284070445749
O            0.98693348078584       -2.62005282379299       -3.20207898590675
H            0.54576068299253       -3.29759013294348       -2.69239758307307
H            1.92250512376606       -2.59851909679474       -2.93368065475471
O            1.01118563784692       -2.93510032849845        0.18281034871861
H            1.33516101168663       -2.75807135713732        1.07376124199420
H            1.56275364619486       -2.47121647761886       -0.45279903915427
O            1.28988647060824       -2.72309611617269        3.34932545144300
H            0.32291801584782       -2.75537201801565        3.45587554038111
H            1.56718444958855       -1.86744936166418        3.71776369215454
O            1.02378736016874        0.65434715611694       -3.01693305704592
H            1.05413061301910       -0.16915001815300       -3.51755598135577
H            0.51086490688594        0.44947737439129       -2.21121314582089
O            0.80257059192321        0.40836849520916       -0.13005954175266
H            0.68752889085885       -0.51340433241178        0.14803463865715
H            1.74218420378936        0.49842373901906       -0.34915599790236
O            1.20717535869331        0.34544393595224        3.41036523235980
H            0.25080871718859        0.22886150925551        3.49863205292879
H            1.35565420707654        1.30075236195308        3.44786708666811
O            1.15498045759171        3.55473361355564       -2.89894810005587
H            1.12853935694266        2.58703634775050       -2.93271798366970
H            1.31256284436083        3.84461503622629       -3.79989768888933
O            0.95891877718272        4.17769960025842        0.13417402533977
H            0.84651553359529        4.14448878173021       -0.82606297976201
H            1.90760251613512        4.11702859863926        0.27263010559325
O            0.98627239712508        3.32630812450875        3.26636372320131
H            1.05180825821683        3.62447662306170        2.36257407940360
H            0.03750718466306        3.30115828114464        3.44265608116556
O            4.40460107328175       -2.82756701243250       -3.39498809616111
H            4.29064387659657       -3.78795679582171       -3.48154632462770
H            5.24146685365044       -2.71140455394005       -2.92428849528239
O            4.60354025210273       -2.85353764726201        0.01335227281716
H            4.25225035000450       -3.24854211491590        0.81810546532284
H            5.41582499980834       -2.40147457957810        0.25505039842832
60
 energy: -101.596903066484 gnorm: 0.050196788177 xtb: 6.7.1 (edcfbbe)
O           -1.96588959873727       -2.95707941876819       -2.91477214595537
H           -2.69786889867240       -2.90438142556653       -3.52769191001888
H           -1.31794344555813       -2.32634417688737       -3.24206690344143
O           -2.18893539949492       -2.87025554050422        0.33200502218757
H           -3.08309902751130       -2.53090178526054        0.27385079431755
H           -1.82983124968374       -2.87702895801500       -0.56238325946826
O           -1.56449414548215       -2.73757454627412        3.04853503871663
H           -1.54265054291725       -2.89643664020390        2.07440217999496
H           -2.07194709682625       -3.46476266659001        3.41338137287331
O           -1.93910433452609        0.23334205976090       -2.98835842098076
H           -1.46539305263112        1.05603381330383       -3.12893555350666
H           -2.12456078985186        0.21453202520351       -2.03775695741971
O           -2.41268590022553        0.60005155952161       -0.22301777876256
H           -2.84641974525290        0.20483991352548        0.52728294927794
H           -2.06930584345489        1.46454984747976        0.05156349879984
O           -2.03719670292744        0.15574283160367        3.64678682150308
H           -1.93560660817972       -0.71290652405439        3.24407097051448
H           -1.98972904766938        0.82881167803019        2.96020297320509
O           -2.29237621983290        3.58741497199896       -2.54873123723427
H           -3.09510647655326        3.06825515444493       -2.58632045538018
H           -2.39900306997896        4.29953129078452       -3.18336769136893
O           -1.77598120416764        3.41817020283732        0.29434788283465
H           -1.93771342219704        3.55404470652356       -0.64923007287397
H           -0.83051385285585        3.58467251355970        0.39641560671574
O           -1.79455672414464        3.56896826159747        3.24107250617047
H           -2.01753006384830        4.35711945098748        3.74400278418370
H           -1.97925755741346        3.76033818989332        2.31123834522043
O            1.00168157887394       -2.53603856377964       -3.16540322109691
H            0.57408238595161       -3.29344181810142       -2.70470532805049
H            1.94912572824463       -2.59025065952671       -2.94473756961599
O            0.98876219537354       -2.87251091880839        0.19079925042366
H            1.30878879341081       -2.79446157806949        1.10815853705868
H            1.65109277666021       -2.46180955519741       -0.39121385710348
O            1.27948826186969       -2.68572178823236        3.27567644291292
H            0.32544349307523       -2.72628804252856        3.40169497769562
H            1.54484019154496       -1.83937039972159        3.63789721847851
O            1.02614644100282        0.67164230648928       -2.98828519595031
H            1.02727495552362       -0.15000234170272       -3.48807013223043
H            0.52473687862137        0.48739004030784       -2.18007362454505
O            0.77666939060824        0.38635729595325       -0.15395877629850
H            0.64987848337905       -0.51284897265627        0.15273003189358
H            1.71277763164137        0.47691715840464       -0.33956523650753
O            1.18072811706151        0.35072339006755        3.42669474924665
H            0.23256793150589        0.24392405741620        3.53973545847147
H            1.33684976013962        1.30761600437152        3.43148726917115
O            1.15418483023237        3.52674799440455       -2.84122080693555
H            1.11425332315518        2.55821568986141       -2.89693738891618
H            1.28935855137267        3.83078479595028       -3.74183915081211
O            0.95270738659988        4.17468857280093        0.08661449750284
H            0.87932277427928        4.09001813047094       -0.87517090707385
H            1.89255278185822        4.09991665536038        0.27475598393381
O            0.98639800543870        3.20291394047610        3.22597415966027
H            1.04163947120412        3.61124428695953        2.34400503374681
H            0.02621751972752        3.27988737729008        3.42598703174904
O            4.34700441470456       -2.81838744069956       -3.35056937076722
H            4.28253047857787       -3.77035976636048       -3.49126273555479
H            5.19147768802007       -2.71058209039900       -2.92102959182216
O            4.59557072789005       -2.83994364802644        0.00337619151639
H            4.22244148049682       -3.23862537723417        0.79525748410898
H            5.40116812254039       -2.39041626445872        0.27258733559852
60
 energy: -101.602312368738 gnorm: 0.090173578393 xtb: 6.7.1 (edcfbbe)
O           -1.95257654812214       -2.95472501804971       -2.87756598396801
H           -2.68753983739713       -2.88236693099091       -3.48254478089314
H           -1.32777239984457       -2.28644135521181       -3.17491050993072
O           -2.20525481292849       -2.88531577806173        0.31250459182006
H           -3.07477338714795       -2.51528754510285        0.23293479885541
H           -1.81928526804269       -2.87474363876675       -0.56360554245065
O           -1.53307241193700       -2.70477337500576        3.00722594910747
H           -1.54266124872729       -2.84832618418300        2.04082433487827
H           -2.03017624578274       -3.43277623330802        3.38552992614047
O           -1.95034166385593        0.23804164639284       -2.98018867857058
H           -1.45650818624245        1.04825766655070       -3.11916165515322
H           -2.12118545877567        0.21676182093644       -2.02846118369494
O           -2.43525271474851        0.64670552539743       -0.23242975526717
H           -2.81083296357928        0.23542910807642        0.54320640539298
H           -2.07122902186002        1.50524577875009        0.03888664348204
O           -1.97994862535143        0.13227348684662        3.64484921389126
H           -1.89927477002577       -0.74048362876305        3.25286346376791
H           -1.95579665349640        0.79426049568864        2.94039818430666
O           -2.31599728449770        3.59245109220706       -2.47598504584270
H           -3.10037372170536        3.01883815218433       -2.62121449933198
H           -2.39309664673464        4.27454994187771       -3.16897923610202
O           -1.73680698319166        3.35525557787634        0.30425772681584
H           -1.94019001659877        3.53400429022649       -0.63096553979028
H           -0.79007052557085        3.55913614975016        0.37003967567535
O           -1.77688080249739        3.55287456073648        3.21910883063587
H           -2.06332416830127        4.34625018528279        3.70560411358368
H           -1.95558557054133        3.70823194670885        2.28386557796494
O            1.04556240406411       -2.54480422056926       -3.17526406420297
H            0.59888208213057       -3.23376698972995       -2.66058157281778
H            1.94625946090764       -2.53687770119648       -2.96835118968114
O            0.98214343406285       -2.82309872956749        0.21705301144168
H            1.28987787484480       -2.79430757960914        1.13863185471918
H            1.70843273867992       -2.46794290321971       -0.33191992872403
O            1.28874398431480       -2.64971010841777        3.20622710303668
H            0.34003551248899       -2.71466483023214        3.33759073135335
H            1.52234695959987       -1.79225513338447        3.55234884718731
O            1.00669381721931        0.69348599758811       -2.97322037731419
H            1.00916696156160       -0.13999045984487       -3.45125952834166
H            0.55326844787066        0.51015396985690       -2.13711084968834
O            0.74198775804765        0.36584705992424       -0.20661608030048
H            0.61561878496459       -0.51651024306036        0.17229172600194
H            1.69785247305805        0.45496214287072       -0.31659955552125
O            1.15478569035161        0.34451007688244        3.42295809601509
H            0.20987523434566        0.24996944457553        3.59458319527602
H            1.31656245657957        1.30203995878463        3.41473952795537
O            1.14627805198949        3.50390310632509       -2.78770401591015
H            1.10583975647440        2.53401519773415       -2.86259379712398
H            1.27005836982720        3.82098348797304       -3.68514925979523
O            0.95021941434117        4.18294664239667        0.04722845751727
H            0.90797769117986        4.02545565473037       -0.92083890167939
H            1.88211342995600        4.08072700187285        0.27107974157231
O            0.95626330705514        3.22339743127319        3.20112524480595
H            1.04466825943778        3.53991923266284        2.31885525477188
H            0.02683462831464        3.20921390467205        3.40883113257456
O            4.29980347336418       -2.81502765057710       -3.33303497582444
H            4.26912681015960       -3.75939928180254       -3.49902518134181
H            5.13352913924377       -2.70227114467493       -2.89363462440564
O            4.58788986819213       -2.83138670108848       -0.00444228300778
H            4.19633849992822       -3.22645002911695        0.77783601950377
H            5.38383369294091       -2.37971908206256        0.28579433661675
60
 energy: -101.609115401465 gnorm: 0.077975226276 xtb: 6.7.1 (edcfbbe)
O           -1.94493277371672       -2.95654605322866       -2.85057043695704
H           -2.68214877450177       -2.86411124542912       -3.45624742025353
H           -1.32923782202020       -2.25266727233362       -3.11459078696527
O           -2.22064841028517       -2.88643448046225        0.31087907929472
H           -3.08534991663996       -2.49553421807234        0.18080296955476
H           -1.78934403016120       -2.88960999728821       -0.55273470745560
O           -1.54388116527900       -2.67150998717652        2.96170839417861
H           -1.53184515190918       -2.82042378261098        2.02007643975606
H           -1.99723556331099       -3.41424049685600        3.36708937514652
O           -1.96610540571435        0.24437081149655       -2.97485942859625
H           -1.44114278350496        1.03486502364725       -3.11347573320355
H           -2.11874759878927        0.21592987064121       -2.02038090053849
O           -2.46702122718356        0.68456767257383       -0.24767618468716
H           -2.77607802751912        0.24890636362790        0.57046822410937
H           -2.06902333607680        1.52977282940415        0.02950056803346
O           -1.92768468939465        0.12145950254550        3.64424599324380
H           -1.87690805281949       -0.76359509977725        3.25631970383322
H           -1.92595885407053        0.77099768034325        2.92843650679283
O           -2.32052300660450        3.55695870673351       -2.49103078338665
H           -3.10397803714600        3.00221955800940       -2.59878686076332
H           -2.39970937557374        4.27501322027700       -3.12353135485744
O           -1.71122628283102        3.31262525939315        0.30837172335718
H           -1.94162687122805        3.52138398954538       -0.62197653966850
H           -0.76097406167007        3.54269852026802        0.35098604555112
O           -1.78940347190325        3.54060532453995        3.20539046544325
H           -2.05495291670459        4.33332275138375        3.67152344911534
H           -1.95341699003423        3.68002214448783        2.26157491473868
O            1.01301553719479       -2.48138443892067       -3.13451403776983
H            0.62317077378723       -3.17231615759235       -2.61624068388310
H            1.99960607745650       -2.57817804337454       -3.04999508916210
O            1.01432152796384       -2.81284530617517        0.24526358065896
H            1.27638103195256       -2.76345019597820        1.16162277081706
H            1.71123833947939       -2.46541160337353       -0.29204550507192
O            1.31800909644677       -2.62334496180567        3.15941393582690
H            0.35690288084820       -2.74102427963641        3.27761706675273
H            1.49654806339752       -1.72108779966728        3.48180791659670
O            0.97032954659217        0.71835199152098       -2.98442665369925
H            0.99912283047992       -0.14241141441060       -3.42178910133910
H            0.59317976494670        0.51967628983711       -2.09072340943976
O            0.73434076258170        0.34430811072175       -0.20489474846162
H            0.58001473949061       -0.52658181858196        0.16104712559150
H            1.68073831710973        0.44299465240368       -0.30900608382499
O            1.13663212105583        0.33825835701031        3.40512526866162
H            0.18840516150313        0.25100798292526        3.64514217455322
H            1.29803906207286        1.29534929444663        3.40662017697028
O            1.13682481042322        3.48717782325885       -2.74929323978410
H            1.10647794015048        2.51666262743404       -2.83513846077196
H            1.26005250527092        3.81487532277381       -3.64173684738980
O            0.95587409540186        4.14777520974155        0.01752864480053
H            0.91560542354142        4.01001445149568       -0.93891202941511
H            1.87929706656706        4.07506581334081        0.25514646519623
O            0.94986566477465        3.18366073867526        3.17932163217383
H            1.04051911525950        3.51961740455619        2.30050343523089
H            0.01907799110432        3.18629832935443        3.40265112679879
O            4.27112962083984       -2.81617936836165       -3.34420152666375
H            4.25564465603486       -3.76077394185475       -3.50642677372477
H            5.08359656425492       -2.68448651177967       -2.84764370949761
O            4.58124252033093       -2.82486432331503       -0.00883199925170
H            4.17665144182586       -3.21884972699953        0.76674324761881
H            5.37031207644566       -2.37227584333646        0.29466773607752
60
 energy: -101.608308124380 gnorm: 0.117710012171 xtb: 6.7.1 (edcfbbe)
O           -1.94508849734333       -2.92822217635210       -2.81333255095540
H           -2.67605337340883       -2.85600827587932       -3.42921494648251
H           -1.32359844997401       -2.23689569483506       -3.07812381564564
O           -2.23525783278796       -2.87184863429443        0.31445712412562
H           -3.11023671590180       -2.47633341365714        0.12180941858341
H           -1.75781584742334       -2.92122735336436       -0.54608004445830
O           -1.48613979304385       -2.66917521627918        2.95748406022125
H           -1.57851985890651       -2.79134322742500        1.97048356842323
H           -1.97719991729901       -3.39012529639804        3.35699116203846
O           -1.97656815550728        0.24438976029165       -2.96663480093201
H           -1.42203469709884        1.01562711106351       -3.10834560376532
H           -2.12847013733993        0.22408470477753       -2.01011823942481
O           -2.44105242383560        0.67626774071776       -0.22891813728027
H           -2.79136711906040        0.27549907085224        0.55991362605098
H           -2.07649455582216        1.54575070753998        0.01800771837930
O           -1.87926718472355        0.11490333213126        3.64426932045443
H           -1.85204172952361       -0.78035434960661        3.25828164081887
H           -1.89540586482899        0.75424827546965        2.92505971427810
O           -2.31711759701656        3.51206939369304       -2.53526619792879
H           -3.09643729999679        3.00111086897176       -2.55232013186950
H           -2.41349842509695        4.27702666878144       -3.07743215753963
O           -1.69789554332754        3.35443517620515        0.30917783964677
H           -1.92530708351921        3.48031073213460       -0.61667049619970
H           -0.74535326722526        3.49907975483310        0.34746147267970
O           -1.81484324909083        3.52771185434461        3.19758367446428
H           -2.04312913572761        4.32386059176524        3.63584692666351
H           -1.94618683194224        3.65255949082477        2.24020209417612
O            1.04591045847968       -2.48141073661122       -3.14637113901851
H            0.63710967492926       -3.13149979509634       -2.60570423814065
H            2.00219448955983       -2.53137650375913       -3.04380311742375
O            0.98492056013597       -2.75063176033513        0.24783407541317
H            1.24076287356850       -2.78212983147221        1.20247994724984
H            1.79805340427329       -2.45665705307216       -0.25748057291623
O            1.33223018399525       -2.60124174152264        3.11249974063065
H            0.36493424406318       -2.74323333211740        3.22568325874868
H            1.48561123391572       -1.67318355384754        3.41540900886123
O            0.96926305495173        0.71899238743711       -2.96312878136346
H            0.98814335681166       -0.13727623701962       -3.40537040128377
H            0.59328398394853        0.52851598059695       -2.07397210688734
O            0.69527278180343        0.33087245248053       -0.27087802264925
H            0.56219520292101       -0.53905380798942        0.18451365860869
H            1.69200466780587        0.42179640802835       -0.26481442202044
O            1.11077748725057        0.32768636899024        3.45153698165386
H            0.17365924432349        0.24735533492669        3.63277309498456
H            1.27835541015306        1.28571144076280        3.39041913109709
O            1.13962620829825        3.47364146928201       -2.71883653345839
H            1.10435087022349        2.50457174316638       -2.81215189714361
H            1.25314479533420        3.81073302502984       -3.60914569060376
O            0.95610441406369        4.12363666730412       -0.00404548405371
H            0.92330935007514        3.99347901679838       -0.95362570993034
H            1.87456323942395        4.06543714675553        0.24631361598249
O            0.96632126211786        3.08382908017676        3.15740198532187
H            1.02956036859079        3.53819651657800        2.28738904433556
H            0.00590563529631        3.20570895403887        3.39735974567244
O            4.23607638862641       -2.81916367191117       -3.34929143574351
H            4.25117674872565       -3.77137578858889       -3.52105858947156
H            5.02918718480192       -2.65812333090204       -2.80475104498976
O            4.57653095525629       -2.81762214271496       -0.01494609524949
H            4.15466575356129       -3.21312098542334        0.75446717350366
H            5.36023762948025       -2.36379005625843        0.30463770175197
60
 energy: -101.613415653019 gnorm: 0.102913021191 xtb: 6.7.1 (edcfbbe)
O           -1.94179053521849       -2.89983261184080       -2.78587111654599
H           -2.66693344414615       -2.85242971398836       -3.40558825898704
H           -1.32359101341628       -2.22778334960733       -3.06068005910786
O           -2.23027378120491       -2.87120396213041        0.29603048292346
H           -3.09211065165142       -2.47825982124983        0.11988231985175
H           -1.77608527979099       -2.91029732440305       -0.55982181243971
O           -1.45956237908689       -2.66604446567552        2.94465355591241
H           -1.59914635731512       -2.77547411463581        1.94492413155944
H           -1.96882174751894       -3.37561546267496        3.34226445745582
O           -1.98289671385879        0.23956361854303       -2.96188312774622
H           -1.40773997381729        0.99761128773230       -3.10994424753589
H           -2.13850983503103        0.23342926455407       -2.00540471108672
O           -2.43173683008773        0.67269928583837       -0.21357536705104
H           -2.79557861334517        0.29032265184616        0.55400341412500
H           -2.08060890264629        1.55231230965078        0.01813417712043
O           -1.84977801058264        0.10493615732274        3.64069999576760
H           -1.82203499468468       -0.78585316853707        3.26100017984800
H           -1.87671242470325        0.74362078411779        2.92292015079364
O           -2.32915278792928        3.52266846764783       -2.48885864557920
H           -3.09084445087529        2.96383921634323       -2.58113022610981
H           -2.41489776308483        4.27037512963489       -3.06651792127372
O           -1.68418543715470        3.36574525454287        0.30756996225165
H           -1.91924038839579        3.46952673124044       -0.61203267214862
H           -0.73364575849524        3.48220247874468        0.33790970415171
O           -1.78107441646700        3.52227575067191        3.18328245161445
H           -2.08242071291619        4.33241413851125        3.61403341958075
H           -1.94833750819168        3.61324796941438        2.23230123303478
O            1.06845438593524       -2.44499193394325       -3.14505135930444
H            0.64831323338345       -3.12880011113579       -2.60668165272277
H            2.00474963375102       -2.50796196049903       -3.03942257327544
O            1.02471915504693       -2.74752301897625        0.26645868363229
H            1.23988366709835       -2.75101111669433        1.21827127183754
H            1.77229122481212       -2.44584814649998       -0.22980524071637
O            1.32297691802766       -2.57620997650224        3.05708587889465
H            0.37439306709396       -2.69466795671980        3.20227093124813
H            1.50129928556823       -1.68839862865212        3.37338020835122
O            0.97732759615833        0.70876664980462       -2.93213938820593
H            0.98245256437939       -0.12830945754916       -3.39608318542088
H            0.58029013435863        0.53012184734511       -2.07775098571288
O            0.73762802918087        0.30082476316952       -0.17693667979078
H            0.53938120217664       -0.55368445220920        0.13752818839575
H            1.64694145751944        0.42544749255275       -0.30325302183904
O            1.09122626298553        0.30967509908498        3.46102491465072
H            0.16174200783040        0.24130394900520        3.64094621870900
H            1.26615220477624        1.26617606276963        3.38322875438477
O            1.14370989618177        3.46670063495479       -2.70025163574487
H            1.09536365706446        2.49880710291541       -2.79955168223190
H            1.24373239549130        3.80886867743341       -3.59055790201258
O            0.95155901667104        4.15029654799084       -0.01090065406366
H            0.94070248560865        3.94900821386964       -0.97434934100022
H            1.87051935302414        4.04916771124834        0.25331074601958
O            0.95519935071433        3.11367840801609        3.14920561297684
H            1.02846343095039        3.51026215356277        2.27420447218462
H            0.01003632894638        3.17861129301588        3.38883593197530
O            4.21133355865445       -2.82450411568824       -3.33575826206518
H            4.24562418585125       -3.77019468186526       -3.52646765827657
H            4.98952727163183       -2.64963282279553       -2.78706075221130
O            4.57093238724054       -2.81300981590249       -0.01649308071678
H            4.14195308702365       -3.20982774802359        0.74835345615600
H            5.35189480647384       -2.36046190467859        0.31202343550582
60
 energy: -101.606911038769 gnorm: 0.171291415145 xtb: 6.7.1 (edcfbbe)
O           -1.93287982961828       -2.90256018301043       -2.77400232610348
H           -2.65931663530815       -2.84219402388619       -3.39063194740718
H           -1.32890002514699       -2.20155562008878       -3.03027430448213
O           -2.22397166661467       -2.87347822845101        0.27760981963037
H           -3.06293197133471       -2.48268059217893        0.13289789216388
H           -1.80251750820708       -2.88886418666873       -0.56682539866960
O           -1.57030328691510       -2.62003315892476        2.86470203933276
H           -1.51127912205815       -2.79147833182029        1.98162620617644
H           -1.94679448131011       -3.38084297998248        3.32400240827203
O           -1.98832471043757        0.23790267245643       -2.96071514242835
H           -1.39712571447753        0.98394314049276       -3.11188500830038
H           -2.14335010183988        0.23907335206800       -2.00563381890650
O           -2.48676633753054        0.70812343576381       -0.23958835815265
H           -2.75080411336408        0.27901501051356        0.59895185974751
H           -2.07207462402308        1.55483957202199        0.01626787342069
O           -1.83650678362810        0.09061349867839        3.63414404978773
H           -1.78749374212359       -0.79070790068174        3.26675620577055
H           -1.86358814743310        0.73216618807535        2.91657476324835
O           -2.34357585749511        3.55306576861763       -2.40413544655716
H           -3.09739056721942        2.91641782636604       -2.63377532269621
H           -2.41026332567091        4.25789241782426       -3.07907844780748
O           -1.66775981084961        3.29891608077460        0.31122002901729
H           -1.93905526775999        3.49932729904503       -0.60958598783226
H           -0.71282503816246        3.50360955922302        0.31382360013663
O           -1.76349296148276        3.51321099577392        3.16776211212670
H           -2.10531721259337        4.33033744782174        3.60426566469976
H           -1.94159723705830        3.59436137606673        2.22594814115594
O            1.04956574653904       -2.36120712097895       -3.10781034202489
H            0.66647728514794       -3.13707108605844       -2.60502722205324
H            2.03317000824548       -2.53357438952922       -3.06895297439003
O            0.98534788618451       -2.69434901495840        0.27443168809543
H            1.23337405072392       -2.75305220983181        1.22698612603962
H            1.82744669259383       -2.45988587986895       -0.20797215821471
O            1.32960468996389       -2.55924024304085        3.02988222883681
H            0.39414311328344       -2.67428081294569        3.18432938371330
H            1.50489872174391       -1.68212695364069        3.33829679942822
O            0.94477444706453        0.71916843439096       -2.94622596451559
H            0.97767518159905       -0.14048153947706       -3.37765169191831
H            0.61050096078724        0.52876292154338       -2.04587880270947
O            0.70898392524019        0.29236516581807       -0.23680091542247
H            0.53067367782424       -0.56053400848417        0.16295937065907
H            1.66617118233346        0.40819599505494       -0.25459204569880
O            1.09003651439383        0.29603972055419        3.39669548939126
H            0.14423598246161        0.23586233810476        3.70627061484465
H            1.26252719652812        1.24784987009093        3.38826647108219
O            1.13720431711144        3.45982851188490       -2.69048170421765
H            1.08816118947087        2.49184244530141       -2.79432189795677
H            1.23218104754346        3.80756003746288       -3.57889394068070
O            0.96082201964216        4.12628790821718       -0.01733807122420
H            0.94737100170802        3.95605290531072       -0.97181533711736
H            1.87733269627511        4.04494941347625        0.25196615198652
O            0.93448030872000        3.15496305937096        3.14133664481455
H            1.02460263361460        3.47832143175539        2.26754523126723
H            0.01701771555915        3.14041200727224        3.37585649171366
O            4.19297087623331       -2.82560014777331       -3.32050003677059
H            4.23649416313383       -3.75985503746419       -3.52235953498354
H            4.95793371021948       -2.65025620273251       -2.78333258439329
O            4.56557687603938       -2.80688315984376       -0.01815566369362
H            4.13286405150675       -3.20445849015521        0.74152007044867
H            5.34464874022119       -2.35735104469786        0.31726209031066
60
 energy: -101.618843871363 gnorm: 0.098930755364 xtb: 6.7.1 (edcfbbe)
O           -1.92560026402296       -2.91115504453675       -2.76614113857614
H           -2.65911875322152       -2.83445359188595       -3.38003969801166
H           -1.32815595837545       -2.17601774322571       -3.00436209306388
O           -2.23493418702838       -2.87748470687080        0.27499640854016
H           -3.07717131204843       -2.46537307087068        0.10628311117393
H           -1.78205765057570       -2.90074049571567       -0.56888549059516
O           -1.50361269570628       -2.63466953125338        2.89441379844451
H           -1.56025562800385       -2.77850267062423        1.93888419377835
H           -1.95005711007403       -3.36405512582365        3.32363050514687
O           -1.99517965183723        0.23897656847780       -2.95834293774569
H           -1.38595390434414        0.97001997399678       -3.11182086373680
H           -2.14769619771974        0.24249904619728       -2.00230558885993
O           -2.48608309886508        0.71017201950919       -0.23952236488463
H           -2.74977821413734        0.27788019362215        0.60517939512133
H           -2.07221116053246        1.55553959869058        0.01788748233624
O           -1.80601809374679        0.09520089183647        3.63956183172591
H           -1.78520875523062       -0.79970329715812        3.26758556379725
H           -1.85648177675131        0.72736610728874        2.91258407128278
O           -2.33493993302712        3.51946433291830       -2.44849270524076
H           -3.09568341749098        2.93125228448117       -2.58748889363585
H           -2.41788612887461        4.25722235793644       -3.06230293291702
O           -1.66508760143222        3.27691383541059        0.31442615240376
H           -1.94323895061946        3.50655140179998       -0.60780913487685
H           -0.70546138659017        3.50907926692721        0.30994780274662
O           -1.80463561804782        3.50681083581310        3.16776077041391
H           -2.06918832783717        4.31616534823360        3.58747814778725
H           -1.93827915147402        3.59606444734195        2.21180742192585
O            1.07881558360349       -2.40801054751253       -3.13172515422831
H            0.67126521779019       -3.08856993435851       -2.59161689759110
H            2.02283663717657       -2.49364156958183       -3.05886354134648
O            1.04209299967519       -2.72503199933271        0.29090900145985
H            1.24346646916116       -2.70424943606747        1.22172448161445
H            1.76777529108145       -2.44232804030019       -0.20384489333804
O            1.34019456292694       -2.55935415433219        3.02906304945505
H            0.39024645989967       -2.69135025558606        3.16513732456582
H            1.49329067923545       -1.63507081100056        3.30279054417366
O            0.92436970510368        0.72734792778156       -2.95871820355488
H            0.97648955911920       -0.14992096907435       -3.36830642546779
H            0.62360138565091        0.52649888451617       -2.02496714105468
O            0.68796333508941        0.29005559568695       -0.26650737736398
H            0.52580866666249       -0.57376495227292        0.17890605878570
H            1.67744173686478        0.39833838061173       -0.23273831206928
O            1.08262589667001        0.28938656118793        3.41661104696692
H            0.13781160225737        0.22950460575047        3.69569647999144
H            1.25624212725673        1.24132292740102        3.38525642843822
O            1.14308180674188        3.45424833498563       -2.68576244384301
H            1.08912927143376        2.48709473213947       -2.79005283538257
H            1.23076317922672        3.80568015857137       -3.57342558673789
O            0.96462024879970        4.11597982736519       -0.01691642024767
H            0.94827076912707        3.95178840601003       -0.96997242979077
H            1.87958035545802        4.04119788820972        0.24776363873911
O            0.94954649593453        3.10035029720336        3.13244514313982
H            1.01744674437527        3.49775305450883        2.25893405865631
H            0.00886724501781        3.15907222867878        3.37421021645551
O            4.17562730423697       -2.82735677202695       -3.32235513928916
H            4.22988195539666       -3.76668052488735       -3.52771527579095
H            4.93612831078557       -2.63906870434139       -2.76208300002066
O            4.56275952513448       -2.80379829265768       -0.01981124580951
H            4.12529150317783       -3.20169703912657        0.73764149373552
H            5.33970482753881       -2.35407378064663        0.31929566225837
60
 energy: -101.596205105961 gnorm: 0.203985863168 xtb: 6.7.1 (edcfbbe)
O           -1.92539493725471       -2.88385528093000       -2.74307964874481
H           -2.65788014825756       -2.83705032399627       -3.36244124592219
H           -1.32292699524733       -2.17533376968348       -3.00245704762423
O           -2.24573295131932       -2.87158322308686        0.28653817662608
H           -3.11059147721600       -2.43877615743267        0.06708585577435
H           -1.74002440787127       -2.93024852852181       -0.57373707496053
O           -1.42201051947723       -2.65129116534754        2.93501490589067
H           -1.62821120526746       -2.75792931827110        1.87259263573522
H           -1.95427866658682       -3.34773504733207        3.31628968745889
O           -1.99994571244040        0.23486067057595       -2.95340441296789
H           -1.37194962277167        0.94942245168498       -3.11142478158599
H           -2.15770316119043        0.24956029108869       -1.99525103561576
O           -2.42748171869166        0.67328625888140       -0.19642990578502
H           -2.79801179608159        0.30452808796580        0.56216271966936
H           -2.08276714050359        1.55893745423237        0.01939028706273
O           -1.78109801143297        0.10079474318740        3.64111376755114
H           -1.77476798105900       -0.80847151489146        3.26662832178977
H           -1.84292367585052        0.72357839161462        2.91442727365743
O           -2.33335368330709        3.48606576479390       -2.50263775695847
H           -3.07602304366737        2.95097306355873       -2.53328690456122
H           -2.43356194078627        4.24655525926519       -3.04007378416934
O           -1.67064583608202        3.35298562680518        0.30982377234327
H           -1.91244212001414        3.46590199680542       -0.60109383760730
H           -0.71819074752979        3.46971627090416        0.32979096899302
O           -1.81953373398393        3.50527984740553        3.17440419087272
H           -2.06721709044436        4.31333436031714        3.56632111775780
H           -1.92543451060360        3.57892659368180        2.19915339531857
O            1.06353039938839       -2.39073117331539       -3.11675135678331
H            0.67850828979042       -3.04607784031960       -2.58194582819501
H            2.05103140442054       -2.50694313622646       -3.08535430778831
O            0.95569709057501       -2.63431164069140        0.27169256645040
H            1.20937597618911       -2.74235791454301        1.24730409025894
H            1.89969985263726       -2.45825448457108       -0.20314325810974
O            1.35009963558037       -2.54895891771605        3.01432222330607
H            0.38265639359910       -2.69672567419553        3.15102927468356
H            1.49473409691224       -1.59594616329617        3.27824521129080
O            0.95152402712036        0.70734269930859       -2.92029174081607
H            0.97435996351804       -0.13808593620169       -3.37213311393218
H            0.58550822535107        0.52652062755191       -2.04879475199815
O            0.73114424549245        0.27105855088838       -0.15935813258326
H            0.51776912480080       -0.59460456562401        0.13745473400447
H            1.62905468863644        0.40325900692434       -0.29028599375791
O            1.06428253495640        0.27928715420061        3.48653052665624
H            0.14512893013169        0.21947387466504        3.64439154506033
H            1.24823354456612        1.23432755626582        3.36860244193457
O            1.15351508074427        3.44685384884598       -2.67767776603297
H            1.08597491614037        2.48174609884371       -2.78311430043268
H            1.22786080052024        3.80350486640823       -3.56492886494879
O            0.96058155377454        4.12968107902581       -0.01256663773779
H            0.95498656019980        3.93303141763773       -0.97393217734409
H            1.87658453473589        4.03117234765410        0.25305461309493
O            0.94778024609439        3.13342457895395        3.13534445521747
H            1.01745101111698        3.47069228307836        2.24639860145293
H            0.00752516195045        3.14083917182992        3.36615427953489
O            4.15322795108867       -2.82688305251998       -3.31814343328127
H            4.21854104527371       -3.77289053847405       -3.53652915982432
H            4.91838587284175       -2.62674882410912       -2.74355710821825
O            4.55914681968285       -2.79813735236655       -0.02396872071885
H            4.11365575322602       -3.20010828906573        0.73103694728925
H            5.33560963387774       -2.35020720210270        0.32141062225900
60
 energy: -101.624982912149 gnorm: 0.061267307150 xtb: 6.7.1 (edcfbbe)
O           -1.92161383885840       -2.87063586947484       -2.73105734660790
H           -2.65166403404949       -2.83406804300823       -3.34907751590464
H           -1.32506246947741       -2.16992485230564       -2.99641274015632
O           -2.24228783261755       -2.87271333693675        0.27376279887507
H           -3.08830459812469       -2.44508900316480        0.07482022357727
H           -1.76039087559970       -2.91793594862381       -0.57320383348039
O           -1.49630322337047       -2.62445653922752        2.87712644919450
H           -1.56648058599714       -2.77192630402947        1.90945509730726
H           -1.94612227613702       -3.35044496223859        3.30836001033816
O           -2.00437929674400        0.23333701803673       -2.95107629369800
H           -1.36511340747966        0.93915474764767       -3.11272733772195
H           -2.15941529987439        0.25284992056976       -1.99417551556233
O           -2.43961924591588        0.67951178354808       -0.20418803487323
H           -2.79083116074215        0.30160191523635        0.57701813358033
H           -2.07931663021439        1.55663436097567        0.01861270055024
O           -1.77634962116230        0.09143928672312        3.63780414469271
H           -1.75799139384538       -0.80739437743163        3.26948996985938
H           -1.83864652085865        0.71911044905561        2.91372074385884
O           -2.33313412528166        3.50199306965387       -2.46375205617318
H           -3.07885734670625        2.92061266235492       -2.55694421351793
H           -2.43520769573170        4.24870792274018       -3.04512794953270
O           -1.66588040892162        3.34784656681193        0.30899080949752
H           -1.91230743217300        3.46889533106886       -0.60618307028201
H           -0.71231171781323        3.47075624263322        0.32598323743692
O           -1.78923107173650        3.49691795530895        3.15969026485677
H           -2.09594294281452        4.32314193896138        3.55995160417480
H           -1.93052917246624        3.56096359619646        2.19918924832135
O            1.08681945225696       -2.38027142882438       -3.12780254631631
H            0.68019191610430       -3.04783232087075       -2.57570945484431
H            2.04298269113288       -2.48564222272508       -3.07798560510380
O            1.02213461189917       -2.67132030149373        0.27523939743300
H            1.20784102827554       -2.70784075802869        1.24455503626188
H            1.83794388725314       -2.42882276575899       -0.19470794618478
O            1.34547847495317       -2.53151740642260        2.99317143170406
H            0.39275829989745       -2.67665275937333        3.14722152102489
H            1.49686796858416       -1.61199307924428        3.27118176281622
O            0.94066929402078        0.70687655670253       -2.91722777523269
H            0.97447976366110       -0.14165730018138       -3.36305020271483
H            0.58812227950917        0.52288802221096       -2.04017132270636
O            0.70734656476722        0.26549396795627       -0.20281706029781
H            0.51845489504878       -0.60140496285405        0.14917038115755
H            1.64809184384973        0.39719347182420       -0.25309681175447
O            1.06904970720081        0.27469575385008        3.46179115986666
H            0.13621911236753        0.21639641307878        3.66630247583324
H            1.24678260490408        1.22664828532768        3.37260627191543
O            1.15272339668359        3.44474278166293       -2.67542879190173
H            1.08551945156899        2.47920618792956       -2.78245438585255
H            1.22418254952898        3.80237563161053       -3.56196894508641
O            0.96498926018360        4.11658771194898       -0.01461431768897
H            0.95472971158101        3.93643505142193       -0.96943804673767
H            1.87983967407584        4.02904468373233        0.25242648543831
O            0.95382429338770        3.09089164196144        3.12546194083829
H            1.01043192805411        3.48498726203853        2.24310309808597
H            0.00469867212566        3.15361655515694        3.36721260162602
O            4.14812049543456       -2.82883531507028       -3.31666020279549
H            4.20875707367763       -3.76465209599377       -3.52914815780117
H            4.89914221425148       -2.63043300910383       -2.73938352325913
O            4.55560829157115       -2.79567165955180       -0.02397057399893
H            4.11063132524490       -3.19697153508244        0.72877016079745
H            5.33092402165374       -2.34877132889664        0.32328753685695
60
 energy: -101.611002177579 gnorm: 0.168316112124 xtb: 6.7.1 (edcfbbe)
O           -1.90271603106916       -2.89119451742677       -2.72309580969700
H           -2.64287992873509       -2.81719057843399       -3.32669393445475
H           -1.33592712121553       -2.11940778663392       -2.94778150152140
O           -2.24744142085092       -2.87416945396603        0.23911236491388
H           -3.06162318918251       -2.44731157202853        0.06680712940466
H           -1.79372748336086       -2.90097155084689       -0.58445484484491
O           -1.40362978574676       -2.64597344383856        2.88398211469442
H           -1.60800678164352       -2.74586532742367        1.89029135191665
H           -1.94181693711546       -3.32941167389994        3.29475312810443
O           -2.01378482476643        0.23331546886079       -2.94935954661207
H           -1.35191714348969        0.91983529960487       -3.11057009096196
H           -2.15958257627525        0.25454760092677       -1.99396060313891
O           -2.51911465692004        0.73053109059626       -0.25237504837444
H           -2.72644574452479        0.27830795657640        0.64785092213906
H           -2.06205826724107        1.55687745318588        0.01405455707924
O           -1.74720937679339        0.07932622545193        3.63769285371873
H           -1.74386893198961       -0.81211275732211        3.27210115554445
H           -1.82791931535118        0.70768316395910        2.90565479578081
O           -2.33398399329127        3.51747133538892       -2.40468540053549
H           -3.08035106750171        2.87790355185035       -2.58089895517036
H           -2.44274383042359        4.23877291591620       -3.05506292283617
O           -1.64692653630830        3.25244480569239        0.32092921766633
H           -1.94697283943283        3.51024501832950       -0.60467907552425
H           -0.68284917345071        3.49957930853611        0.29665568339290
O           -1.84272469083326        3.47653371715116        3.13839708012288
H           -2.03786480571894        4.28752354525521        3.54787284756006
H           -1.92014924456873        3.57898647390850        2.18761684576627
O            1.09282694009900       -2.31766605459495       -3.11111828914185
H            0.69535999776257       -3.03661858363898       -2.56379257885858
H            2.06037622123691       -2.48711866276002       -3.10111400842140
O            1.01847906561443       -2.63258436987515        0.29808640071907
H            1.25172910276019       -2.66972916143344        1.22080292508700
H            1.81852585247811       -2.44661489468671       -0.17971251981080
O            1.33730006262725       -2.52421784667680        2.99564703225043
H            0.40100028939513       -2.65248627173876        3.12039931332599
H            1.47591449536824       -1.59090809592087        3.22230919011275
O            0.86204466359291        0.73832426231965       -2.97201567296302
H            0.97304458103608       -0.17308842389248       -3.33119737126226
H            0.65237885763634        0.51611032851543       -1.97218381154857
O            0.66975957759119        0.24898087075715       -0.26112461624429
H            0.52284175935732       -0.61812611220227        0.16814125368211
H            1.65736829911270        0.38649583531942       -0.20170280074470
O            1.07710249651362        0.26353813646178        3.40704980731096
H            0.11847563493691        0.21121990319791        3.72865069347377
H            1.24688799338853        1.21164507879187        3.37262416622110
O            1.15006843384233        3.43687762528879       -2.66689910245496
H            1.08536007621744        2.47027833218516       -2.77677957336460
H            1.21436075744889        3.79712533471550       -3.55252194789580
O            0.97139449961555        4.11443603041517       -0.01842880237712
H            0.96929313590303        3.91571308968877       -0.97408096800725
H            1.88443459248055        4.02002135618093        0.26007951657553
O            0.92200396275236        3.13717760311029        3.11400767789449
H            1.00983866698710        3.43780500888523        2.23559016225176
H            0.00619387386993        3.11131593480126        3.34505761190116
O            4.11649738387850       -2.82966146441416       -3.29547138483807
H            4.20585520320037       -3.75762597441623       -3.52810984236642
H            4.85208688647191       -2.62806182920074       -2.72919398064280
O            4.54964204041576       -2.78861518243171       -0.02708029687302
H            4.09740465875324       -3.18987474757625        0.71873568249064
H            5.32144816545213       -2.34366806452437        0.33110694037427
60
 energy: -101.631319087106 gnorm: 0.044057831772 xtb: 6.7.1 (edcfbbe)
O           -1.89855476830431       -2.87107352425947       -2.70675429700872
H           -2.63885591021733       -2.81620483266911       -3.31124026672042
H           -1.33587490980210       -2.11449924479463       -2.94167639868027
O           -2.25367295795089       -2.87617741226714        0.24840568376907
H           -3.07464245247335       -2.42656022522002        0.04710316890399
H           -1.77024859777780       -2.91384059769110       -0.58576665111957
O           -1.46266781803687       -2.62043381536128        2.84946047916475
H           -1.56578028311736       -2.75202783036829        1.89743457263187
H           -1.93270762222832       -3.33279989344829        3.28363195629100
O           -2.01848944788625        0.22930984093313       -2.94612779358315
H           -1.34153350784145        0.90360417270873       -3.11201121315595
H           -2.16491401731922        0.25844426452345       -1.98909065546389
O           -2.47642902284758        0.70420673137569       -0.21391320743654
H           -2.76158873994796        0.30209111387391        0.61157032562903
H           -2.07202911785936        1.56092073294684        0.01806115058570
O           -1.73285268177138        0.07829367249467        3.63625566780509
H           -1.73213961194045       -0.81914785877847        3.27159848230002
H           -1.81776139709377        0.70338717483331        2.90758045949294
O           -2.34006600294384        3.50549410357102       -2.41677152081721
H           -3.06806894557424        2.87864768153971       -2.56377185620472
H           -2.44910908222713        4.22952435310648       -3.04153750257338
O           -1.64362698871843        3.27501931248405        0.31301888813020
H           -1.93077287958169        3.49436385195570       -0.59918600330824
H           -0.68847589163232        3.48764268996814        0.30052643793778
O           -1.82766892777265        3.47348977198429        3.13652294917416
H           -2.05779103014105        4.29633813307635        3.53445955344708
H           -1.91701661955570        3.55360815250226        2.17787572763285
O            1.10774551929794       -2.32800955059597       -3.11834043833417
H            0.70402235818833       -3.00808064695145       -2.55992222578105
H            2.05769980281170       -2.46357847035921       -3.09694642227596
O            1.01231156975518       -2.60624018489438        0.29256413119217
H            1.24905637481480       -2.67047733446300        1.23261276071777
H            1.83256593184581       -2.43867434636439       -0.17965591393435
O            1.34821065192291       -2.50993170303744        2.97570135778604
H            0.40237536267736       -2.65452340666527        3.11189064613387
H            1.47795029575442       -1.57266381443288        3.20983770820764
O            0.90052422396388        0.70927610731019       -2.91684380700151
H            0.96430142998319       -0.15526648738387       -3.33363282030212
H            0.60941168500899        0.51722893134224       -2.00222497500501
O            0.68469537066712        0.23630352605986       -0.23536870042993
H            0.52078496499403       -0.62876439894432        0.15957574841242
H            1.63750675603010        0.38387174371925       -0.21678069179641
O            1.06567150537006        0.25844705922020        3.43191213208792
H            0.12677034340243        0.20609599733775        3.70844959225786
H            1.24091654547618        1.20832657528644        3.36920524946962
O            1.15774179800109        3.43123894619387       -2.65966429321665
H            1.08188347449315        2.46574095491650       -2.77378460587556
H            1.20945602008327        3.79558010922807       -3.54549299655928
O            0.97431780124486        4.10683514933801       -0.01883282133712
H            0.97128466972929        3.91156715640014       -0.97185537935859
H            1.88564052018668        4.01667976997760        0.26015528620842
O            0.93383027740624        3.09068318550425        3.10748268174198
H            1.00343824049684        3.45321211857840        2.22445479153958
H           -0.00447870110067        3.12197904987208        3.34717448728427
O            4.10159505646462       -2.83181734595260       -3.29992806514858
H            4.19676798437203       -3.76037729836712       -3.53203494281824
H            4.82991463199272       -2.61782923128875       -2.70695829446335
O            4.54571398163405       -2.78344054361869       -0.02942733416592
H            4.08984001238477       -3.18750029455014        0.71432134872755
H            5.31693530320554       -2.34083658141498        0.33261378920170
60
 energy: -101.621784950145 gnorm: 0.133486365939 xtb: 6.7.1 (edcfbbe)
O           -1.89347505994730       -2.81318642353289       -2.65734800387727
H           -2.62726751700399       -2.81411640334609       -3.26903760339299
H           -1.33021869256610       -2.10435442595679       -2.92743230041651
O           -2.26006939494484       -2.87465372266883        0.23841808805785
H           -3.07944404895590       -2.40438142950017        0.02640744385001
H           -1.76634412341013       -2.92012109566265       -0.60091114032824
O           -1.42483070335796       -2.61560409310165        2.83759068665155
H           -1.60311801356155       -2.72919080490744        1.84472804231181
H           -1.91344786039112       -3.31694614144624        3.26877983384419
O           -2.01793177239135        0.21507303599923       -2.93889651259606
H           -1.32662525043240        0.87140842415875       -3.10958873671886
H           -2.17568113604999        0.26369631687997       -1.98195920802427
O           -2.49769724474984        0.70711635718184       -0.20971234462312
H           -2.74752890422233        0.30360195364707        0.62281871309806
H           -2.06741299878995        1.55806284774143        0.01607064507267
O           -1.72039051184181        0.06817241414458        3.63112866138351
H           -1.69377409624900       -0.82884731070498        3.27307102295058
H           -1.79061585350937        0.69424518155165        2.91559884995285
O           -2.34554587320987        3.48876869573945       -2.41796899336461
H           -3.04833967793990        2.86486120056380       -2.53616019969597
H           -2.46453288065952        4.20750212968879       -3.02638647097721
O           -1.63816944659344        3.35080644920251        0.30545404918619
H           -1.89161470318264        3.44826883804774       -0.59442612076301
H           -0.69057964014059        3.44787497728814        0.31408934308064
O           -1.73129301053185        3.46644827788542        3.13159854203128
H           -2.18438285969003        4.34706372625926        3.48585995851149
H           -1.90286146897103        3.45142630252627        2.15708020687097
O            1.11007824807994       -2.27899430346688       -3.10014212721477
H            0.72659716897416       -2.95907461943110       -2.55297573806733
H            2.08495012828103       -2.45137268977421       -3.12474316186331
O            1.04505073761899       -2.58533129372014        0.25982770074277
H            1.18262890955495       -2.65742874338439        1.25834733912945
H            1.87527322179398       -2.38957162023752       -0.17372238654804
O            1.35991764056570       -2.46536297298651        2.91503292439247
H            0.40877045791706       -2.64439662135358        3.09396340583567
H            1.48212572987722       -1.55531208383984        3.19630969759164
O            0.83761706780199        0.72567790427799       -2.94066727983897
H            0.97087240662791       -0.17840107700608       -3.29773150976636
H            0.63730355571112        0.50885908857211       -1.96661966863478
O            0.67113149121342        0.20994519697744       -0.24021818141443
H            0.51209880471077       -0.65386180221286        0.14369157430997
H            1.62735576073880        0.37457459156795       -0.17841889829586
O            1.05836946576851        0.25017169260047        3.46154832571252
H            0.13886347856475        0.19130242174293        3.69044499803046
H            1.23166317688218        1.20333765649269        3.35507838285967
O            1.16757913968814        3.41606703658547       -2.64508681120894
H            1.07995335335578        2.45203117308561       -2.76229802190825
H            1.20118615059555        3.78561626397844       -3.53031597675518
O            0.97575472412778        4.09891645913453       -0.01896134880045
H            0.98088351825871        3.89501833528037       -0.97098229596667
H            1.88473640937583        4.00292194733388        0.26716810287604
O            0.94510320755391        3.03788152995882        3.08683722502494
H            0.98746012373338        3.45123342823809        2.20483890196714
H           -0.00568096778242        3.11927304253390        3.34230703171192
O            4.06186419202621       -2.83044246376325       -3.29618769388286
H            4.16874326361108       -3.76003521131550       -3.52444048906029
H            4.77847975626013       -2.61139396113770       -2.67313194420483
O            4.53447025278411       -2.77311075416868       -0.03367816569726
H            4.07158429163284       -3.18170802350986        0.70496877336816
H            5.30347040738770       -2.33334954470920        0.33700598348789
60
 energy: -101.636281721730 gnorm: 0.040232718936 xtb: 6.7.1 (edcfbbe)
O           -1.88003878185134       -2.81890044705954       -2.64939812825216
H           -2.62208683806703       -2.80673287638753       -3.25197697674596
H           -1.33468328183411       -2.06899987857091       -2.90205284491698
O           -2.25994741890733       -2.87194460917029        0.22973011497106
H           -3.06849223651576       -2.40123484173870        0.02347884514230
H           -1.77532605985601       -2.91858556993744       -0.60307499646265
O           -1.44309747589532       -2.60662122343070        2.81226241737044
H           -1.59219477147770       -2.72857767752270        1.84540036413130
H           -1.91015207700512       -3.31543834892596        3.25779467985922
O           -2.02415520825535        0.21196003568319       -2.93586861624823
H           -1.31524910490225        0.85212860787392       -3.10962067228305
H           -2.17913070253846        0.26635373970110       -1.97972412348072
O           -2.50106197801007        0.71041439454645       -0.21007953665461
H           -2.74286286409964        0.29944305568873        0.62862911560525
H           -2.07098156651726        1.55806613397465        0.01970760988079
O           -1.70431949267343        0.06268969709185        3.63314542167476
H           -1.68667386976905       -0.83474515005496        3.27505657495708
H           -1.78627071743040        0.68799195096085        2.91266998224631
O           -2.34652185005477        3.49621147074968       -2.39383720726270
H           -3.04100539420730        2.83902296468702       -2.54622444425079
H           -2.47287821659785        4.20262174926143       -3.02884671473361
O           -1.62795741853254        3.32643541479119        0.31385391993888
H           -1.90665125289468        3.45874898570221       -0.59256919386254
H           -0.67302527324976        3.45487420254232        0.30170437491850
O           -1.81623945111483        3.45335678082468        3.11817925126543
H           -2.09351143633182        4.30214839448202        3.47756915413235
H           -1.90636068524015        3.48511310496318        2.14747076360670
O            1.12902452544755       -2.26873660765191       -3.10717295193280
H            0.73263871482098       -2.93754684799987       -2.54610820407935
H            2.08527810413192       -2.42953002678698       -3.12276241763444
O            1.04129667159853       -2.56108396380268        0.26727428046668
H            1.18836453176314       -2.62196610128271        1.24348916433913
H            1.88111417257395       -2.40311302462331       -0.17167928348091
O            1.36527485412777       -2.46825294335416        2.92544022254696
H            0.41856205760837       -2.63523309073050        3.07676673719590
H            1.47584378569001       -1.53476580928960        3.17105199414089
O            0.86535457824812        0.70263429062278       -2.89620127914848
H            0.96394338830870       -0.16765865610673       -3.29764194836671
H            0.59797848365021        0.51014474506637       -1.98359193970618
O            0.67133982638967        0.19932815349982       -0.23668969667917
H            0.51412380826120       -0.66721622497833        0.14690451065347
H            1.61844124068910        0.37212718972030       -0.17685412340937
O            1.06519166593505        0.24524183128227        3.43955296391668
H            0.13614049242432        0.18543479692819        3.71434725887995
H            1.23135991429340        1.19699201849169        3.35296224443640
O            1.17347597411392        3.41025789455431       -2.64188768812130
H            1.07780816078916        2.44660382287442       -2.76036854522070
H            1.19652105943129        3.78142533931700       -3.52688789903580
O            0.98234584015141        4.08840626075051       -0.01780292654577
H            0.98434842792978        3.89164133363785       -0.96652947162060
H            1.89000129767807        3.99885260054738        0.26802815191408
O            0.93795639470777        3.03648223256316        3.07742751425971
H            0.98369756604974        3.43787133438110        2.19901116926508
H           -0.00645570593051        3.11032179043967        3.33336640045032
O            4.04330100900478       -2.82982295412143       -3.28504160323409
H            4.15554689308914       -3.75377416560889       -3.52129987719204
H            4.75343628718355       -2.61130683065522       -2.66675469794309
O            4.52925256112295       -2.76711930503031       -0.03587149448097
H            4.06443985318262       -3.17651429839141        0.69967251693915
H            5.29699151936133       -2.32924958496626        0.33838690386838
60
 energy: -101.624124500748 gnorm: 0.154414793708 xtb: 6.7.1 (edcfbbe)
O           -1.84902369381826       -2.83054318186575       -2.63790326395941
H           -2.61248095512594       -2.79612546667459       -3.21534763225451
H           -1.35007551776317       -2.00046398947542       -2.86124703126022
O           -2.27688339314424       -2.86470236957524        0.22460278411439
H           -3.06648774352719       -2.36101364637483       -0.01757018699528
H           -1.75671385318779       -2.93795049114510       -0.59703933986989
O           -1.47437085953951       -2.58710902704925        2.76452185058393
H           -1.55642841896384       -2.72498048376485        1.84784960467991
H           -1.90601700125822       -3.31027670150542        3.22524418308512
O           -2.02449357158349        0.19684725447316       -2.92132655478608
H           -1.29909725256668        0.81507048920369       -3.10399869674228
H           -2.18427772454211        0.27074710816761       -1.96756516840441
O           -2.43101511106060        0.68590575791859       -0.16734969973147
H           -2.79231535490639        0.32337316870609        0.57927788922375
H           -2.09831776271967        1.57329286739145        0.03357596778334
O           -1.65388664259177        0.05836489182626        3.64450230816417
H           -1.68971350606096       -0.84595979529276        3.27422676266423
H           -1.78773882146598        0.67792052343123        2.90532910749065
O           -2.34303388585180        3.46325181086331       -2.40403989193167
H           -3.03530865298940        2.82583020204771       -2.50076439910235
H           -2.48977602185799        4.18711517966229       -3.01935263250266
O           -1.60338496414929        3.19554921053151        0.32890380554090
H           -1.95139576930163        3.52018806942479       -0.58077291304614
H           -0.64167034910649        3.49983466390638        0.26900085268709
O           -1.81480624803210        3.43931115107418        3.08955279832250
H           -2.08556244228225        4.27232468717940        3.45736472091921
H           -1.91690783706463        3.48390804415639        2.13538951133977
O            1.15269558155562       -2.22593906344947       -3.10960043958944
H            0.74430848922124       -2.90149486424230       -2.54432170928776
H            2.09264047335651       -2.39724652246514       -3.12112898214038
O            1.01166339109582       -2.49960973089279        0.28381420430031
H            1.25236490551677       -2.58306393944876        1.20421528565162
H            1.87814008387690       -2.43485954208668       -0.17543234288289
O            1.36593307686306       -2.46060220149075        2.92787545681444
H            0.42953588862695       -2.61303421194839        3.06686198201565
H            1.47209379400785       -1.50618908201664        3.12414492130902
O            0.78899575970003        0.71730591352838       -2.93703555729992
H            0.96176674761296       -0.19547624126847       -3.27442103310974
H            0.64094449073539        0.49040028351825       -1.93184852723911
O            0.65688557610123        0.18235504566699       -0.24553868289166
H            0.52878174423384       -0.69421758798767        0.16941414100653
H            1.59664393640687        0.37421927751688       -0.16886533337688
O            1.07407104201594        0.23774943708901        3.45311593019720
H            0.14395509080020        0.17660921288264        3.71244464964172
H            1.23354952523604        1.18986757192091        3.33631086204635
O            1.18090991654957        3.39705593342838       -2.63523822110146
H            1.07673634331201        2.43412136796898       -2.75502025277000
H            1.18892337862022        3.77105073798388       -3.51846784655292
O            0.99323490688385        4.09797334873615       -0.00905252531783
H            1.00661651204898        3.86213876112644       -0.96785104252878
H            1.90157780770485        3.98763779531975        0.28434939587690
O            0.92054238673841        3.05384905277425        3.06295233935267
H            0.97752691092494        3.41437195366873        2.18645910690937
H           -0.00459830065068        3.07801083403619        3.31643853000548
O            4.00321605104277       -2.83097383782070       -3.26055111159600
H            4.13815495545032       -3.74782849349501       -3.52198039055675
H            4.69864065658192       -2.60811500165566       -2.64111221133985
O            4.51913800323655       -2.75814160456748       -0.04160387082869
H            4.04541108469921       -3.16859589102234        0.68740199670174
H            5.28324567435324       -2.32236337852638        0.34412166255552
60
 energy: -101.640372107172 gnorm: 0.038989119387 xtb: 6.7.1 (edcfbbe)
O           -1.84602639892614       -2.80098313144975       -2.61772161685702
H           -2.60734614184801       -2.79389869199346       -3.19908348227870
H           -1.34618771352740       -1.99792339286273       -2.85906967148165
O           -2.27567115609087       -2.86459605746028        0.21789157233374
H           -3.06460647050099       -2.35601574367553       -0.01617459111831
H           -1.76258618578406       -2.93594359998569       -0.60711925162523
O           -1.43899381321312       -2.59709311808595        2.77907516303007
H           -1.59059823380522       -2.71521468189539        1.81873111244964
H           -1.90714121723850       -3.30508003923171        3.22044708211512
O           -2.03244204628111        0.19471889898276       -2.92122758964717
H           -1.28734927308315        0.79481356338637       -3.10283816545434
H           -2.18324627582825        0.26813219875984       -1.96611637333382
O           -2.47655262694286        0.69986025309347       -0.19063435183684
H           -2.76193457131983        0.30459366575432        0.62105413500713
H           -2.08566205241649        1.56400437406227        0.02462665329756
O           -1.66668822661785        0.05304309091637        3.63928615878733
H           -1.67747756682165       -0.84808963928573        3.27327821605668
H           -1.77631877867910        0.67590363612584        2.91488948233432
O           -2.34706768771389        3.47629682809801       -2.38357917087351
H           -3.02208379506623        2.80347148044474       -2.51494974205035
H           -2.49866079390393        4.17877816209666       -3.01901941255202
O           -1.61134664932984        3.26188532986078        0.31751606377902
H           -1.92147789999912        3.48609279130404       -0.58501810785035
H           -0.65594744771715        3.47365080573183        0.28413558131768
O           -1.80544197219761        3.43121924298803        3.08603812981300
H           -2.09586288511078        4.27352684610582        3.44720390715603
H           -1.91318929279190        3.46956447812438        2.12680349282981
O            1.15166327628075       -2.20450087551441       -3.10256540670355
H            0.75016965365391       -2.88005379701202       -2.54472485950126
H            2.10364951386755       -2.39234838100268       -3.12817062903736
O            1.03068699621662       -2.49658491851950        0.26479186641636
H            1.24800307383454       -2.59094608092610        1.21322421674026
H            1.87239046184009       -2.40299240295011       -0.18210338674981
O            1.36999107494445       -2.44648789882456        2.91557422237470
H            0.42744462212826       -2.61623697394643        3.06868296284554
H            1.47245303381711       -1.49800718683875        3.12603855967584
O            0.83183865618250        0.68612258356367       -2.88293623414304
H            0.94857270471614       -0.18058079330736       -3.28171509139213
H            0.59093396757555        0.49539619196046       -1.95909955482935
O            0.65683320935314        0.17786397323061       -0.24076130389167
H            0.52715438485012       -0.70128491209514        0.15198326568936
H            1.59757611209621        0.37637435711825       -0.15261965874676
O            1.08107208722345        0.23545157756526        3.43246118049511
H            0.14963869084496        0.17162132974463        3.72744175943431
H            1.23720574785460        1.18666208071851        3.33646251289857
O            1.18897975203775        3.39061766725055       -2.63452636187021
H            1.07515456612480        2.42868285330950       -2.75385429624339
H            1.18574850473248        3.76668251015166       -3.51771530342449
O            0.99897740233470        4.07566589010242       -0.00864641743129
H            1.00579393031085        3.87420308896928       -0.95885600188581
H            1.90608301924218        3.98628636230744        0.28290438191752
O            0.92284301282508        3.03802979417170        3.05705225121171
H            0.97058790108399        3.41537791399330        2.17828273663203
H           -0.00962954085628        3.07699123487465        3.31007788004599
O            3.99221989767513       -2.82983115268728       -3.26535922828616
H            4.12670852638972       -3.74818488778198       -3.51762805889799
H            4.67843945343105       -2.60510800148883       -2.62113733692781
O            4.51433969919619       -2.75290360919853       -0.04345082220264
H            4.03919389618646       -3.16562154480079        0.68437178009769
H            5.27825241475933       -2.31839828202415        0.34401027232880
60
 energy: -101.625659919118 gnorm: 0.167179995138 xtb: 6.7.1 (edcfbbe)
O           -1.83592464115258       -2.73739416092421       -2.57514987449351
H           -2.59449137901963       -2.79417602636117       -3.15802315961092
H           -1.34230071889600       -1.98821525237563       -2.86110372989510
O           -2.26101261583445       -2.86390525728882        0.19491940558433
H           -3.04195843139691       -2.36842761255023        0.01406932529621
H           -1.80235894409025       -2.90969043250965       -0.63678083139353
O           -1.46836000639726       -2.58333186200201        2.75295178682582
H           -1.57988787740012       -2.70900806121956        1.80722029260586
H           -1.91025113846142       -3.30593585622043        3.19827576141911
O           -2.02090381213736        0.17040710874768       -2.91628356425665
H           -1.27817263542088        0.76033416740851       -3.09804651936369
H           -2.18952667964138        0.26110661173343       -1.96386156508528
O           -2.55427039560704        0.72168745795756       -0.22088655059517
H           -2.71166714967889        0.27645722284768        0.67796219655190
H           -2.05683724290400        1.54011686805098        0.02572420764558
O           -1.67869832400164        0.04181162861539        3.63542861827531
H           -1.64439219855545       -0.84994659485163        3.27524432828764
H           -1.75963282996108        0.67323914939760        2.93190938872653
O           -2.35033230160853        3.49186217252754       -2.34908071976641
H           -2.98925591658465        2.75843017030857       -2.52750556348389
H           -2.51808869097855        4.16160685048706       -3.01724694071547
O           -1.62083626502176        3.34255933187041        0.30147193384957
H           -1.87463692542212        3.44628944577442       -0.58981528241521
H           -0.67746084798081        3.43245743932688        0.31150290459071
O           -1.86437654892156        3.41545247449351        3.08458578347474
H           -2.04850492309200        4.25921464087479        3.42600615109463
H           -1.89199778942538        3.46207226202330        2.10647607100579
O            1.17983949766994       -2.20270128005363       -3.12425158624124
H            0.74569305167429       -2.81879814055501       -2.53482104344685
H            2.10289224963386       -2.35163641434751       -3.12728071625608
O            1.05310768155213       -2.48128457641025        0.23919386917695
H            1.17243223019010       -2.54823589610738        1.23036672571384
H            1.93697756590636       -2.41405885674020       -0.19297713007857
O            1.37968225586582       -2.43401000597673        2.89470437461538
H            0.43590765693181       -2.60050139295590        3.04702729380039
H            1.47970066381670       -1.49494350424655        3.11450522975956
O            0.75097435300337        0.70715362696413       -2.92225189309718
H            0.96581292707497       -0.20808846554685       -3.24848540436285
H            0.61287781107686        0.48329528797260       -1.92864231635204
O            0.67076855464614        0.17021260229039       -0.18889451862027
H            0.52260173211439       -0.71503417894276        0.11505324081654
H            1.56798972330819        0.39532038799431       -0.15515646915968
O            1.08465367239775        0.23566687538762        3.49846932572267
H            0.17509426610565        0.16304170363004        3.67054132731840
H            1.23526570904270        1.19052042367834        3.31577919626967
O            1.21080896379307        3.37884940085732       -2.63009316869855
H            1.07755008783607        2.41891020650499       -2.74815742289420
H            1.18530447765180        3.75623489122428       -3.51292418425879
O            1.00029823555496        4.08121962853733        0.00060562445342
H            1.01292100560663        3.85065844858873       -0.95612985211047
H            1.90836941744271        3.97290238455602        0.29122783983168
O            0.93361349977785        2.97542365298305        3.03705721320392
H            0.95647986277452        3.41923991042836        2.16008504916228
H           -0.02230076155830        3.09596661399191        3.30450039906651
O            3.95862749648185       -2.82744258948622       -3.23738795177669
H            4.09592301891785       -3.73791846500517       -3.51110741832580
H            4.64732995969385       -2.60945117955678       -2.61013985938630
O            4.50162668677303       -2.74418332012319       -0.04951817771563
H            4.02776775072279       -3.15590942418791        0.67738717599609
H            5.26260845611224       -2.30881698146516        0.33766649370099
60
 energy: -101.643504606600 gnorm: 0.052382036943 xtb: 6.7.1 (edcfbbe)
O           -1.81921079876919       -2.75308083184656       -2.57752599639411
H           -2.59176801345617       -2.78981016054429       -3.14469132716217
H           -1.35004654327639       -1.94778254646016       -2.84343652814215
O           -2.26829095431635       -2.86484912366814        0.19289754040905
H           -3.04273244190562       -2.35145890093754        0.00604823200592
H           -1.79778617864473       -2.91221242266679       -0.63724711739819
O           -1.44610585506519       -2.59039475826761        2.75434796142103
H           -1.59546265752686       -2.70510392261106        1.79506404776811
H           -1.91038617414116       -3.30236612453873        3.19344053550295
O           -2.02922855103064        0.17012686996406       -2.91377980698511
H           -1.26598065800809        0.74139292982528       -3.09534950672557
H           -2.18935672970861        0.25947294951723       -1.96100126735906
O           -2.50466459863192        0.69737561386753       -0.18963020053408
H           -2.75138949988704        0.29252292570803        0.64108558003328
H           -2.07091673669711        1.54248524308500        0.03320805951709
O           -1.66470072372880        0.04113220997781        3.64090629049709
H           -1.64701223519191       -0.85376418552115        3.27373063226709
H           -1.76638482813295        0.67233673970146        2.92973492865187
O           -2.34704594177145        3.46984169663883       -2.37480659621190
H           -2.98914184586034        2.76567974908692       -2.50295226166827
H           -2.52488733513534        4.15791686820144       -3.01568128833706
O           -1.61209869892249        3.31211451352525        0.31121612926784
H           -1.89628662070727        3.46467038780948       -0.59094352483386
H           -0.65826018895059        3.44462467043698        0.29726490402948
O           -1.84422380995124        3.40834604317783        3.07999728568793
H           -2.06433586124161        4.26778340776447        3.41418394003017
H           -1.89604567454658        3.44228258077594        2.10476124477316
O            1.16628662860023       -2.16454761283829       -3.10924103365628
H            0.75008996254471       -2.80188904964631       -2.53036594359196
H            2.11960686259321       -2.36331725715155       -3.14682422465039
O            1.06612679897997       -2.48618569326807        0.23775486832123
H            1.17839866330439       -2.53605608779904        1.22081999540231
H            1.92800035887914       -2.40862204932331       -0.19364861835716
O            1.38057057758451       -2.42746205754141        2.88795395273189
H            0.43824544577869       -2.60009787031888        3.04680450205987
H            1.47873087072926       -1.49097631575886        3.11441106519898
O            0.77954742304287        0.68465488042235       -2.88420400027804
H            0.95497479345703       -0.19877286521602       -3.25288709523105
H            0.57907370108118        0.48617168426542       -1.94137435799936
O            0.64434436069797        0.17056655878762       -0.22648406226235
H            0.53091242973081       -0.72461133366915        0.10348314658614
H            1.58391810042706        0.40934461894578       -0.10477095436347
O            1.09888051002771        0.23446622545207        3.45132597064525
H            0.17041457788213        0.16078787731490        3.70501105815122
H            1.24196575503624        1.18572807030931        3.32421495809672
O            1.21355035666036        3.37340165439092       -2.63082197379662
H            1.07710331705662        2.41384371286053       -2.74738044636680
H            1.18249128328893        3.75157414452560       -3.51238472897341
O            1.00781369362145        4.06800938824358        0.00370381294315
H            1.01600159592907        3.85371171214028       -0.95068290201141
H            1.91573574060068        3.97244384634642        0.29176559413323
O            0.91994205969165        3.00966957270776        3.03294650412739
H            0.95564111051586        3.39658553759546        2.15413228641072
H           -0.01898545603326        3.07390211109166        3.29403807320960
O            3.95368241689877       -2.82701205349477       -3.24203312157803
H            4.08715946551013       -3.73690606212576       -3.50295722834729
H            4.62930633049946       -2.61093450928550       -2.59059206255197
O            4.49701990107068       -2.74042870137023       -0.05027781540304
H            4.02261125807097       -3.15375377847901        0.67514100477730
H            5.25765179144717       -2.30589546009090        0.33849700649891
60
 energy: -101.630173312723 gnorm: 0.160489462293 xtb: 6.7.1 (edcfbbe)
O           -1.79824832772980       -2.73267969169795       -2.56124401252914
H           -2.58099213732785       -2.78582654733948       -3.11270722057903
H           -1.35968556857907       -1.90176037779927       -2.83311483536022
O           -2.31553147738438       -2.86916621889029        0.21455973925395
H           -3.07017965573587       -2.25612528889710       -0.07023680672160
H           -1.72679163310482       -2.96617415753529       -0.60816941429057
O           -1.41079107952583       -2.59687534761397        2.74559895055281
H           -1.60559966999972       -2.69989802274494        1.77307670537466
H           -1.90422843953641       -3.29596330236022        3.17747159790694
O           -2.03970665225546        0.16228726929289       -2.91327131109584
H           -1.23831335083769        0.69900703754424       -3.08920848875086
H           -2.19493833424870        0.25392327501064       -1.96171663648784
O           -2.53621413382327        0.71948013832003       -0.19644766628793
H           -2.71780400843513        0.28206839382591        0.66785009179540
H           -2.07475642768824        1.54896510443139        0.03235175834354
O           -1.62163910213731        0.03646132069746        3.65271353094008
H           -1.65484457706241       -0.86423652651174        3.26597866536515
H           -1.77639470802756        0.66571862480211        2.92585111291958
O           -2.35367197206739        3.48222100775127       -2.34414613081255
H           -2.96774917933565        2.72000759873010       -2.52038050060609
H           -2.55321880863714        4.13961123084452       -3.02868365802578
O           -1.59041460258778        3.22112833895415        0.32542499105095
H           -1.93262613069255        3.50445519820572       -0.58333846941622
H           -0.62712301287064        3.47394446939827        0.26884116720749
O           -1.78832420199732        3.39420533957537        3.06406340544843
H           -2.11973765906276        4.27363301699561        3.39404616862074
H           -1.90308492013818        3.40521425775408        2.10215855386040
O            1.18544372988865       -2.12787127509122       -3.11557328336873
H            0.75292806493009       -2.78265871052348       -2.54486744844929
H            2.10892735232111       -2.32176986703755       -3.11904405874849
O            1.04366139656228       -2.44867239262092        0.24475338805384
H            1.26977267868885       -2.55083585490010        1.18388533980837
H            1.89811594634451       -2.40804567791434       -0.19176101920800
O            1.38583797918836       -2.42499964974746        2.89672535855687
H            0.44519644983506       -2.61383764573504        3.04664161874028
H            1.46306426551318       -1.45444037751097        3.08531796526428
O            0.78419805444578        0.66353540615603       -2.84798775293512
H            0.93574612806718       -0.19091440302977       -3.24913422818177
H            0.55270194151181        0.48640396816179       -1.93547812036044
O            0.65574643142882        0.18468383140511       -0.20807095143443
H            0.55189862824796       -0.72709503675591        0.16241751811502
H            1.54099484619028        0.40363391803157       -0.17415232349819
O            1.11398572780364        0.23531414612808        3.40301486282503
H            0.17006896007395        0.16257121777153        3.75729955321163
H            1.25366795743423        1.18391731506667        3.31500657527974
O            1.21709525835286        3.35689223032599       -2.62212415728215
H            1.07087863860030        2.39848775112714       -2.74416453887771
H            1.16847959935668        3.74314356732620       -3.50057369106219
O            1.03218208309944        3.99013435794349       -0.00436040538794
H            1.01991937417706        3.90357630129751       -0.93073446423253
H            1.93669047775466        3.97750012702262        0.28637008345319
O            0.90899655812697        2.99621635709419        3.01712882685700
H            0.94267472656689        3.39421423374501        2.14303471589506
H           -0.01947660024962        3.04644639260321        3.27846807405682
O            3.92413724025770       -2.82666023398779       -3.22005640254633
H            4.09081813011623       -3.73785180760767       -3.51088602958151
H            4.58227402754199       -2.60338661072589       -2.55275777430344
O            4.49001043519012       -2.73046830649670       -0.05798789330959
H            4.00165747296740       -3.14797239666294        0.66092850317577
H            5.24737834049480       -2.29614175557836        0.34731599178415
60
 energy: -101.648023641266 gnorm: 0.053954743998 xtb: 6.7.1 (edcfbbe)
O           -1.76789237371940       -2.73454584296671       -2.56840673335613
H           -2.57070658837018       -2.78737963579302       -3.09132306654328
H           -1.38099656168618       -1.87263681971998       -2.80311619590951
O           -2.31982905955926       -2.86410633812997        0.20420788074557
H           -3.03597797046004       -2.25914152397069       -0.06648836600954
H           -1.75682649823279       -2.94926306102603       -0.60037248545442
O           -1.41932183262839       -2.59380988179446        2.73416442298712
H           -1.61340483976771       -2.69776713778275        1.77097264308851
H           -1.90542553310230       -3.29305984346388        3.17351343601720
O           -2.04633596602582        0.17223415761370       -2.91336679810895
H           -1.22532316738510        0.66468049015171       -3.07936614003815
H           -2.19889087174792        0.25951306458640       -1.95991397844391
O           -2.55294798726519        0.71699531413973       -0.19119769190697
H           -2.69612412095957        0.27742127164894        0.65709936925633
H           -2.07657137149994        1.54413925060312        0.02225557638707
O           -1.62876119959180        0.03379253580312        3.65224164030697
H           -1.63564263583973       -0.86051063430052        3.26206270000051
H           -1.76491325609031        0.66450995634103        2.93548950481395
O           -2.37741258338992        3.49001885359497       -2.33099651253282
H           -2.92869590811002        2.70929031426294       -2.52145588774563
H           -2.56021751726325        4.12817727494350       -3.02723753775974
O           -1.59134362517771        3.23970354268102        0.32144066525598
H           -1.91738413830091        3.49190259852544       -0.57286037463610
H           -0.63137006126948        3.44257381549846        0.26700798228969
O           -1.80917726854733        3.39386038393998        3.06974533526663
H           -2.11605246794118        4.25974273923988        3.37851300299894
H           -1.89163095352782        3.40113085890582        2.10082292619809
O            1.17724390849859       -2.11580524431557       -3.11686805442314
H            0.75013935076246       -2.76035033435478       -2.54177475945435
H            2.11544945748204       -2.32246340918470       -3.13363470796305
O            1.05224352039057       -2.45574459319728        0.23011469906057
H            1.24219153918395       -2.53749684981949        1.19033151583229
H            1.91376405659821       -2.41819099454180       -0.19350942934931
O            1.38796638852469       -2.41635705851487        2.88591187833432
H            0.44937756196455       -2.60690757795623        3.03977993938558
H            1.46214159832416       -1.45884178136207        3.08908870713247
O            0.73404031768106        0.66945943073274       -2.86605777840377
H            0.95778511576586       -0.19488504613493       -3.23790152875228
H            0.56548784366943        0.49880056697062       -1.92100575739416
O            0.63746402968050        0.19307982843480       -0.19384167297514
H            0.54719954155801       -0.73612765806272        0.11470836051161
H            1.55541813560866        0.42468169486482       -0.13385008395426
O            1.11731444493295        0.23300466842250        3.43067258350517
H            0.17642572609452        0.16684995714202        3.72936183732003
H            1.25007063964239        1.18312420814255        3.29781286768160
O            1.23017529069509        3.35486206064704       -2.62972337008794
H            1.07626121371944        2.39720053834018       -2.74022766459144
H            1.15869761695356        3.73723901051474       -3.50527828021030
O            1.03011606064360        4.01654901040430        0.01372102381121
H            1.01356889000958        3.87669427192186       -0.93871299689864
H            1.94360945641736        3.96603438423345        0.29365674839430
O            0.91784601792625        3.01000201411458        3.01861887122628
H            0.94502525347232        3.37721774537935        2.13046042319993
H           -0.01933913539802        3.04239543681792        3.27208490275277
O            3.93022304814467       -2.82786519848462       -3.22808502518374
H            4.09614194951334       -3.73408770979772       -3.50500697745999
H            4.55550550925348       -2.61874708802786       -2.52670657694354
O            4.48137141558682       -2.72994687495793       -0.06139634917447
H            3.99572185549568       -3.14874639147367        0.65573371323403
H            5.23559126866351       -2.29542146040511        0.34400274465567
60
 energy: -101.653807027225 gnorm: 0.026475906186 xtb: 6.7.1 (edcfbbe)
O           -1.74092950456997       -2.70173329927062       -2.54943215772626
H           -2.54451134555206       -2.79970192973575       -3.06571328283404
H           -1.41026100503590       -1.81559015035943       -2.77775262844019
O           -2.32036606453622       -2.84235489081064        0.19247303606677
H           -3.01718261356817       -2.24857548969990       -0.06874331276774
H           -1.78067150226655       -2.94664805716132       -0.60073854575081
O           -1.42357515367518       -2.58977297842166        2.72219509179186
H           -1.62310290849125       -2.69692568065907        1.76832302365417
H           -1.90646484497963       -3.28323479129385        3.17381111201192
O           -2.05735738730055        0.17219987601884       -2.91084602295313
H           -1.19230764434331        0.59185544507536       -3.06763345007838
H           -2.21747397077142        0.27541511086490       -1.96000318680875
O           -2.55157231886945        0.69701935026181       -0.18807122243971
H           -2.67859340831995        0.25954698072766        0.65029936488322
H           -2.08552347010467        1.53213645761220        0.01227213286926
O           -1.61804151806330        0.03197739991790        3.64901759227850
H           -1.62187931597952       -0.85831825061987        3.25923430589844
H           -1.76480301023579        0.66851559073186        2.94720243230442
O           -2.39208006038549        3.49094727432521       -2.31980640229347
H           -2.88332164968273        2.68360446387115       -2.51327544941137
H           -2.57675606186992        4.11302611901886       -3.02367440756163
O           -1.58101195365077        3.22673684562139        0.31271598215881
H           -1.91785736168126        3.49132681962267       -0.55216744455619
H           -0.63679039027039        3.44337866292228        0.27578482539388
O           -1.81882628173684        3.38186365897107        3.06155466086452
H           -2.11819804706148        4.23402589586283        3.36441026175746
H           -1.87898198104214        3.39060557612807        2.08913762246389
O            1.18934140158200       -2.07219849429057       -3.10617441399220
H            0.74367564250649       -2.71661351535145       -2.55095929428792
H            2.12525765198719       -2.33046251353696       -3.15730605696154
O            1.06500173813184       -2.44513948182074        0.20648836002591
H            1.20699465818419       -2.51518809072609        1.18519139783072
H            1.93867136502454       -2.44705375719080       -0.19548052657688
O            1.38434476786397       -2.40462089130620        2.85316504242108
H            0.45115364203649       -2.59778897390941        3.03413943551408
H            1.46830709736314       -1.46147754491120        3.09154357705770
O            0.68457902076841        0.67385117878145       -2.86769274663741
H            0.96280547805792       -0.19523522265449       -3.21389749152221
H            0.57439259572444        0.51060216542228       -1.89999290597317
O            0.62897419098658        0.20547326564312       -0.19067721867873
H            0.54813567324806       -0.74646213153242        0.04481311507670
H            1.55376980096762        0.45453105453542       -0.05482783530781
O            1.11160158154067        0.23757126490089        3.41587703127236
H            0.19673375889883        0.17215375403778        3.73244321529730
H            1.25598363373345        1.18898153026431        3.29748859443247
O            1.26232154548848        3.34123725429231       -2.62849253228143
H            1.06839997522651        2.39053855092743       -2.73955373715858
H            1.13640102726441        3.73700252916749       -3.49337422212819
O            1.03754759589129        4.01626640197791        0.01798777929716
H            1.02683524895201        3.84226300591908       -0.94593810378465
H            1.95568318957686        3.95913726120538        0.28933695843191
O            0.92069582838259        3.00071737526072        2.99614828446545
H            0.94239320791726        3.36825192990611        2.10842608030727
H           -0.01260293857314        3.05921578888029        3.26840115270865
O            3.93479393378245       -2.82771566379037       -3.23302669914511
H            4.10235535131059       -3.73180328286084       -3.49998737473500
H            4.50207775569956       -2.64606669436803       -2.46825816166636
O            4.45799792898833       -2.72319950762860       -0.06992751864983
H            3.98199338771061       -3.15599474480723        0.64433658493619
H            5.21488656781991       -2.29542454993409        0.33512141962260
60
 energy: -101.657539760461 gnorm: 0.046608981457 xtb: 6.7.1 (edcfbbe)
O           -1.69886486841404       -2.67061557957964       -2.53738692362068
H           -2.50985391650678       -2.81728597434665       -3.03593590089265
H           -1.46025984608877       -1.72995641405108       -2.72918545583399
O           -2.33224340138497       -2.83929738144024        0.18163040024891
H           -3.00211272924595       -2.20581212052917       -0.05938481474630
H           -1.79070393189261       -2.93779278843118       -0.60710235624867
O           -1.42790115957497       -2.58948698176874        2.71218867772209
H           -1.63509285135708       -2.69379232669913        1.76220864187072
H           -1.91468646162953       -3.27469208646799        3.17191166954308
O           -2.05930546527590        0.16268150788423       -2.90484808894648
H           -1.15256880272199        0.51528574294586       -3.04705853541848
H           -2.23716150213732        0.28866383360298       -1.95914478559750
O           -2.57685340524516        0.69370582166097       -0.18937505493374
H           -2.62913622735935        0.22493646442125        0.64638492135284
H           -2.09486079671812        1.52252338359569       -0.00314794000023
O           -1.61957607929246        0.02867697576843        3.64979183419528
H           -1.60378965525383       -0.85397672465323        3.24450436850320
H           -1.75919180145075        0.68052701414179        2.96133367519065
O           -2.42233732646014        3.50574679938225       -2.29576811767672
H           -2.80731580820735        2.63165848106977       -2.52399083017536
H           -2.60215743266770        4.09234286183536       -3.03276193599665
O           -1.57464312021784        3.21888823924317        0.31984530257170
H           -1.92123353171164        3.48911971927037       -0.53498919236399
H           -0.62664530323409        3.40789814922836        0.27795935501055
O           -1.82278328188045        3.36618272150541        3.05674171520379
H           -2.11903801363409        4.22158810762741        3.34889576396097
H           -1.87386233642960        3.36236870547324        2.08371506000521
O            1.20575420540607       -2.03190381729674       -3.12176041369344
H            0.73718424758976       -2.65164663386400       -2.55644499991751
H            2.13533182749747       -2.31987232992628       -3.16901104882596
O            1.07294341170863       -2.43445608072870        0.18541305007677
H            1.18969422692242       -2.48195523534924        1.17270847808423
H            1.95230552790398       -2.46577947771060       -0.20384663739523
O            1.37920007821066       -2.39470144790614        2.82905849293379
H            0.44688622142643       -2.58397080384986        3.01647726108077
H            1.47145483831281       -1.45467338027142        3.06687383377306
O            0.66279383323510        0.67685128984717       -2.84607095098992
H            0.93827115273741       -0.19196729742068       -3.18599885602056
H            0.56624765790223        0.52092061723991       -1.87455044588313
O            0.62111384929904        0.21673247184416       -0.18853160942761
H            0.55862449097747       -0.75312324933402       -0.01108232782885
H            1.53749594753006        0.48412103392661        0.01022405662588
O            1.13822915997660        0.24635588961262        3.44915810841459
H            0.20721741471543        0.17737912393583        3.71127129400787
H            1.26295744792881        1.19632848167092        3.27327118592273
O            1.28906778567085        3.32728637427749       -2.62211902448469
H            1.07204325922624        2.38065288020325       -2.73436581077917
H            1.10797874221700        3.73574484329775       -3.47557434459008
O            1.05006013861234        3.99036533019180        0.01852403201863
H            1.04831244846012        3.82103326391806       -0.94935820351591
H            1.97028831138884        3.95429960812824        0.28403823281762
O            0.92788204300412        3.00823649408064        2.98042052621847
H            0.93993390753859        3.34768833839648        2.07942273984928
H           -0.00704915065741        3.05291480466362        3.25107281882070
O            3.92482691971004       -2.83904795380979       -3.21477529119949
H            4.11422074721186       -3.73490959095298       -3.49304057294589
H            4.44597544767657       -2.67117864117819       -2.40990216433261
O            4.43184278495513       -2.72994385140792       -0.08785155147238
H            3.95676402118044       -3.16132210077321        0.62760567640864
H            5.18138864051638       -2.28986984411890        0.31762813330767
60
 energy: -101.662031021380 gnorm: 0.038575166978 xtb: 6.7.1 (edcfbbe)
O           -1.67678236243424       -2.59899222215090       -2.48974647311920
H           -2.46030317957080       -2.83721084909676       -3.00959084622673
H           -1.50448808470515       -1.64766750646920       -2.69959383989581
O           -2.35117089409497       -2.83383436697337        0.17166116402468
H           -2.98476916960063       -2.13703067846453       -0.04168907533923
H           -1.80551241362334       -2.92850202463383       -0.61875026422955
O           -1.43158663342818       -2.58711937887909        2.69868829751516
H           -1.65064567626562       -2.69456741536718        1.75268061280538
H           -1.92320741930809       -3.25910663180241        3.17308055241118
O           -2.02795734293557        0.12062582146219       -2.88817180698032
H           -1.11950887818803        0.45335235402673       -3.01506150448852
H           -2.25750625744241        0.29966945014739       -1.95638451920799
O           -2.59294928763570        0.68151564009555       -0.19269439221503
H           -2.56897518771798        0.17801117900910        0.63667362886381
H           -2.11010666616262        1.51043710022014       -0.01650888254945
O           -1.61434291846031        0.02581248204648        3.65047080885278
H           -1.58748814059633       -0.84808494437884        3.22756109341564
H           -1.75886770811637        0.69801513565753        2.98099278857702
O           -2.40881757693157        3.47795830340619       -2.30119727187068
H           -2.77358740532922        2.60839407268548       -2.49585111639333
H           -2.61441109196932        4.06140362959068       -3.03024290477137
O           -1.56812204797393        3.20594926141083        0.32626358289734
H           -1.92808244735450        3.47977218914036       -0.52364474270219
H           -0.61291467740966        3.36202023449447        0.27599346267876
O           -1.82560469408096        3.33976275692179        3.04667323542319
H           -2.11845433465225        4.20280620496481        3.33078309698146
H           -1.86678406200208        3.32612022191761        2.07354282972985
O            1.22813692357320       -1.97544888715721       -3.14513780697656
H            0.72588085633257       -2.56464844881947       -2.57048513790348
H            2.14678316900081       -2.29710065206020       -3.17783072004724
O            1.07865551593811       -2.40509840725966        0.15637433564740
H            1.17337042078834       -2.44283564538596        1.14699272018035
H            1.96131897427198       -2.48291231768363       -0.22191769862196
O            1.37093692031080       -2.38040468313270        2.78944172873535
H            0.44155280557115       -2.56939714832940        2.99151966260803
H            1.47648462739938       -1.44608577450784        3.04432601888944
O            0.60638499044012        0.67854336099018       -2.81770754761888
H            0.92281336846448       -0.18715933344768       -3.13947981434594
H            0.55282057221403        0.53559670868748       -1.83590486942786
O            0.61088115405099        0.23530406880300       -0.17496615434484
H            0.58603078316470       -0.74993699516322       -0.05931155375295
H            1.51245583038290        0.51268924115221        0.05648510426840
O            1.16207548873406        0.25900858495756        3.46321695578597
H            0.22048974363162        0.18391000401905        3.69231185784985
H            1.27851057450453        1.20709118311064        3.26447951583254
O            1.29713076689321        3.30842511201188       -2.61201978601696
H            1.08877234718580        2.36155086949664       -2.72772926997480
H            1.08568679290308        3.72806597113645       -3.45123334600197
O            1.06877800368686        3.93960394177044        0.01912545870482
H            1.07945955253247        3.79713554863683       -0.95287890550552
H            1.99247179400118        3.95208117803518        0.27584229746875
O            0.93536080559137        3.00661916085763        2.95036168090788
H            0.93782934867619        3.32421280972424        2.03970967676049
H            0.00291787399936        3.05319803270693        3.22890177255212
O            3.89900863327313       -2.86360287214256       -3.16646235077618
H            4.13263973918876       -3.74005853143086       -3.48175327152399
H            4.38316979346213       -2.70146796156711       -2.34514629990192
O            4.39077983516867       -2.73612914337452       -0.11358259695558
H            3.92274373699063       -3.17158748100313        0.60442721254428
H            5.13367734566122       -2.28199625258537        0.29000873675973
60
 energy: -101.666141521253 gnorm: 0.029846433543 xtb: 6.7.1 (edcfbbe)
O           -1.65264004736779       -2.55735426064940       -2.46123608226643
H           -2.42132565198194       -2.83089034806725       -2.97433820768936
H           -1.55087008873795       -1.59022640941379       -2.65286227909093
O           -2.35943508787260       -2.80147344441683        0.16767483002675
H           -2.98861685965413       -2.09253318580795       -0.03073357344577
H           -1.82650327147356       -2.90742787723197       -0.64345389743790
O           -1.43144642101110       -2.57950831390499        2.68547402161658
H           -1.66341187075574       -2.69770039208704        1.74110506802740
H           -1.92762889709196       -3.23681923707020        3.17651781212755
O           -2.02198216567693        0.11968789122896       -2.87706760255853
H           -1.08827757090182        0.40315776894936       -2.97655863996720
H           -2.25041937668115        0.28227149639068       -1.94812676600492
O           -2.55754226708442        0.64493698177786       -0.19601177174345
H           -2.55818403491264        0.15264203382368        0.61839024951129
H           -2.11527062623908        1.49219842914723       -0.01303165985166
O           -1.59076089213614        0.02761113983431        3.64950383360511
H           -1.58373787783759       -0.84035328425662        3.21654258711468
H           -1.76728940261426        0.71621406487499        3.00059884008888
O           -2.42799422846779        3.46816745887902       -2.28492001693602
H           -2.70759631131888        2.56158188180492       -2.49654876390330
H           -2.63395608455447        4.02315479869896       -3.03924473545439
O           -1.55908871211182        3.18223844065247        0.33167457504563
H           -1.93617111917950        3.48138167025061       -0.51091805364331
H           -0.60029498412509        3.32620808058207        0.27176024805866
O           -1.82404129919630        3.30830038483957        3.03415973082197
H           -2.11723095436476        4.17851039681751        3.31759862467413
H           -1.85847372809992        3.29547365233533        2.06159861158973
O            1.25097759568141       -1.91644189922428       -3.16886833092471
H            0.71279772994643       -2.48053130611972       -2.59523779743839
H            2.15551167786536       -2.26755109536635       -3.17981712907322
O            1.08045674213671       -2.36309763599804        0.12540563729249
H            1.17049185688270       -2.41869736721133        1.10906921637424
H            1.95945572153930       -2.48417541592538       -0.24889525385479
O            1.36317629030995       -2.36313667439259        2.74471336195075
H            0.43787024149044       -2.55787642389156        2.96239935346413
H            1.48097222783321       -1.43463487795918        3.02784785760375
O            0.59903877276804        0.67786425259138       -2.77344988182565
H            0.90875404493426       -0.18225987360631       -3.09887467051843
H            0.53375570283487        0.54550297509793       -1.79968901276266
O            0.59893431670761        0.24151093364805       -0.15994804808765
H            0.61916400983794       -0.73630262995497       -0.06186834630407
H            1.47766056499811        0.52915289823878        0.08493924890797
O            1.16641938741040        0.27206545866916        3.43013396618337
H            0.23832680501611        0.19067737325647        3.69710778970394
H            1.30101076233249        1.21818065534653        3.28418017634966
O            1.32062834589866        3.28902983527678       -2.60455237341998
H            1.08675817911014        2.34594744790370       -2.72301360467733
H            1.06627735892572        3.72404557895504       -3.42332531795884
O            1.08905087943131        3.88342333093046        0.01954119395342
H            1.10522700056758        3.75998716906879       -0.95296781038400
H            2.01736426698347        3.95998316494297        0.26415911714767
O            0.93952543304275        2.99111544757334        2.91105956132437
H            0.93792488809625        3.30614713228365        2.00153299686027
H            0.01402049259387        3.05908996689034        3.20592267738937
O            3.88094233979512       -2.88050542933328       -3.12522863523552
H            4.14105436051935       -3.74409757714227       -3.46305734518569
H            4.30975836208001       -2.74386268589488       -2.26739942550192
O            4.34539897179443       -2.74197910742787       -0.14124273030290
H            3.89087918291380       -3.18730490493689        0.58069096564262
H            5.08366784916802       -2.27404327424111        0.25710073097736
60
 energy: -101.669601712676 gnorm: 0.044918697280 xtb: 6.7.1 (edcfbbe)
O           -1.62216628693466       -2.53740216304741       -2.44020880529668
H           -2.37890349183116       -2.83633348317298       -2.93870787710685
H           -1.59672679837410       -1.55336568195261       -2.61039043313209
O           -2.36624725624971       -2.75861205380216        0.16942314566969
H           -3.00965527973268       -2.07853792472574       -0.02550960703896
H           -1.84377356253619       -2.85566536407049       -0.65902944061535
O           -1.43393927672778       -2.56983550010893        2.67602702658642
H           -1.67681560345367       -2.69469437084021        1.73151608087806
H           -1.93530478418968       -3.21468085940220        3.17790275325673
O           -2.01889552620156        0.12441287542973       -2.85803657120492
H           -1.08672846256279        0.39698547651264       -2.94559719681506
H           -2.23743964927430        0.27374450827014       -1.92998519620107
O           -2.58498148971196        0.63763729413582       -0.19924617986849
H           -2.47458050730836        0.09545522290127        0.60419615400451
H           -2.11876688261004        1.47205481092657       -0.01990620633016
O           -1.56342923392356        0.03641545809773        3.64651419180252
H           -1.58354351063573       -0.82719903684684        3.20536399587550
H           -1.77243279388235        0.73422654182216        3.01481833418562
O           -2.42967022113169        3.43976229264987       -2.27722136493018
H           -2.66839516080128        2.53144499379190       -2.49313862503339
H           -2.63707732741809        3.98455842653850       -3.03820603351761
O           -1.54824437001320        3.14696171028782        0.32924307699799
H           -1.93237177901456        3.47508390168008       -0.50482717088302
H           -0.59257727759796        3.30070027571558        0.26591327849723
O           -1.81647091976068        3.27597628460084        3.02347090771932
H           -2.11876615133110        4.14436042378633        3.30947494840895
H           -1.84701930065307        3.26900495146195        2.05080701679417
O            1.26924894082411       -1.86238871249425       -3.18974934163468
H            0.70609109453909       -2.41195888663062       -2.62738023401445
H            2.16114453207526       -2.23489448713481       -3.18400059150305
O            1.08597108579705       -2.34147552033238        0.08868748101428
H            1.17422609381146       -2.39693577670136        1.06918964005269
H            1.95968864256711       -2.46979685898486       -0.27760068967990
O            1.35703726072272       -2.34608853089886        2.71488912526688
H            0.43187256489481       -2.54387886841629        2.92463944005933
H            1.47649334336705       -1.41722653834783        2.99161110692347
O            0.57694826874255        0.68501244160290       -2.74949379156625
H            0.93724716536087       -0.17254192677887       -3.05976152403132
H            0.53241135561524        0.57172914859477       -1.77125886626512
O            0.58260411804600        0.24200703492635       -0.15296826221518
H            0.64146858101380       -0.73447219923295       -0.07869777256879
H            1.42915420804962        0.58003982707803        0.19023362157660
O            1.18279382277072        0.28104994181371        3.42557897927324
H            0.25515751133247        0.19984187975111        3.70413112764692
H            1.31632396176882        1.22585376653608        3.27276491890430
O            1.34020427497824        3.27117782044654       -2.60089227747159
H            1.08538350834885        2.33052404392838       -2.71915222264587
H            1.04770860786940        3.71926877263091       -3.39901845893009
O            1.10931245023001        3.84344342192985        0.02040660731789
H            1.12265186795111        3.70087297268689       -0.94839101600669
H            2.03852476639537        3.95956926228427        0.25364818231618
O            0.94921123596204        2.99071372411087        2.88361542966683
H            0.94316830058759        3.28146722590868        1.96513526584875
H            0.02477024956636        3.05138193903156        3.17683587904813
O            3.87236702364543       -2.89377082281751       -3.09092304320707
H            4.13212630695819       -3.75400493269781       -3.42460054691020
H            4.24246754765022       -2.79568640473589       -2.19026644361467
O            4.29535275866843       -2.75518765405009       -0.17150523669672
H            3.85460772005728       -3.20539374415408        0.55672780154087
H            5.02424626368965       -2.26403510946038        0.21882062978623
60
 energy: -101.671777407987 gnorm: 0.053047460214 xtb: 6.7.1 (edcfbbe)
O           -1.61296913717782       -2.49313650255273       -2.38966981496114
H           -2.32074275494406       -2.87331036685110       -2.92334092918352
H           -1.62304290543665       -1.54504978750590       -2.61518855182750
O           -2.38672704555195       -2.73167626535454        0.17326099110017
H           -3.02871427764391       -2.05732959550129       -0.01090797185347
H           -1.85618669988994       -2.78048238091066       -0.65766945823646
O           -1.43905292068443       -2.55960511411651        2.66629388895796
H           -1.69206148596862       -2.68574167114207        1.72093870654739
H           -1.94398738740092       -3.19548580885270        3.17362838652677
O           -2.02436171363331        0.13553031526242       -2.84173421352116
H           -1.08609898590838        0.39382382735477       -2.91951901430601
H           -2.24158281726559        0.28320638905987       -1.91307859691673
O           -2.56140327994842        0.61081120414947       -0.19624731867579
H           -2.44383651992013        0.07019261105512        0.59171969286179
H           -2.10697502682760        1.45117938326545       -0.00937861181112
O           -1.53532486002973        0.05103311055428        3.64421922207302
H           -1.58234950086789       -0.80995597897366        3.19638497037724
H           -1.77331048135604        0.74948961386144        3.02539002407399
O           -2.44153506668033        3.41774370951890       -2.26356008778924
H           -2.60968557644838        2.48740500466085       -2.50527897458020
H           -2.64922856662613        3.94570241962007       -3.03704807059867
O           -1.53964233101156        3.11474196795330        0.32251233850656
H           -1.92012443421793        3.45971230680354       -0.50469302255507
H           -0.58899289513315        3.28348706256096        0.25438588957138
O           -1.80456209521188        3.24520166912799        3.01669005563109
H           -2.12357088647132        4.10369754861820        3.30553843985543
H           -1.83737309901853        3.24418522755396        2.04338810391287
O            1.27714206012983       -1.81568519637546       -3.20657841480556
H            0.69576675232498       -2.35730239892742       -2.66342694395263
H            2.15814817026837       -2.20497554470059       -3.18576447370368
O            1.09603145142153       -2.32864543000971        0.04394946263559
H            1.17101378767181       -2.37953630094951        1.02797855048156
H            1.97155345689725       -2.46096803608845       -0.30373876834436
O            1.35266263073103       -2.32916268828914        2.69175018102053
H            0.42530806740779       -2.52792295680745        2.88325089382546
H            1.46750044770136       -1.39790653082607        2.95057162628640
O            0.57247959383546        0.69966864896178       -2.71641758973006
H            0.95284849862768       -0.15270846834239       -3.02960262151969
H            0.54808992464541        0.59874090762449       -1.73228727278882
O            0.56115890146259        0.27336212863522       -0.10172191044362
H            0.64772172241733       -0.72792401319860       -0.10673331194040
H            1.38448550863834        0.61405131950000        0.26527760566636
O            1.20888435801623        0.28517599496694        3.44101883853586
H            0.26993399930738        0.20883173838679        3.70593254487353
H            1.32483699903063        1.23042763071733        3.23701706466726
O            1.34562030999349        3.25791998288103       -2.60147203251834
H            1.09645068011309        2.31510537863819       -2.71401130919569
H            1.03219600577301        3.71179699615875       -3.38092880594695
O            1.12884226021006        3.81983369545769        0.01995584288372
H            1.13747509706852        3.63361719683380       -0.94319212292214
H            2.05245658624769        3.95210862889827        0.24781627437631
O            0.96311043568518        3.00085675092483        2.86584086349458
H            0.95351762805498        3.25446237430087        1.93278449532791
H            0.03498362864820        3.03500738640351        3.14495551966489
O            3.83867603321004       -2.92694437845093       -3.01686249822573
H            4.12460297112851       -3.76835035959744       -3.37513860683883
H            4.21931646016434       -2.82920234469828       -2.16366864305119
O            4.24372341595051       -2.77334999187843       -0.19744159271039
H            3.81890958900161       -3.22521795838186        0.53931053979442
H            4.96105784948400       -2.25385880095345        0.18045566190662
60
 energy: -101.671925381208 gnorm: 0.077768035473 xtb: 6.7.1 (edcfbbe)
O           -1.57037819036015       -2.47624440787464       -2.37910258146804
H           -2.26657979533159       -2.92635532043837       -2.90512185088909
H           -1.67158877670712       -1.50474998392697       -2.60695756398329
O           -2.41552033991974       -2.73529205286764        0.16925866212716
H           -3.03188125423849       -2.01359791990124        0.01322217134339
H           -1.86800338549261       -2.72677142869412       -0.65083624745371
O           -1.44592301691091       -2.55069542316197        2.65598831000347
H           -1.70477090675999       -2.67431006409887        1.71110718574727
H           -1.95064271509427       -3.18344061570622        3.16492074709685
O           -2.02444327052578        0.14436027516958       -2.83180402431652
H           -1.07783092230247        0.39420367402289       -2.90080997005617
H           -2.26701746606356        0.31236944003105       -1.90306929230186
O           -2.52756814387790        0.58398760291844       -0.18713735270681
H           -2.42559281096808        0.05858665776928        0.58618492530659
H           -2.09860331085467        1.44005407356015        0.00475948838545
O           -1.51761181922392        0.06480644737069        3.64677273255832
H           -1.57526471823789       -0.79418199347609        3.19281668649233
H           -1.77010601656099        0.75977175684601        3.03550599137923
O           -2.41484417845739        3.37174018893846       -2.28109380018983
H           -2.60325047057378        2.47536864097003       -2.49003480467787
H           -2.65526873065604        3.91780905360460       -3.02395429746511
O           -1.53814033344456        3.10143956878217        0.31272665976910
H           -1.90483529863222        3.42934092745919       -0.51694985546506
H           -0.58671352984463        3.26472233387878        0.23854673512211
O           -1.79555735606103        3.22282858353434        3.01363195141569
H           -2.12733613968951        4.07017295174991        3.30367330839854
H           -1.83406827063026        3.22413247323615        2.03930511276712
O            1.29060759253360       -1.79185846432811       -3.22510412774385
H            0.68768965229643       -2.31629406931864       -2.68941246129075
H            2.16495076532661       -2.20430843606603       -3.18910038950227
O            1.10112588330876       -2.30748640616537        0.00759505387611
H            1.15454985074457       -2.37044743689285        0.99807220225760
H            1.98733702877759       -2.47081322504007       -0.32251115399244
O            1.34875068036023       -2.31608347770518        2.66574630762942
H            0.42047906166144       -2.51439968073251        2.85607711367586
H            1.46200517896302       -1.38652078297918        2.93214958831462
O            0.59418593190049        0.71541463738752       -2.68538397143985
H            0.93935974191749       -0.12878873162966       -3.02525939736465
H            0.56155070181402        0.60922473279480       -1.70409213138256
O            0.54943566188961        0.30212525755038       -0.05779121892118
H            0.63586694029252       -0.69763844583078       -0.08285451241778
H            1.36041612384076        0.61685067277290        0.29579204389201
O            1.22631492063661        0.28589247623645        3.44478827820948
H            0.28093995793802        0.21444745179284        3.70040788242278
H            1.32980187716602        1.23296670804281        3.21158731233826
O            1.35970227534162        3.25076753786097       -2.60360140987653
H            1.11432313413899        2.30621049788284       -2.70953273992786
H            1.00518476049777        3.71158653287310       -3.36749585403855
O            1.14330830837999        3.79764005679051        0.01845072458715
H            1.15672763314209        3.59251074617502       -0.94306587380779
H            2.05808390817723        3.95447661181401        0.25102635391843
O            0.97446625735395        3.00403190406446        2.85067993481729
H            0.96493116430937        3.24145363238272        1.91320441326620
H            0.04351220454408        3.02531782599600        3.12329206112960
O            3.85744701659401       -2.91809965570501       -3.04162353611798
H            4.11707455189629       -3.77395038779760       -3.35695338475578
H            4.12598704969509       -2.88666147151827       -2.07234827940320
O            4.20485354239365       -2.78606746675071       -0.20865545388839
H            3.79603599915520       -3.24447736285196        0.53284116846613
H            4.91539834042500       -2.25040196076492        0.15744155011249
60
 energy: -101.674019451999 gnorm: 0.072626845891 xtb: 6.7.1 (edcfbbe)
O           -1.54553470832399       -2.49237234261685       -2.40266644841368
H           -2.25850180218307       -2.89457830113028       -2.89286974610813
H           -1.66702594351286       -1.50121934066126       -2.58067146048377
O           -2.42764943683634       -2.73117165922078        0.16304030856277
H           -3.03511026596244       -1.97690675533636        0.02789829936972
H           -1.88378668273100       -2.72798652825832       -0.65195753495036
O           -1.45066069587775       -2.54238754131107        2.64918573997853
H           -1.70974288065810       -2.66806006655928        1.70745359301545
H           -1.95107114624394       -3.17666187931541        3.16125551572600
O           -2.01292571717629        0.14175910063511       -2.82295306474004
H           -1.07550264286941        0.40631339352399       -2.89340850602076
H           -2.28161823053448        0.33266733766582       -1.89498640069862
O           -2.56037770778106        0.59323451833907       -0.17886785580087
H           -2.35095345656515        0.02054791908617        0.58916024254818
H           -2.10516050430436        1.43914810801721        0.00224492042121
O           -1.50798379500812        0.07093997164547        3.65028476564766
H           -1.56438513311791       -0.78570454856697        3.19298188863828
H           -1.76756708809293        0.76782323044762        3.04492682910138
O           -2.43335865663315        3.37758342605190       -2.27189057764469
H           -2.54744329115788        2.43131079492205       -2.50419390765070
H           -2.68291322954204        3.90168394511899       -3.03213776508770
O           -1.53650409741923        3.09926015179814        0.31056148395397
H           -1.90575590531377        3.41765459931490       -0.51734111852737
H           -0.58042620543068        3.24604329123734        0.23127459850284
O           -1.79434081457519        3.20764190366203        3.01151575584292
H           -2.12691241752164        4.05166206113433        3.30441495289257
H           -1.83315206759352        3.21194830355924        2.03672316663803
O            1.28893601569084       -1.78832822035613       -3.23971539138398
H            0.66970171437080       -2.29506262907008       -2.69598306544850
H            2.16316093173006       -2.21076694927653       -3.18400656642159
O            1.09854188645646       -2.28379297301376       -0.00615285677252
H            1.14680014470297       -2.37021492676941        0.98320483128764
H            1.99030651401716       -2.47781873429525       -0.33850968691122
O            1.34391547663803       -2.30754989449606        2.62869295029651
H            0.41924418680399       -2.50719745889459        2.84996866043555
H            1.46544835286993       -1.38571371026145        2.94294089320886
O            0.59538523699523        0.72425319169183       -2.68312328706311
H            0.93841724475707       -0.11469641778275       -3.03238213339718
H            0.55754858077335        0.60755535324248       -1.70593756433141
O            0.55012543123181        0.28274356632108       -0.08950351061720
H            0.62057301626157       -0.66464847032457       -0.01977482868359
H            1.34668681894015        0.62939642778927        0.35892148803197
O            1.21797435811438        0.28849252062860        3.40376825220582
H            0.29324870936059        0.21624382283525        3.70173201155036
H            1.33964537213672        1.23535376986448        3.23125770905335
O            1.37104296933256        3.24966156205430       -2.60414628663623
H            1.12665314696614        2.30456568953838       -2.70931946808466
H            0.98775428819015        3.71507151430611       -3.36104981062506
O            1.14970222267920        3.76202969142781        0.01620555216234
H            1.17516260526535        3.59335485257755       -0.94977068816095
H            2.06188950218061        3.97147665151247        0.25403985371177
O            0.97764663600424        2.98363892796709        2.82996663397048
H            0.97288281650692        3.24586860271340        1.90703761137115
H            0.05065643891019        3.03265691184673        3.11942763531745
O            3.82289014027793       -2.94615370436835       -3.00390927704203
H            4.13504869659617       -3.78263696499615       -3.36101375934186
H            4.12110276246486       -2.87987432291494       -2.08230462274367
O            4.18195188751725       -2.79216413945670       -0.20457579458602
H            3.78760739810895       -3.25810824053092        0.54047937767276
H            4.89177555010675       -2.25113313265483        0.15047258324258
60
 energy: -101.675914137380 gnorm: 0.059182829862 xtb: 6.7.1 (edcfbbe)
O           -1.56421871636698       -2.47739050562830       -2.37824482018683
H           -2.23724794519191       -2.85913477338572       -2.90765122998555
H           -1.61588364666176       -1.54357973502472       -2.57657603110576
O           -2.41356345860061       -2.66617480323638        0.17525462432214
H           -3.07234160294487       -2.00236075347868        0.00815343109294
H           -1.89679619725149       -2.73471949203050       -0.65493307937147
O           -1.45528434175565       -2.53106960923750        2.65215508789434
H           -1.71355366639719       -2.66018699108979        1.71098419591847
H           -1.95343858043309       -3.16714157374736        3.16501180975722
O           -2.04960783439505        0.19657533409093       -2.82189334997403
H           -1.07721449244352        0.41191516630968       -2.88381124506554
H           -2.25077126850260        0.30764462150787       -1.88056833629352
O           -2.54812606328227        0.58165115387728       -0.17282922094493
H           -2.33309318781732        0.01117116959972        0.59187308019432
H           -2.09697078804897        1.42975587515339        0.00621094139552
O           -1.49856680145348        0.07627473241024        3.65270441902467
H           -1.55906522587972       -0.77656608008240        3.18977009656831
H           -1.76974999899335        0.78174455889142        3.05568882277164
O           -2.42091554618686        3.35492806484436       -2.27845186574549
H           -2.54763626890805        2.42569909417332       -2.50449785353790
H           -2.67714907157854        3.88449210971129       -3.03325479508744
O           -1.53004439764994        3.08639370781315        0.30824679353135
H           -1.91033546644876        3.41170297879291       -0.52159268440867
H           -0.57218701661762        3.23027786731935        0.22520260189812
O           -1.78826309545620        3.18868820495773        3.00762073011646
H           -2.12746065540926        4.03390295487011        3.30715168434657
H           -1.82888888237696        3.19745407411457        2.03383636023938
O            1.28763020242364       -1.78683753041993       -3.25944243109934
H            0.67062444695087       -2.28211794263482       -2.70363565016682
H            2.16014868702146       -2.19659647490052       -3.18615660689294
O            1.09738782758109       -2.30688217709636       -0.01033669690621
H            1.18001833680643       -2.36374615402120        0.96933155292889
H            1.96842513498303       -2.44048124603525       -0.36409692032349
O            1.33959381394890       -2.30398594520532        2.61919109717959
H            0.41400072324927       -2.49987387737021        2.83614582538616
H            1.46316296947644       -1.38045236208144        2.92365940389039
O            0.56798569875291        0.72856295767509       -2.66811581070393
H            0.96885794793058       -0.10748045554530       -3.00780320161835
H            0.55310962444326        0.61108668893713       -1.68647531106617
O            0.53003391538634        0.30908452503416       -0.04463104629098
H            0.62552991036110       -0.68029198228071       -0.06212573240983
H            1.31996450483398        0.65529179210504        0.39202744614372
O            1.22164816650095        0.29253301680294        3.38544983698231
H            0.30183290343000        0.21943265870170        3.69801600374766
H            1.34894327199994        1.23804706886758        3.23234613295037
O            1.36367732352789        3.25414758934511       -2.60419155256457
H            1.12183736286322        2.30602459599341       -2.70473763095689
H            1.00321009587196        3.70989029241699       -3.35807849641708
O            1.15630210345530        3.74055316951829        0.01386433821020
H            1.18622289097768        3.59066171653076       -0.95236623057965
H            2.06534454042419        3.97069276253964        0.25192268277072
O            0.98555802039415        2.98015055705324        2.82276802966621
H            0.98063196694002        3.23463875223060        1.89617899521026
H            0.05897141148154        3.03058139585887        3.11290060492293
O            3.80852013115141       -2.95940536420582       -2.99726610107436
H            4.12913124470079       -3.79435196612790       -3.35202695798079
H            4.10042670307840       -2.88989556689395       -2.08213414058624
O            4.15962265500449       -2.80736861442886       -0.19907688262272
H            3.77216495391056       -3.26991390514877        0.55113001897924
H            4.86091725718147       -2.24697006667176        0.14812038390748
60
 energy: -101.671931705190 gnorm: 0.099491460928 xtb: 6.7.1 (edcfbbe)
O           -1.51296018747141       -2.43127284188002       -2.36125325237864
H           -2.15836747344913       -2.96575913331870       -2.91685251816567
H           -1.69713103599509       -1.43762572750062       -2.56666887029502
O           -2.41878778925376       -2.63414811305795        0.18131992243651
H           -3.09108660274567       -2.00352859984824        0.00302658924085
H           -1.90320234056312       -2.71833818394189       -0.65006588242340
O           -1.45807478853171       -2.52126540567827        2.65220749713815
H           -1.72264907772426       -2.65277127210960        1.71248659261660
H           -1.95538465079277       -3.15539503871042        3.16969520774636
O           -2.00968674188393        0.16425387247789       -2.80660128607495
H           -1.11836991394588        0.48385177171076       -2.88390723835622
H           -2.23006569314490        0.29170004358741       -1.87295734312101
O           -2.49714498730898        0.54981449846308       -0.16577028134245
H           -2.34827636205401        0.01900063975407        0.58991753812526
H           -2.08612715914325        1.41815395698531        0.01686056080312
O           -1.48910187943819        0.08434355965454        3.65119454583113
H           -1.55482439079599       -0.76542478906913        3.18482379100655
H           -1.76540293788711        0.79489715767399        3.06105611586449
O           -2.42867766550383        3.33951888390641       -2.27223747958663
H           -2.52017297398495        2.39877891940492       -2.51716909206262
H           -2.68625379467705        3.85785592738748       -3.03750329597018
O           -1.52097591978669        3.07059189512463        0.30479269302725
H           -1.91326846362683        3.40667480964439       -0.52182157875607
H           -0.56641605629540        3.21977914720436        0.21806622829649
O           -1.78064325756323        3.16882008807190        3.00377661605974
H           -2.12732324834510        4.01185189338460        3.30777605662506
H           -1.82125449134497        3.18158135856518        2.03027835001821
O            1.28201669014356       -1.77239070231113       -3.26361433618386
H            0.67186557484136       -2.27378502054229       -2.71739720767405
H            2.15124174363787       -2.18032125280796       -3.19427192709727
O            1.09262556722177       -2.30719282988287       -0.02138100054039
H            1.18389904710954       -2.36049916653999        0.95584008343721
H            1.95702924762726       -2.42891563644524       -0.38090722385959
O            1.33874218657095       -2.29956527342758        2.61707709043344
H            0.41072590948149       -2.48986071100645        2.81765403407243
H            1.46005422040065       -1.37254740219598        2.89072181231018
O            0.55357333053661        0.72838952841657       -2.65533382032155
H            0.97751665708587       -0.10629486875624       -2.99228067237125
H            0.55183313159110        0.61486571113013       -1.66951439500436
O            0.51360863855423        0.33028836799458       -0.00672685110140
H            0.62723464650610       -0.68230394488613       -0.07376446096676
H            1.29522985249534        0.67256809319390        0.42041621415554
O            1.23514772328033        0.29597352011763        3.38581448354508
H            0.30952106311740        0.22343775893565        3.68688799061433
H            1.35711023241769        1.24311678171086        3.22016093738663
O            1.40021604020954        3.25251935113073       -2.60985772152170
H            1.11377332891935        2.30846615158575       -2.70314491576988
H            0.97473558415764        3.71374374407827       -3.35043736796745
O            1.16569798218508        3.73986756102845        0.00916762217478
H            1.19536940634779        3.57138986691554       -0.95643231748168
H            2.06690112496077        3.95426149672797        0.24761401096485
O            0.99690635855838        2.98985424103450        2.82229240597131
H            0.98703459655657        3.21384051722616        1.87998155171906
H            0.06784110030747        3.02514621507798        3.10373041613999
O            3.79365157706503       -2.97449470504123       -2.98384796335331
H            4.11536662266791       -3.80673776601875       -3.33130306607188
H            4.08973538476934       -2.90332649722301       -2.09100014926200
O            4.13070699005934       -2.81804101551922       -0.19286591537011
H            3.75133179222861       -3.28311368974103        0.55941763898418
H            4.82644906163604       -2.24760248180618        0.14874995368503
60
 energy: -101.679255397867 gnorm: 0.044554847466 xtb: 6.7.1 (edcfbbe)
O           -1.52101798223122       -2.43624479274265       -2.36352151960007
H           -2.16529152899105       -2.91325314128538       -2.91605936602363
H           -1.65184229152431       -1.48199640632254       -2.57384311398466
O           -2.44068973375620       -2.66525946924313        0.17150974025114
H           -3.08856152404971       -1.97398824182986        0.01623042511563
H           -1.89981000198134       -2.68766706705980       -0.64509430614621
O           -1.45877716405076       -2.51697739997416        2.65009205468775
H           -1.72806735758196       -2.63889547523849        1.71017384386963
H           -1.95700727769108       -3.15162016919622        3.16437629214861
O           -2.02357233232262        0.18102089429346       -2.79949987494067
H           -1.10629933195945        0.47400738796390       -2.87793917493472
H           -2.24862993492938        0.31171465678606       -1.85954741616894
O           -2.51601816815567        0.55511665376824       -0.15716531945651
H           -2.29975817931539       -0.00398304706160        0.59134821382740
H           -2.08528538392228        1.41460400785215        0.02163315148739
O           -1.48580136025667        0.09120587917130        3.65693945369124
H           -1.55323373969047       -0.75808533391026        3.18870211838367
H           -1.75937126346671        0.79738383112134        3.06789727724106
O           -2.41768123248854        3.31938749380581       -2.28190328224199
H           -2.51688586928746        2.39175793042531       -2.51758685732453
H           -2.68895364013376        3.84431203669514       -3.03466799846295
O           -1.52102294569262        3.06838602753356        0.29970293261033
H           -1.90321679677253        3.39228840888270       -0.52805648487115
H           -0.56671888596310        3.21440970674690        0.21192709510415
O           -1.77797763846172        3.15975724962022        3.00300018365555
H           -2.12722756922978        3.99657106698302        3.30740168493473
H           -1.81874938262798        3.17549936812953        2.02842628073781
O            1.28448091835627       -1.75901928170912       -3.26020261481522
H            0.66396298999897       -2.26345022998487       -2.72857459030495
H            2.15102212791316       -2.18742115203712       -3.19785675600293
O            1.09055653713977       -2.27327896203016       -0.03412311392083
H            1.16270835347823       -2.36256557911484        0.94912976645672
H            1.97185114767646       -2.44868054160000       -0.38503171465285
O            1.34060632396512       -2.29766618067893        2.61190758269416
H            0.41082439450567       -2.48557176960492        2.80792012895429
H            1.45893283174073       -1.36999085359980        2.88297363327459
O            0.60482188529770        0.73306831502449       -2.64164737335248
H            0.93946738194684       -0.10003006100738       -3.00462378095220
H            0.54867398849044        0.61840690543716       -1.67042093162389
O            0.51513797734552        0.31784712293184       -0.02645304586755
H            0.60828851895470       -0.64910921774706       -0.01172667584006
H            1.28612599860891        0.66153433699679        0.43421173209765
O            1.24497955371135        0.29390548828104        3.39151060473916
H            0.31200622641230        0.22435269014335        3.67798790591063
H            1.35788888458657        1.24439234038852        3.20478094759563
O            1.37839495712512        3.25613217622108       -2.61261392808871
H            1.13015611172760        2.30743563387978       -2.70378257981643
H            0.99016127782430        3.71147637832526       -3.35172971541830
O            1.17094258239130        3.73995048324894        0.00939088041556
H            1.19933042498597        3.56331977230987       -0.95691661260554
H            2.06631120452305        3.95476199703418        0.25039786156308
O            1.00129632497928        2.99393278243906        2.82196506857875
H            0.99049473438589        3.20817368400632        1.87677195960703
H            0.06991211125442        3.01914567615723        3.09782062989757
O            3.80927837285816       -2.96630561830300       -3.01284529622714
H            4.10777385384970       -3.81123344104564       -3.32733225181515
H            4.05284068263703       -2.92663537982875       -2.06093023540861
O            4.11783731864582       -2.82075985649196       -0.18988452806249
H            3.74246493883647       -3.28889387016243        0.56175166931304
H            4.81100011037130       -2.25000058375283        0.14961446006531
60
 energy: -101.670260195248 gnorm: 0.135922887347 xtb: 6.7.1 (edcfbbe)
O           -1.46736136446490       -2.48122848993444       -2.41135052716420
H           -2.15960718941773       -2.85449499943505       -2.87524805582014
H           -1.65121799504153       -1.48021988467327       -2.52949772231967
O           -2.45895413240265       -2.67545159207735        0.15814489814195
H           -3.08980129912722       -1.93968309270121        0.02382311459516
H           -1.90158519370234       -2.66026546405985       -0.65052640160400
O           -1.46286515568563       -2.50685805955128        2.64118382802666
H           -1.73987032878287       -2.62948904495492        1.70401934689968
H           -1.95865146253428       -3.13880313346764        3.16226646682784
O           -2.07926676524371        0.25762671121954       -2.80242375172063
H           -1.05578129558023        0.41670842507794       -2.85512794770764
H           -2.26758873256970        0.32948173579281       -1.84547691720130
O           -2.54101266011916        0.55777438434929       -0.14704316042405
H           -2.22642602714731       -0.04618074612747        0.59146380186021
H           -2.08565251716012        1.40539745933579        0.02520418996684
O           -1.47124722185796        0.09831014736384        3.65996339447784
H           -1.55104691052963       -0.74775112960074        3.18710765890960
H           -1.76128561425945        0.81117157607662        3.08250876399673
O           -2.40051653769212        3.28844351808712       -2.29646205590128
H           -2.50360299445045        2.37601922754739       -2.51499565940408
H           -2.69547554866400        3.82451629394293       -3.02876325314373
O           -1.52061880588693        3.06074587302068        0.29694956162531
H           -1.89918103918456        3.37300202775362       -0.53226597910840
H           -0.56371335069557        3.19533369568083        0.20903714245370
O           -1.77249665900185        3.13767596197445        2.99692041728939
H           -2.12547662587068        3.96920620331461        3.30775179034589
H           -1.81359681411731        3.15955009819902        2.02249188021990
O            1.28547371711892       -1.74976056780871       -3.28390805036020
H            0.64473367350357       -2.22844540859878       -2.73514327855005
H            2.14909764817164       -2.18795540337684       -3.19785695479075
O            1.09223725016589       -2.26700125701479       -0.05381132999595
H            1.16302178031355       -2.35470363814982        0.93066881574125
H            1.97419408469952       -2.43605722056845       -0.40535167476391
O            1.33398451656899       -2.29284560853769        2.58033188574481
H            0.40596847751719       -2.47903654963417        2.79819620481430
H            1.46440039603194       -1.37053035741480        2.88902262498820
O            0.56472064139894        0.74564800836410       -2.62760613729538
H            0.96470678967639       -0.08626089223395       -2.97215387192515
H            0.55511189353080        0.63373661799477       -1.64190202288417
O            0.49682689299980        0.34431563479482        0.01399981255095
H            0.60674967199426       -0.64724763301963       -0.04102642360273
H            1.26012289762820        0.67331829347242        0.45767556153481
O            1.24674106503250        0.29703561581901        3.36287119431852
H            0.32509330940116        0.22793859747449        3.67414061365203
H            1.37022904642598        1.24758253304412        3.20561748997346
O            1.43767903995131        3.24615131694964       -2.61688182867844
H            1.14375810451199        2.30431334958024       -2.70268922737694
H            0.91777064436072        3.72428791075703       -3.33663911149638
O            1.17978005404027        3.67853638719631        0.00545996658710
H            1.21884391318135        3.54192156271980       -0.96548421467060
H            2.07906260509694        3.99785243414085        0.24530567936651
O            1.00596100285560        2.97316480268125        2.79949872893966
H            1.00006794242270        3.21709855106028        1.87360585755930
H            0.07935048698445        3.02157751130333        3.09023792723257
O            3.77296472560017       -2.99850974516894       -2.96697719661285
H            4.13267621315547       -3.81853634200390       -3.33917523975240
H            4.03740197277890       -2.93203588480942       -2.05717444815091
O            4.08880850098548       -2.83606003828050       -0.18930403168762
H            3.71886129584651       -3.29893346396966        0.56792806713277
H            4.77056251722837       -2.24442155887375        0.14478490831833
60
 energy: -101.679957207898 gnorm: 0.059874348088 xtb: 6.7.1 (edcfbbe)
O           -1.48606930005496       -2.43154122559153       -2.36943011800481
H           -2.14231630498998       -2.87864930051958       -2.88711235819880
H           -1.63262194174031       -1.48078271557787       -2.56128601631761
O           -2.45901068877736       -2.65417164585078        0.16351534066473
H           -3.09720685148037       -1.94498333358516        0.01732774260664
H           -1.90240797016022       -2.66031272546764       -0.64339390873785
O           -1.46545672154696       -2.50148173157638        2.64011134349411
H           -1.74386338556401       -2.62794180937283        1.70461103114113
H           -1.95863998486261       -3.13377849527342        3.16422955425009
O           -2.04673074854190        0.22787801929547       -2.79241538288246
H           -1.07745464322553        0.45401631108993       -2.85628356298034
H           -2.26514919293607        0.33156671661028       -1.84549694506297
O           -2.50205506345671        0.53530357306523       -0.14158090865095
H           -2.24910198377406       -0.03340592704139        0.59347179258132
H           -2.08067908289481        1.40093619808906        0.03135394615287
O           -1.46765728004428        0.10125338083316        3.65997325742367
H           -1.54956320831582       -0.74326906295037        3.18637005691329
H           -1.75970214057152        0.81821617548933        3.08587322152111
O           -2.42663622552153        3.30438432930913       -2.27747298495926
H           -2.45820333762689        2.33970057675350       -2.53653997089711
H           -2.71097581903764        3.81434069990299       -3.03805647356890
O           -1.51683188259286        3.05780884291582        0.29804448187553
H           -1.90158499677311        3.37090811403929       -0.53153660211672
H           -0.55923408900821        3.18862296661492        0.20765388234742
O           -1.76933297254905        3.12947195418568        2.99464104830600
H           -2.12571531426829        3.96058677866421        3.30887245443187
H           -1.81128720506892        3.15273807947828        2.02089785844454
O            1.28717138223574       -1.74664792937554       -3.28757747191045
H            0.64486802268601       -2.22537672044509       -2.74059154326067
H            2.14894389142336       -2.18546922533722       -3.20106479597371
O            1.08941971702894       -2.27204648473132       -0.05617089766578
H            1.16676785851453       -2.35257864953844        0.92575025548148
H            1.96448713578369       -2.42309102661696       -0.41133512519320
O            1.33173295376136       -2.29199578556138        2.57446669374922
H            0.40394800580443       -2.47589162928035        2.79473952314983
H            1.46581768017037       -1.37021619736601        2.88370401228694
O            0.54715471198448        0.74697379905998       -2.63148792615762
H            0.97562541927826       -0.08649216696057       -2.96703099803736
H            0.55508177668603        0.63668649959673       -1.64125005924614
O            0.49221431986856        0.33424516697524       -0.00122352829860
H            0.60620825105163       -0.65225703977997       -0.04359984679103
H            1.24799447245971        0.69554413480062        0.50961075252931
O            1.24966079615328        0.29905029049633        3.35673134442876
H            0.32962171268771        0.22954513606267        3.66997785904265
H            1.37456777300880        1.24879428315283        3.20288296566874
O            1.37546387742926        3.25651974821694       -2.61459366912494
H            1.15585716450293        2.30387946987834       -2.70207167845830
H            0.97153717862937        3.71233267853498       -3.34176185458525
O            1.18310375101631        3.68173585505153        0.00619798321476
H            1.22125244198515        3.54659406768570       -0.96521072008471
H            2.07921299491480        3.98545328706344        0.24402150081669
O            1.00998177544412        2.97360497916706        2.79798414716156
H            1.00369044429799        3.21395036892694        1.87003708951361
H            0.08299417927716        3.01954872999528        3.08757195133460
O            3.78417117175959       -2.99315626161600       -2.98899935071859
H            4.12748306720671       -3.82209544054311       -3.33838656947598
H            4.00940533672984       -2.94829727216248       -2.03271701253265
O            4.07718678926252       -2.84077669343226       -0.18669539026275
H            3.70979253571834       -3.30403904196855        0.57171108727232
H            4.75613227661216       -2.24477041343618        0.14595461232745
60
 energy: -101.664182153685 gnorm: 0.177501439411 xtb: 6.7.1 (edcfbbe)
O           -1.49833215739965       -2.36076238862883       -2.31565229781588
H           -2.10192941442253       -2.94432154585007       -2.91529400788297
H           -1.63722050354543       -1.45354410356326       -2.58825135506179
O           -2.45666623049016       -2.61493668216108        0.17374668255725
H           -3.10852749037779       -1.96550001565723        0.00226536266706
H           -1.90583892647075       -2.65503251600220       -0.63370900071150
O           -1.46864914334364       -2.49356121972702        2.63907629042335
H           -1.74829381434073       -2.62276613552094        1.70297390432248
H           -1.95822792125235       -3.12828427636263        3.16178342007906
O           -2.00456188661349        0.18753005895255       -2.77140400771251
H           -1.13722090421949        0.53319189847774       -2.85994028234076
H           -2.25135883110571        0.33385591448897       -1.83908190356370
O           -2.49536778807254        0.52549251154043       -0.12985704399770
H           -2.22573238224026       -0.03333209343312        0.59716263187816
H           -2.07600708017651        1.39453655727431        0.03518473438907
O           -1.46396203193058        0.10906735094557        3.66319578842045
H           -1.54823799073563       -0.73425381032000        3.18876869991146
H           -1.74839223676599        0.82308161076506        3.08900191124436
O           -2.36718556529363        3.23889067187000       -2.31574552385303
H           -2.53046137775246        2.37435051878137       -2.50589197247380
H           -2.69018099868624        3.79408216371798       -3.02343405392384
O           -1.50965258604153        3.05095299896025        0.28849673995188
H           -1.89275813375194        3.35312109970436       -0.55128955645291
H           -0.55464556351249        3.18756894445818        0.19330711509029
O           -1.76302322639155        3.11835137518465        2.99166949751954
H           -2.12864191791000        3.94581875971745        3.30988752134068
H           -1.80686929494980        3.14652752604553        2.01772228488107
O            1.27623161158425       -1.73101070998089       -3.26852321961879
H            0.65398988949701       -2.23860090379389       -2.75511897012843
H            2.13276155257099       -2.16760925767590       -3.20814914596342
O            1.08129366654535       -2.24771785688876       -0.06237163518836
H            1.15705758469226       -2.35309763018271        0.91714735797391
H            1.95659003103425       -2.42018371555316       -0.41378315598974
O            1.33534792831496       -2.29193975194170        2.58871675218929
H            0.40369377015499       -2.47080147077903        2.77866773709527
H            1.46042030779729       -1.36575662455538        2.85424521751569
O            0.65749802766810        0.74098516683065       -2.59336711550864
H            0.90524144110895       -0.08966854600923       -2.98847758321828
H            0.52921602560380        0.62687215166046       -1.64453358389658
O            0.49395438831061        0.32993269411499       -0.00465740775907
H            0.58792340810580       -0.61403175832158        0.03510936879189
H            1.24773723788436        0.66245499941111        0.47498523369043
O            1.26154471033363        0.29697166380711        3.36349411513463
H            0.33078722462272        0.22963203323838        3.66025357236289
H            1.37551954879450        1.24924633381283        3.18568399139794
O            1.41546207300330        3.26080607704789       -2.62445255379081
H            1.12917762126590        2.31452961660253       -2.70335394479277
H            0.95717632503761        3.71586285907746       -3.33846353101824
O            1.19271757200962        3.75064935069627        0.00019989473479
H            1.21810990715240        3.52834955946531       -0.96324442974814
H            2.06506597075337        3.91357066311803        0.24254683622652
O            1.02006169926721        3.00078908489102        2.81536982023598
H            1.00698209875540        3.18731356476393        1.85645512617275
H            0.08505044783030        3.00572363827457        3.07973155577691
O            3.76598459239344       -3.00651480268855       -2.96571211455585
H            4.09729093043237       -3.82843393727234       -3.30638635150179
H            4.04436884626785       -2.95114996936319       -2.08390613713738
O            4.05902917132671       -2.83886108352938       -0.17768714918900
H            3.69844993803289       -3.31112532928197        0.57888563072423
H            4.73927237962994       -2.25063602260932        0.15191936007206
60
 energy: -101.680390984104 gnorm: 0.069682797520 xtb: 6.7.1 (edcfbbe)
O           -1.46703107779617       -2.40899291181718       -2.36168417277674
H           -2.11675576155897       -2.89451709372176       -2.88319143416235
H           -1.63736367404887       -1.45535395084782       -2.57444222270840
O           -2.46104211347839       -2.62922323855128        0.16855814780711
H           -3.11227381976839       -1.94948995829514        0.00497936959512
H           -1.90165933256285       -2.65273792859290       -0.63363107285376
O           -1.46976844301323       -2.48992201550447        2.63928035470630
H           -1.74958670226825       -2.61879827883973        1.70455051294224
H           -1.95745243045824       -3.12608775448021        3.16287886512069
O           -2.01606268558306        0.20975727248382       -2.77480304887716
H           -1.11909607362658        0.53623577405323       -2.85748608154971
H           -2.25155511986259        0.32894282116385       -1.83356694191802
O           -2.50998955540639        0.53382844438893       -0.12774789487188
H           -2.20234126060775       -0.04744668136285        0.60047995180372
H           -2.07399573013384        1.39297916259090        0.03670582123218
O           -1.46098803913516        0.11101299611847        3.66395161203060
H           -1.54845029065642       -0.73214990810837        3.18981477929510
H           -1.74742816548199        0.82735764837313        3.09145052939610
O           -2.40251808397775        3.27220594455862       -2.29239871677654
H           -2.47532289464706        2.32644954169642       -2.52852801907999
H           -2.70925877745800        3.79044147216997       -3.03708803117949
O           -1.50806223817326        3.04909822693449        0.28727680693071
H           -1.89298064418775        3.35340083019735       -0.54838305022396
H           -0.55316390734425        3.18726196209900        0.19505729117036
O           -1.76247192584538        3.11363366512071        2.99005718229846
H           -2.12704194225145        3.93932758284888        3.31079226886326
H           -1.80511976858463        3.14445821239239        2.01617610009947
O            1.27637426467931       -1.73652497830977       -3.27621461717074
H            0.64891423424048       -2.24003823194010       -2.75279965985232
H            2.13647307605926       -2.17054247066876       -3.20944876036337
O            1.07873234355150       -2.25480258450784       -0.06094121406726
H            1.15813971468407       -2.35609160919534        0.91902292287795
H            1.95522682844352       -2.41889249484530       -0.41848595029245
O            1.33394021660693       -2.29323566717533        2.58111458324579
H            0.40225413448508       -2.47015516352404        2.78083600982238
H            1.46277936439149       -1.36671402303610        2.85669148105555
O            0.61936953628767        0.74735786460130       -2.60217366526785
H            0.92127580470539       -0.08852259717182       -2.98160538988979
H            0.54359860775973        0.62670459049930       -1.63409516514851
O            0.48253382192650        0.35429934499353        0.03852287455123
H            0.58820509577910       -0.63113107842171        0.00602760383038
H            1.24227057569988        0.66878532608251        0.46841216544471
O            1.25999190872552        0.29874348428775        3.35354959907571
H            0.33432290368065        0.23047699729290        3.65861066728757
H            1.37845935911221        1.25070213874841        3.18823847093262
O            1.39910588236092        3.26377167965400       -2.62263958179976
H            1.14445370319564        2.31488788141520       -2.70271044761171
H            0.96360991096574        3.71712437457954       -3.34153334866663
O            1.18831048966968        3.72174688834113        0.00022902728670
H            1.21702942500412        3.54089500241256       -0.96632346531599
H            2.07470319021615        3.93134736069378        0.24287929575290
O            1.02010330524552        2.99072442584392        2.80834276227565
H            1.00936166609079        3.19443256832963        1.86107867135900
H            0.08741913449821        3.00823443909806        3.08144930645812
O            3.78213991098687       -2.99652711471719       -2.99694956357080
H            4.09602699717556       -3.83453240204211       -3.31606416933675
H            4.01687977282578       -2.96127117146019       -2.05135571029297
O            4.05470994414401       -2.84341061332209       -0.17417914407492
H            3.69314855768856       -3.31270250730003        0.58323963374471
H            4.73197930701992       -2.25013623626036        0.15613099138302
60
 energy: -101.654545541849 gnorm: 0.197498104564 xtb: 6.7.1 (edcfbbe)
O           -1.45723835633441       -2.44140074229047       -2.38104340745663
H           -2.10106526890102       -2.86293979379050       -2.88381470484152
H           -1.62399245890953       -1.46829821339275       -2.55917403544866
O           -2.46905857514615       -2.65002774555220        0.15966670620558
H           -3.11656243345347       -1.92542327708804        0.00719145427944
H           -1.89128427704904       -2.64220700305049       -0.63131291985436
O           -1.47193230107107       -2.48592782934360        2.63819017996777
H           -1.75500534740972       -2.60784682037405        1.70613203304161
H           -1.95947698098096       -3.12268522783677        3.16242408454472
O           -2.09987036529203        0.30975884968918       -2.79417071325252
H           -1.04693163829491        0.46486621124011       -2.84147556549898
H           -2.25151223092375        0.30558900823587       -1.82201231903452
O           -2.42281481694619        0.49164296126670       -0.12225943923690
H           -2.28242438959587       -0.01115068054794        0.59961437873705
H           -2.05875954247038        1.38609439698931        0.05470071025113
O           -1.45940387390279        0.11094829846668        3.66889228481363
H           -1.54948035824155       -0.72986938247306        3.19204866930521
H           -1.75070686035928        0.83600775935674        3.10310981763642
O           -2.38088179545098        3.25615841354359       -2.30727215066231
H           -2.49114149020788        2.32849428353483       -2.52575642868351
H           -2.69080683146191        3.78730827182201       -3.03516362287561
O           -1.51296373427980        3.05472817464293        0.28517320966091
H           -1.89086701997947        3.34262023473455       -0.55331255503560
H           -0.55378568087809        3.17937863160152        0.20195881702688
O           -1.76202274485098        3.10415763973071        2.98689082332760
H           -2.12428374806804        3.92741795529522        3.31163916420940
H           -1.80349804351209        3.13663868774836        2.01357806296930
O            1.27749909336459       -1.74375543133454       -3.29893528788337
H            0.63118757504825       -2.22598581565263       -2.74706232712885
H            2.14286227537604       -2.17530900711285       -3.20620325748353
O            1.07343042376963       -2.25994915479421       -0.05667440088209
H            1.16251747612559       -2.34879920735532        0.92275714405188
H            1.94697544628063       -2.40156054022655       -0.42716219010256
O            1.32824944172699       -2.29675184091186        2.56360252038850
H            0.39722348782054       -2.47064842570760        2.78380089189371
H            1.46644594108866       -1.37090267402687        2.86433031030143
O            0.53652284832118        0.76218373818682       -2.64641126974973
H            0.97507256913598       -0.08589580886807       -2.97634842624636
H            0.56461000310783        0.63648133322301       -1.64587101576163
O            0.47937575199311        0.31472465243046       -0.03978400351858
H            0.58539510577676       -0.65433473469767       -0.02618528550768
H            1.21940890818364        0.75522394921621        0.65258636918093
O            1.26024990580706        0.30099945284346        3.34503026669297
H            0.34015779651263        0.23136086342509        3.65206223597314
H            1.38234330005998        1.25069680567070        3.18437777413442
O            1.41363039644500        3.26117010706048       -2.62176930367091
H            1.16191660819843        2.31469183685123       -2.70472855735621
H            0.94002769925921        3.72795267493066       -3.33881852044115
O            1.18069064955018        3.63742467191473        0.00122750459933
H            1.22212777976678        3.55130775538807       -0.97463457930123
H            2.09711423230840        3.99490413706188        0.24085783748564
O            1.02071099166257        2.97251079715364        2.79477347747027
H            1.01355512673434        3.20707751689434        1.87006078547675
H            0.09164787671808        3.00818355972437        3.08261289844358
O            3.76043046452946       -3.01462530448589       -2.97738153811560
H            4.11502583718736       -3.84517901272654       -3.34114260573295
H            4.01250871456344       -2.95209951073588       -2.04847655450277
O            4.04651381171284       -2.85365431415029       -0.17397076410961
H            3.68129312392671       -3.31228059521095        0.58699725561887
H            4.71411303189776       -2.24252027609158        0.15795520166201
60
 energy: -101.682118142060 gnorm: 0.059587800107 xtb: 6.7.1 (edcfbbe)
O           -1.46858610307577       -2.39455002700849       -2.34801613952724
H           -2.08883919704408       -2.90042082317442       -2.90447984399382
H           -1.62045071957034       -1.45473072170993       -2.57007891785080
O           -2.47291650173284       -2.63813798480989        0.16357012328055
H           -3.11260756348930       -1.93287486759836        0.00458815154148
H           -1.89341327013330       -2.63845853669258       -0.62731487483696
O           -1.47172992837630       -2.48322977681588        2.63772499777570
H           -1.75811375257762       -2.60809036081384        1.70475891583027
H           -1.95789539743085       -3.11940540884079        3.16357934615126
O           -2.06176336810855        0.27634671103209       -2.78240520911875
H           -1.07809077696882        0.49826700015051       -2.84520681330836
H           -2.24852927545461        0.31816188434794       -1.82602218677999
O           -2.48683836627125        0.52528473201851       -0.12294231103442
H           -2.21200372485223       -0.05263637956697        0.60900517092155
H           -2.05782949107102        1.38414490675859        0.04960631016714
O           -1.45484713531983        0.11421325143263        3.66781900641607
H           -1.54915659629042       -0.72634200814429        3.19085109230022
H           -1.74713339809334        0.83810916752351        3.10318967446968
O           -2.39219892088397        3.25626951585550       -2.29872448895225
H           -2.47849017867580        2.31672672125125       -2.53373701674025
H           -2.69973946333809        3.77709683837056       -3.04017187094011
O           -1.51044271066615        3.05109993927183        0.28683754841494
H           -1.88984549511472        3.34093958356664       -0.55520699364261
H           -0.55233563356352        3.17717372577014        0.19898442946877
O           -1.76047098221385        3.09926365677544        2.98463508844621
H           -2.12412150045009        3.92291905772666        3.31109583704994
H           -1.80214437427517        3.13532965306185        2.01132550331130
O            1.27577585767879       -1.73963151200124       -3.29522176274145
H            0.63373084606694       -2.22389143277294       -2.75304203293616
H            2.13711499234026       -2.17616779027000       -3.20765475551560
O            1.07168576365953       -2.25558901255948       -0.06127480076001
H            1.15947440599733       -2.35172467826054        0.91747203865437
H            1.94551741503596       -2.40482934712701       -0.42804960426124
O            1.32871247301207       -2.29457371167274        2.56562302281871
H            0.39822472833170       -2.46846665295895        2.78140802753528
H            1.46749728117042       -1.37063346260060        2.86094692518668
O            0.56918910774853        0.75510783677877       -2.62529367835343
H            0.95710949261616       -0.08409743858138       -2.97391074284856
H            0.55229511997492        0.63562448046328       -1.64073527319392
O            0.47352405721716        0.34448724397987        0.02334102379942
H            0.58442534738776       -0.64006355277938       -0.01171663465840
H            1.21989604402715        0.70902364178803        0.56768822887776
O            1.26096635718925        0.30122278186982        3.33577562503074
H            0.34210388941956        0.23147233517305        3.65218875465632
H            1.38631691156784        1.25204563508822        3.18723964184967
O            1.40448304448866        3.26604475833474       -2.62451768025540
H            1.16014339932410        2.31596749382681       -2.70447841068145
H            0.94992977382784        3.72266574254359       -3.33890855964770
O            1.19028969401967        3.66777060178585        0.00055096418985
H            1.22409468382312        3.54748573051414       -0.97275215044861
H            2.08757548123642        3.96680397046196        0.23863931729265
O            1.02175881747832        2.97461114912407        2.79605614038776
H            1.01435410719506        3.20472541267105        1.86437269775171
H            0.09287183681668        3.00860819803523        3.08113561816300
O            3.76473596735635       -3.01325033909243       -2.98299581831429
H            4.11062393968940       -3.84117826565547       -3.33331016993048
H            4.00356411609910       -2.96172451826642       -2.04472550547603
O            4.04201509078794       -2.85509147884770       -0.17129518593058
H            3.67635691302771       -3.31450809101716        0.58933197076769
H            4.70723939941861       -2.24403991766864        0.16076336014668
60
 energy: -101.660718702894 gnorm: 0.218007683146 xtb: 6.7.1 (edcfbbe)
O           -1.41326440853616       -2.44858009591722       -2.42471099782664
H           -2.12081277603092       -2.79817154965180       -2.85213144009761
H           -1.61218410899696       -1.46532159645920       -2.52281170427566
O           -2.47667790222697       -2.61700965932448        0.16063567606984
H           -3.11434451821291       -1.93346578097395       -0.00099916215142
H           -1.90344059971003       -2.62994383269637       -0.63466743956469
O           -1.47545233439286       -2.47509167948432        2.63392631446110
H           -1.76500602977846       -2.60165110820633        1.69915837737890
H           -1.95856283473869       -3.11174811220320        3.15937961412585
O           -1.97477975241898        0.19586889304891       -2.75747179902818
H           -1.15581034290660        0.60166501252156       -2.85676230622057
H           -2.24932946201636        0.33905722749055       -1.82482512758138
O           -2.42555364376371        0.48681701503652       -0.10919123491488
H           -2.24929180142429       -0.02603176962550        0.61887105245932
H           -2.04174472979469        1.37386885590499        0.06373677795249
O           -1.44711045413974        0.12495425827477        3.67207140915776
H           -1.54810770492073       -0.71397400303856        3.19108832429377
H           -1.73760372594637        0.84450543852561        3.11030001641867
O           -2.37659906873942        3.22091645541580       -2.31109654898765
H           -2.46840163016937        2.30780957040739       -2.53824941538542
H           -2.71065327231737        3.75130810883983       -3.03604254663848
O           -1.50717319747135        3.04345772383103        0.28322642935353
H           -1.88385367243298        3.32531513184079       -0.56654082123929
H           -0.55097266888882        3.17519354044081        0.18707339567600
O           -1.75233286640688        3.08438931199938        2.98227951039314
H           -2.12644466530026        3.90356302954195        3.31184517331428
H           -1.79906302881555        3.12540152886374        2.00851656755429
O            1.26999933721245       -1.73141597907086       -3.28744469496059
H            0.64544345849383       -2.22436657290092       -2.76332444476041
H            2.12374641514794       -2.16913183915067       -3.21584323546600
O            1.06635552385620       -2.24055368389127       -0.07520708749032
H            1.14993575334957       -2.34989999840896        0.90518337312982
H            1.94324370242893       -2.40217876447714       -0.43333556654638
O            1.33011905427403       -2.29352103909665        2.57520390578121
H            0.39633184668171       -2.46204126782475        2.76712636088887
H            1.46342618585637       -1.36734085480255        2.83920687397676
O            0.59030617937901        0.75121132360816       -2.60189902492284
H            0.94714108026338       -0.07655412238130       -2.96780737716589
H            0.54260356361040        0.64303602025820       -1.62932996233022
O            0.47031992966794        0.37128413162406        0.07833076655641
H            0.57662418523916       -0.59822202440926        0.04732577702369
H            1.20434768145237        0.65340672581517        0.48396413583077
O            1.27793568698914        0.29756210825813        3.34174703276054
H            0.34350746359991        0.23185364684092        3.64037463781523
H            1.38890315525492        1.25307270204410        3.16518827970521
O            1.38104043861385        3.27298881366296       -2.63227231750256
H            1.16359963239316        2.31557160732347       -2.70450581450109
H            0.96929208578031        3.71340999782610       -3.33688498392620
O            1.20793350408485        3.71454784314833       -0.00343051972047
H            1.23011482651977        3.53208702321171       -0.97012161645847
H            2.07131727885215        3.91927399757183        0.23628420928345
O            1.03116706783955        2.99752313110837        2.80902122075300
H            1.01899020208718        3.18398331851204        1.85105786424897
H            0.09575309963547        2.99572919754509        3.07180373341463
O            3.76002452727548       -3.01715585911984       -2.97835561462775
H            4.08987588409647       -3.84050824156346       -3.30842329636854
H            3.99513827186144       -2.98359149062580       -2.05899517224997
O            4.02094237788908       -2.85655556664253       -0.16452174750888
H            3.65998908201138       -3.32181746213194        0.59496420959884
H            4.68216524878797       -2.24811347621775        0.16422712101507
60
 energy: -101.682696864961 gnorm: 0.050122286836 xtb: 6.7.1 (edcfbbe)
O           -1.43166562701892       -2.40509098517565       -2.38144976404326
H           -2.11738007212102       -2.83776799249562       -2.86293491197428
H           -1.59019779926779       -1.45610470768232       -2.55435403903595
O           -2.47453735640466       -2.61918380028440        0.15716156897992
H           -3.11610820611833       -1.92638836933089       -0.00451633539165
H           -1.89895450582847       -2.63469544420385       -0.63254890875276
O           -1.47778414686566       -2.47179342046112        2.63240700960835
H           -1.76511161279911       -2.60146538656880        1.70063058440980
H           -1.95813702085754       -3.11000998917760        3.16099026131823
O           -2.01116097079127        0.22289268120503       -2.75920931888586
H           -1.12565967198914        0.57794271464971       -2.85392903533751
H           -2.24568391033001        0.32833323103370       -1.81742178589951
O           -2.46239720520556        0.50542145974137       -0.10753498399201
H           -2.20822944455941       -0.04945177099098        0.62473601315228
H           -2.04293386437238        1.37264209903244        0.05830981449412
O           -1.44547460391254        0.12396558107666        3.67205964728661
H           -1.54757437277913       -0.71377151905920        3.19171459928191
H           -1.73814216417767        0.85052689115131        3.11281010725555
O           -2.38159836691862        3.22852026336615       -2.30757710450723
H           -2.45992786691541        2.29122315891153       -2.54557198463882
H           -2.71174405481239        3.75192248058783       -3.03847868677646
O           -1.50485343061703        3.04420653269044        0.28125379739980
H           -1.88528197281809        3.32364660648214       -0.56473588233285
H           -0.54886047757397        3.17359679912926        0.19048162420553
O           -1.75357362730907        3.08128795002950        2.98038032161853
H           -2.12472350058234        3.89921609402392        3.31237287969957
H           -1.79740086009978        3.12288075909119        2.00712619718433
O            1.27378574420348       -1.72799111412283       -3.29062859955650
H            0.63661218493227       -2.22324728011294       -2.76339474801673
H            2.13128692743718       -2.17174915080456       -3.21750604673739
O            1.06352298850346       -2.24336280635297       -0.07057095475291
H            1.15127238155993       -2.35009920569780        0.90833435059464
H            1.93755626681500       -2.39665984687861       -0.43736699424882
O            1.32802299626046       -2.29512233446716        2.56669150710542
H            0.39482609723918       -2.46250915482809        2.76980147952839
H            1.46620322900378       -1.36917748355415        2.84261175712573
O            0.59082687698216        0.75795858530334       -2.60247069073941
H            0.94488332218942       -0.07796449297408       -2.96323770748416
H            0.54328466616186        0.63938048317734       -1.62852495645314
O            0.46433745347623        0.35930262302751        0.04275383352256
H            0.56775748911945       -0.61530202404379        0.02219915148339
H            1.21361851124404        0.68886091979290        0.54512664660428
O            1.27320611293758        0.30065055696815        3.33245891324653
H            0.34914901497614        0.23259376211932        3.63952410540319
H            1.39194661926169        1.25343622824730        3.16919852986927
O            1.43001975185548        3.26528591932469       -2.63072367691974
H            1.15734789218956        2.31810211496771       -2.70602782092277
H            0.92518118158156        3.72639221423284       -3.33789793261781
O            1.19872442145133        3.68573727906407       -0.00326508952358
H            1.22869246862356        3.53541477174095       -0.97480654181012
H            2.08578075608127        3.94221268370853        0.23769339483217
O            1.03183502637067        2.98974151838691        2.80262633511251
H            1.02024887052341        3.18900659833348        1.85461429756952
H            0.09794059588060        2.99796371542994        3.07363804086966
O            3.76292839220021       -3.01544352980279       -2.98830073213600
H            4.09053279079887       -3.84794425517078       -3.31948227155463
H            3.98782760925699       -2.98313686353399       -2.04024866694198
O            4.01680903225568       -2.85932643131270       -0.16356712064292
H            3.65494244034648       -3.32296496415488        0.59712425415478
H            4.67724913131423       -2.24586569273875        0.16736738968319
60
 energy: -101.655809932329 gnorm: 0.235590792534 xtb: 6.7.1 (edcfbbe)
O           -1.39190084548985       -2.38012014230704       -2.36388569826234
H           -2.06136887615430       -2.94337619414957       -2.87252755488298
H           -1.65484289473227       -1.36480113239724       -2.53704430706657
O           -2.48074802026610       -2.62755686160938        0.15071699114634
H           -3.11389083151139       -1.90968616363396       -0.00512399034369
H           -1.88919625386916       -2.62139624401524       -0.62927787504245
O           -1.48104022019475       -2.46453166572962        2.62819563085679
H           -1.77155520084964       -2.59890800123861        1.69941405851031
H           -1.95729811791919       -3.10214213684803        3.16319630705664
O           -2.10886483799458        0.33418355395996       -2.77437489334872
H           -1.05349466956372        0.49896674834427       -2.83594364886554
H           -2.23658709657094        0.31591057664060       -1.80231254075354
O           -2.51179280359400        0.52447950194351       -0.10190228147640
H           -2.13916882624554       -0.08750567555198        0.62547742394918
H           -2.04353462513219        1.36619778879444        0.05463670284112
O           -1.43625930927251        0.12913573452105        3.66987356006381
H           -1.54717500519376       -0.70698193145495        3.19052819560352
H           -1.73242573161268        0.86138691804808        3.11589942181855
O           -2.36580855243563        3.20512622893121       -2.32139964918165
H           -2.47677291606757        2.28887338093325       -2.54328115363430
H           -2.71193943747673        3.74117735271256       -3.03294005750512
O           -1.50229525891535        3.03889017522832        0.27650450950694
H           -1.88227374692883        3.31490805105055       -0.56829419354429
H           -0.54631475725920        3.16682197892001        0.19250235283799
O           -1.75153841190770        3.06711871788488        2.97540295285219
H           -2.12189642568162        3.88158339396715        3.31363732096503
H           -1.79193661764938        3.11556790846329        2.00256552183039
O            1.27378166501851       -1.72146398686874       -3.29855679953595
H            0.62473887613034       -2.21598719085394       -2.76945768091515
H            2.13187570492295       -2.16846245900820       -3.21865836712377
O            1.05430068934548       -2.23219985629796       -0.07255175838600
H            1.14462161702330       -2.34969295548137        0.90370109772361
H            1.92704064787659       -2.39231881514203       -0.44608747266517
O            1.32390887654361       -2.29467268412550        2.55063514535781
H            0.39161363405611       -2.45946790606068        2.76945932129850
H            1.47104046047857       -1.37029570700695        2.84640507078481
O            0.58257955646728        0.76924228948895       -2.59951584178980
H            0.95731843854968       -0.07387218189224       -2.95116862225624
H            0.55020084601612        0.64239195831304       -1.61934127856561
O            0.45794329940971        0.35833225120302        0.03303548168037
H            0.56042397495972       -0.61672312622989        0.01566261397283
H            1.21389762091564        0.70579685314334        0.57601835545406
O            1.26900203391078        0.30428234119678        3.30702086805224
H            0.35891630692880        0.23485434508290        3.63837877098095
H            1.40141072176789        1.25518306538778        3.17590437523300
O            1.25455717698141        3.28771207861993       -2.62244216010280
H            1.17998154668857        2.31367679159260       -2.70544213350084
H            1.08417487764494        3.69432503681723       -3.36115373006966
O            1.19448222151683        3.64580532838673        0.00301384282730
H            1.22602651716774        3.55315140527329       -0.97459397823881
H            2.10102413039795        3.96657063047933        0.23590293343794
O            1.03373894129946        2.97274713041246        2.78696513931622
H            1.02730294558930        3.19964236553753        1.85906319121107
H            0.10459022357857        3.00349456779545        3.07272108399880
O            3.72759220341033       -3.04132714343407       -2.94407177692492
H            4.10034800487237       -3.85691889715604       -3.32945864263801
H            4.00530452768138       -2.97200259717970       -2.06090498716716
O            3.99966105871422       -2.86616426902607       -0.15977074094307
H            3.63692265197231       -3.32761300447048        0.60166353212638
H            4.65466082263941       -2.24467225985754        0.17329716140842
60
 energy: -101.683297361906 gnorm: 0.060830842355 xtb: 6.7.1 (edcfbbe)
O           -1.42633155438007       -2.37106838669464       -2.35222709166014
H           -2.06517545443622       -2.88793650055542       -2.88294326627229
H           -1.61570793592978       -1.41165266047157       -2.54249838956261
O           -2.48377640125181       -2.62538586898526        0.15019534011451
H           -3.11002055357895       -1.90754065338754       -0.00671199845802
H           -1.88747497158700       -2.61727312696174       -0.62749175830106
O           -1.48144236838728       -2.46242983506041        2.62718349177333
H           -1.77406507536800       -2.59560644506844        1.69756428480835
H           -1.95712643583922       -3.09996177919615        3.16140175488145
O           -2.06086967273941        0.29093564048521       -2.75987722292100
H           -1.08337166599615        0.53183609401619       -2.83722837841197
H           -2.24013593654810        0.32784791384318       -1.80162778729478
O           -2.47612550184357        0.50215461126450       -0.09660887787194
H           -2.16340896998821       -0.07305641392895        0.62793380651697
H           -2.04442169660116        1.36579536043001        0.05795604869450
O           -1.43587630589303        0.13134463754180        3.67376037656007
H           -1.54686364874282       -0.70385672275236        3.19157150574009
H           -1.72926256545986        0.86302710796447        3.12094119918271
O           -2.37949676139364        3.21074653050733       -2.31220088105855
H           -2.45653788401980        2.27275896355806       -2.55426744286702
H           -2.71703465295703        3.73374209677129       -3.03868799739898
O           -1.50191251251298        3.03937783063246        0.27769044394177
H           -1.87985970643583        3.31163469855591       -0.57107505072577
H           -0.54443960482568        3.16312082204568        0.18957633912377
O           -1.75058433132467        3.06258341910769        2.97351257737163
H           -2.12269078224723        3.87668752931763        3.31283997499370
H           -1.79106295525305        3.11301644654433        2.00027601762458
O            1.27337320417092       -1.71898035469468       -3.29773054146627
H            0.62553013790193       -2.21247139852105       -2.77373347796323
H            2.12888501702269       -2.16845489111512       -3.21893478328324
O            1.05267184870019       -2.23208132010323       -0.07576761358135
H            1.14293280931375       -2.34822653337004        0.90147237987516
H            1.92539975536463       -2.39160508919983       -0.44763715179047
O            1.32435879043885       -2.29556223606186        2.55383561078295
H            0.39154474855411       -2.45844943699759        2.76666315253758
H            1.47112844029254       -1.37182556209747        2.84203239453503
O            0.57754558308293        0.76198119172381       -2.59778690915472
H            0.95497787317469       -0.07832089836977       -2.94709341818580
H            0.54925896719714        0.64526000982905       -1.61594593394057
O            0.45744124859905        0.36583814809822        0.05194410183666
H            0.56150386053639       -0.61361474000116        0.01637755666744
H            1.20599315090506        0.69644352221904        0.56144855605113
O            1.27356520431707        0.30250055507642        3.30486370541913
H            0.35860027899271        0.23439652522624        3.63423932325972
H            1.40354653400235        1.25594953518178        3.17234730550849
O            1.33467036305623        3.27214997111359       -2.61759950759914
H            1.16279783108566        2.31338253492876       -2.70899807854356
H            1.02363343165730        3.72479398550294       -3.36644052370988
O            1.20288562865845        3.66426372561508        0.00480687371241
H            1.22412548980148        3.54789032905879       -0.97021186288964
H            2.09585344732009        3.95160624239494        0.23393519723790
O            1.03542074975583        2.97807886559996        2.79066362998990
H            1.02745562513743        3.19608436883642        1.85453505099607
H            0.10490106352448        3.00074971684519        3.07071576592188
O            3.74601582773628       -3.03191042962474       -2.97315690742295
H            4.09225148936871       -3.85666949350609       -3.32272171271218
H            3.98238554219977       -2.98670088434275       -2.03879992746106
O            3.99674576734416       -2.86736204541173       -0.15826166036889
H            3.63211532869346       -3.32807558405690        0.60220350349777
H            4.64862339762161       -2.24522437925270        0.17569400369259
60
 energy: -101.685368900564 gnorm: 0.055823950360 xtb: 6.7.1 (edcfbbe)
O           -1.40227007830661       -2.35291662171344       -2.35259169066444
H           -2.04152298230084       -2.84561210708860       -2.84645312251422
H           -1.60870259561237       -1.42108425204637       -2.55691264223176
O           -2.48565537623533       -2.59260363455532        0.15303773652325
H           -3.11876670765751       -1.90059287008837       -0.01165052960506
H           -1.89649254359964       -2.60375255217775       -0.62868314412306
O           -1.48674348894324       -2.45029713885171        2.62250203271600
H           -1.78543573417775       -2.58743706183149        1.69330876426737
H           -1.96073303064645       -3.08370978622732        3.16171059398443
O           -2.01882721090057        0.27558676736895       -2.73733015582599
H           -1.11050375593651        0.57220267318627       -2.81998463934785
H           -2.23806110182535        0.34553327050745       -1.78623641174845
O           -2.46416574991774        0.48030185363227       -0.08117245129526
H           -2.11741081144742       -0.09206884874781        0.62563865910576
H           -2.04382425585892        1.35256844200564        0.06543842395761
O           -1.41807908160288        0.14252134243260        3.67756225573925
H           -1.54595202980869       -0.68776587937085        3.18720814383402
H           -1.72633734727551        0.88002746481565        3.13823267916188
O           -2.37901958156347        3.18363589049665       -2.31427756953583
H           -2.41337289900473        2.23973584196898       -2.56357107701847
H           -2.73483722208609        3.69981545304010       -3.03987082017240
O           -1.49686666478997        3.02240467183354        0.27433384189181
H           -1.87512872095565        3.29542348227719       -0.57614147912991
H           -0.54038865530325        3.14682704842793        0.18212528939253
O           -1.74113295572368        3.03626623485126        2.96690137328154
H           -2.12385917956279        3.84552084575658        3.30982104761854
H           -1.78447151921116        3.09076812189843        1.99366089541515
O            1.27921266178966       -1.69928033756614       -3.30589807581659
H            0.62790227935782       -2.18581647350600       -2.79064878681364
H            2.12622383827940       -2.15667542486248       -3.22428554943445
O            1.04652926465427       -2.22640715265563       -0.09455737471171
H            1.13935581885873       -2.33650271333941        0.88242843614703
H            1.91545321910178       -2.38246759890275       -0.46487878014456
O            1.31951962550237       -2.29159718638067        2.54265898648499
H            0.38577402454173       -2.45068616745284        2.74976790155756
H            1.46945538225650       -1.36905268016887        2.82369108342913
O            0.60161386752775        0.76182703769903       -2.56707326091136
H            0.92795378037146       -0.07103826189833       -2.93688091075597
H            0.54064181884298        0.65428329931084       -1.59777444392971
O            0.44189307848473        0.37705826664179        0.07130586748548
H            0.56604176933360       -0.60604467159267        0.00112573089431
H            1.15995208790043        0.71653589222937        0.61951981784874
O            1.29003650127068        0.30389228593154        3.29573248483900
H            0.36876458999514        0.23811791868784        3.62038833698598
H            1.41402519877592        1.25991859110405        3.15333016332423
O            1.43694553605893        3.26833366443644       -2.63275238302924
H            1.12206919376208        2.32397060085011       -2.70204099672493
H            0.96284640185136        3.72521175639071       -3.35765167270175
O            1.22062220654884        3.65069903043960       -0.00019328198371
H            1.23612032107940        3.51691231191482       -0.97392303952705
H            2.09905639547921        3.95438706807751        0.22295198584830
O            1.04802811785054        2.98955846106566        2.78957682847704
H            1.03625479156661        3.17883151268290        1.83790560332038
H            0.11415515538870        2.99222731861906        3.05851846564990
O            3.74029429892072       -3.03920024819406       -2.96715967339802
H            4.08700354139258       -3.85736308985475       -3.31380803002260
H            3.93513889788690       -3.02630776836100       -2.00776082812590
O            3.96146977720697       -2.87681827797237       -0.15858180878049
H            3.59979775163660       -3.33969680403841        0.60211373874004
H            4.60147261676629       -2.24143355108674        0.17416258207385
60
 energy: -101.687545057636 gnorm: 0.043000714426 xtb: 6.7.1 (edcfbbe)
O           -1.40093228050940       -2.32325625592621       -2.33203379073139
H           -2.00465540758837       -2.85923596289431       -2.86684033472145
H           -1.60697917044914       -1.40117578079189       -2.55330307928926
O           -2.49984544897660       -2.59716556655526        0.14946501257506
H           -3.11478651945359       -1.87259214076952       -0.00577461162219
H           -1.89241445258632       -2.58113590600303       -0.62129084526526
O           -1.49088919726583       -2.43890258519079        2.61688509781002
H           -1.79453756240014       -2.57374591101743        1.68919888864663
H           -1.96317615893269       -3.07204359645935        3.15793070505464
O           -2.04365022448610        0.31745782641367       -2.73082734268748
H           -1.08807362447008        0.56431214900350       -2.80049887935591
H           -2.23441866783032        0.34461558493900       -1.77058574425297
O           -2.44413343032352        0.46580355619226       -0.06947116524379
H           -2.10068970909145       -0.10331431003227        0.63073037809987
H           -2.03380249486025        1.34192373939479        0.07921019469770
O           -1.40856977241987        0.15093478115528        3.68527505144907
H           -1.54069197113858       -0.67580001637448        3.19081863987354
H           -1.71422053895558        0.89298508413645        3.15209191203093
O           -2.38118943726061        3.16201943142525       -2.31794000300013
H           -2.39437927068211        2.20980190213814       -2.57927243928989
H           -2.74259476517243        3.67186670137546       -3.04537923963519
O           -1.49183677669862        3.01514452968134        0.26723785635669
H           -1.86902221774813        3.28125423186253       -0.58467002967948
H           -0.53438650516177        3.13410367513870        0.17426078381864
O           -1.73729902921708        3.01465222938916        2.95945956626329
H           -2.12444703852902        3.81900424636777        3.30731349221236
H           -1.77912588639064        3.07478738165101        1.98628735961201
O            1.28060557672311       -1.69142691019724       -3.31858840054279
H            0.61332909398488       -2.16629572258173       -2.80101640376399
H            2.12446275153097       -2.16006135033737       -3.22345354376032
O            1.03347369511663       -2.20536404457858       -0.10373259360429
H            1.12695085634137       -2.33162600594380        0.87168810385912
H            1.90268564778214       -2.37678002802796       -0.47739677195630
O            1.31716023266904       -2.29272903135786        2.53084071028358
H            0.38185278056792       -2.44497448125106        2.73790824851831
H            1.47228770519345       -1.36942271728987        2.80793470483348
O            0.55912815716910        0.77154080221202       -2.56702205124682
H            0.96402468246179       -0.06385658037183       -2.91391021714182
H            0.54648488417109        0.66615107060664       -1.58188756555514
O            0.43905595148259        0.38210965782452        0.08120140093436
H            0.55307680772053       -0.58045545384384        0.04530831138425
H            1.15892016550474        0.70067415620117        0.61124281166847
O            1.29862039231866        0.30481261724646        3.27902152945806
H            0.37942873693651        0.23948885941269        3.60717571648277
H            1.42478458192448        1.26109819924378        3.14309266538981
O            1.41590965091200        3.27083870634573       -2.63284274175165
H            1.16054134677001        2.32056420615879       -2.70396232182195
H            0.95458965512331        3.73047331161229       -3.35684386944751
O            1.22639264290921        3.64097807347166       -0.00163092207997
H            1.24247232502960        3.50490253048259       -0.97517869011153
H            2.10546495346839        3.95433592651721        0.22074689891975
O            1.05421657487648        2.98467409536948        2.78157573846113
H            1.04673632829996        3.18132749054684        1.83687337122698
H            0.11996760817035        2.98582821926788        3.04928206926395
O            3.72552125043765       -3.05054005590953       -2.96086147881280
H            4.07940946976508       -3.86757614959603       -3.30876698073862
H            3.91197687500847       -3.03978269162287       -2.00005630669644
O            3.93485638789308       -2.88684538403892       -0.15111982194754
H            3.57268493512177       -3.34645385051524        0.61070348223935
H            4.56673738519988       -2.24123122325579        0.18131260429929
60
 energy: -101.691170365611 gnorm: 0.019677048998 xtb: 6.7.1 (edcfbbe)
O           -1.39977857859405       -2.31378376804076       -2.34114359096609
H           -1.97629351715785       -2.85873675548985       -2.88400820018516
H           -1.62597955079417       -1.38656340222071       -2.55992538789578
O           -2.50103495959901       -2.58764129016201        0.13940665301591
H           -3.10934505438485       -1.85947319315889       -0.01619301356989
H           -1.89117461384537       -2.57756287442464       -0.62732254773071
O           -1.48994820232553       -2.42550805442973        2.60399700351893
H           -1.79703921211199       -2.55807377492222        1.67780927405017
H           -1.95773245910476       -3.06312144826750        3.14393178371645
O           -2.05264662786070        0.33650335475537       -2.70376557481085
H           -1.09055772544979        0.54912287940029       -2.77438700701060
H           -2.24200887298775        0.34739253444827       -1.74247949922555
O           -2.46541536900718        0.46054781103118       -0.02298821062554
H           -2.00524035923562       -0.11249109906609        0.61051134255167
H           -2.04856768688535        1.33997299765504        0.08432659355806
O           -1.39253311169570        0.14675424998938        3.70492766746079
H           -1.54778411814559       -0.67060657516821        3.20482614109751
H           -1.71174089861115        0.89944688402629        3.19505899800540
O           -2.34931015063090        3.14698281237479       -2.34540250543719
H           -2.39455481568838        2.19763115806323       -2.58062025020354
H           -2.77117923924916        3.63765875675781       -3.05343151583556
O           -1.48841401350360        3.01515170509498        0.25203123137566
H           -1.86493512731329        3.26606883154649       -0.60580349376974
H           -0.53045510240922        3.12970691993432        0.16034840865996
O           -1.74058973019410        3.00164044225927        2.94260020354916
H           -2.12849229220744        3.80184055251828        3.29777750923122
H           -1.77973228775883        3.07158522645924        1.97029686302302
O            1.27147652479976       -1.68175671773759       -3.31161939292221
H            0.60673149501812       -2.16022288436608       -2.79680806743322
H            2.11410458932729       -2.15078728630658       -3.22256193441897
O            1.03825969359666       -2.20801536416793       -0.11118580423119
H            1.13425409735646       -2.33720316476705        0.86337161083304
H            1.90821026949460       -2.36740703385521       -0.48782060331748
O            1.31748615720238       -2.30120960938870        2.51892882894244
H            0.38225069002312       -2.45082817639332        2.72931060282857
H            1.47818849686509       -1.38112228537128        2.80568804792362
O            0.56632616044093        0.77887223169635       -2.55646116910466
H            0.94706645162443       -0.05928035798516       -2.90761093734472
H            0.54348703688332        0.66962880331629       -1.57532863402485
O            0.43398460674845        0.38757757726939        0.08170561911830
H            0.55230851401867       -0.58304207450756        0.02542771708457
H            1.12906097609521        0.70612429993792        0.66029612516047
O            1.29943946831361        0.29916730398056        3.25536044645502
H            0.38947996643955        0.23165348845261        3.60518980668736
H            1.43080385125602        1.25789279916639        3.14555026095648
O            1.43379905211030        3.27367336608431       -2.64882439917274
H            1.16371830643467        2.32731464637102       -2.70612422256659
H            0.93791128887213        3.73123716290189       -3.33539265672899
O            1.24265177809448        3.60969299377114       -0.00712220111270
H            1.25908789036495        3.51487356582964       -0.98680908164479
H            2.09797329578348        3.98614385112300        0.21713756495583
O            1.05034752523598        2.97738221948676        2.78060448158218
H            1.04745950900259        3.17180729644239        1.83555780819426
H            0.11491171912220        2.97489518168675        3.04449504603875
O            3.71395784253903       -3.04233315043100       -2.94793015316966
H            4.07139775610068       -3.85652914147967       -3.30281601500573
H            3.88846993532398       -3.04448868693006       -1.99298935945000
O            3.93987319671824       -2.89640634541245       -0.13728887399855
H            3.56364911072634       -3.33683482356480        0.63041598969378
H            4.54741895480481       -2.22823930576604        0.19118979361436
60
 energy: -101.694069853700 gnorm: 0.038245828241 xtb: 6.7.1 (edcfbbe)
O           -1.39658913910447       -2.30197771079235       -2.35640844513914
H           -1.93136775759494       -2.86299368527996       -2.91520338740262
H           -1.65340791332714       -1.37148104322444       -2.57030628988819
O           -2.50575967464913       -2.57167557432967        0.12430005582773
H           -3.09531586852754       -1.82682693974098       -0.02062292252855
H           -1.89398370544537       -2.57077840082312       -0.63772893854763
O           -1.48761739509452       -2.40468489226813        2.58353963670159
H           -1.80359477477707       -2.53189859405219        1.66020969915760
H           -1.95000901217360       -3.04730412375063        3.12241591957019
O           -2.05681271741293        0.34818103201074       -2.65881164590740
H           -1.09801429119252        0.55992919126659       -2.72831724524880
H           -2.25576699170478        0.35779498418680       -1.69933784166427
O           -2.45429726886039        0.44410652233631        0.03340663634506
H           -1.86747731547661       -0.12797484994969        0.58522830299317
H           -2.08349983934441        1.34404411813848        0.13401778663386
O           -1.36903171871884        0.14560262393461        3.74031926326129
H           -1.55722299862789       -0.65817008115732        3.23136669575473
H           -1.70859265995241        0.91278806582125        3.26357159809744
O           -2.32679356893917        3.11792612979849       -2.38272658400019
H           -2.36077688798610        2.17350574834285       -2.60109428221960
H           -2.82033939486729        3.58085542053797       -3.06844910915784
O           -1.48238242941160        3.02195079676199        0.22110301293555
H           -1.84789568887381        3.24784647476457       -0.65019856099199
H           -0.52170716116894        3.12013424467912        0.13842512319909
O           -1.74631792863178        2.97636297640031        2.91407566170303
H           -2.13835842161756        3.77151796987341        3.27494236613336
H           -1.78578704672509        3.05145268327075        1.94233938672351
O            1.25173422837577       -1.66678973823368       -3.30599790939858
H            0.59323885254431       -2.14807282838025       -2.78819299297922
H            2.09502131210978       -2.13244526236158       -3.22314812202337
O            1.04512195534577       -2.20943649468285       -0.12704338006677
H            1.14193141680387       -2.34308871880961        0.84722717039529
H            1.91750436378679       -2.35005425679575       -0.50571111642080
O            1.32048273259335       -2.31781163281283        2.50079222673682
H            0.38269363998288       -2.45755925968896        2.70854323247019
H            1.48791581488762       -1.39862849127813        2.78760159117214
O            0.56904737008338        0.79056803907867       -2.53936157868798
H            0.92904268259618       -0.04770579179951       -2.89358375789622
H            0.55087555372820        0.68699037583350       -1.56138338446953
O            0.41802198186896        0.38106934878897        0.08841414817657
H            0.56650335340382       -0.59425345644982        0.00925256102424
H            1.05415000805882        0.71390651344764        0.74866763385745
O            1.30635361028601        0.29032712044955        3.22053536144002
H            0.40397651103168        0.21458325506006        3.58650852055380
H            1.43891604872800        1.25216351146476        3.13980099725278
O            1.45611283981278        3.28278894191675       -2.66721289631086
H            1.18146770459219        2.33726304845188       -2.70635666639839
H            0.90107567818201        3.73603761630415       -3.30073497013744
O            1.25384279306916        3.60400089053487       -0.01839705085811
H            1.29170340676696        3.48459395624728       -0.99438516170113
H            2.09060526164957        4.01658506683205        0.21275152977251
O            1.04532102499659        2.97226392815935        2.77955619676796
H            1.05740850669620        3.14834949089365        1.83061106804238
H            0.10524021206023        2.95469129740761        3.02742418809273
O            3.68320321610761       -3.03502629413912       -2.92735568512948
H            4.05886945608750       -3.83722720492263       -3.29554615241470
H            3.85986578619640       -3.04550174356361       -1.98171142088168
O            3.93962557813908       -2.90640042264961       -0.11411084626590
H            3.54824767668894       -3.31992043259466        0.66323648041078
H            4.51666152293207       -2.20781819841514        0.20516941350369
60
 energy: -101.696303274216 gnorm: 0.035404549343 xtb: 6.7.1 (edcfbbe)
O           -1.39974759254070       -2.28847991257747       -2.36575177497989
H           -1.88928984365624       -2.86022474037405       -2.95494823955618
H           -1.67095915282303       -1.35652310206575       -2.57827874431005
O           -2.51368462379410       -2.55507307903811        0.11235805534629
H           -3.07730401787564       -1.78570139280415       -0.01625276302411
H           -1.90226458035446       -2.56451234680296       -0.64764982866170
O           -1.48408615193613       -2.38383877167063        2.56401984839927
H           -1.80950067892228       -2.50506321043289        1.64292316978017
H           -1.94130417201927       -3.03154338718157        3.10138961309642
O           -2.05564608001216        0.35504791009987       -2.62397982488339
H           -1.09616359614872        0.55462540191738       -2.69788983155988
H           -2.24730192137841        0.34153938343779       -1.66261537171876
O           -2.40004771834846        0.42441630154521        0.06037045784544
H           -1.82169824391405       -0.11602815445609        0.60426161076169
H           -2.08745450558781        1.34440087850654        0.18297783785343
O           -1.34535494960835        0.14650824015308        3.77580574993339
H           -1.56382493343483       -0.64483081474610        3.25895451295159
H           -1.70349122649528        0.92543265133888        3.32890512401440
O           -2.30847675318280        3.09592413869255       -2.42022839041487
H           -2.34258220127495        2.14777663792584       -2.61349979479749
H           -2.84922597327420        3.53109963869692       -3.09085959400521
O           -1.47790890990138        3.02779051086381        0.18964637820574
H           -1.83318595695497        3.23006299026702       -0.69354286160018
H           -0.51576480593090        3.11869728825974        0.11610473165150
O           -1.75593828492198        2.94225864246478        2.88402970426258
H           -2.14865221327830        3.73286958029815        3.25404256323404
H           -1.78899150067102        3.03138050311148        1.91321714397592
O            1.23180718835575       -1.65101405253853       -3.30156878607439
H            0.57355742659336       -2.13169694006813       -2.78341159329105
H            2.07319402857921       -2.11855449146601       -3.22103551742722
O            1.04956665274131       -2.20384757533229       -0.14329954215141
H            1.14705236718803       -2.35059643963296        0.82953435701359
H            1.92202284911423       -2.33352126197654       -0.52602191451338
O            1.32379879569093       -2.33701771024750        2.48130198552725
H            0.38300612623214       -2.46570057372019        2.68538700544505
H            1.49842632659777       -1.41903007367157        2.76660452604605
O            0.57004944700109        0.80337772073626       -2.51276004926568
H            0.91519547751258       -0.03525171934963       -2.87226937626865
H            0.55212541111822        0.70123986875396       -1.53659472146863
O            0.40427267223096        0.37174682927056        0.11967802834024
H            0.57403338696926       -0.60398063422918        0.00565835619942
H            1.01692224470500        0.70147936703188        0.80500439038559
O            1.30839795078433        0.28136954644743        3.16960160311150
H            0.41713948302220        0.19922274069507        3.56371758855158
H            1.44817367468603        1.24689209011362        3.13109233301150
O            1.47672262688875        3.28897290358089       -2.68373990721133
H            1.20301808089531        2.34322998139652       -2.70904957888084
H            0.85587000785269        3.74294461160731       -3.26086693882702
O            1.27168998852258        3.57944777382318       -0.02688645564874
H            1.32347737424316        3.47559680483276       -1.00531334181674
H            2.07881860462035        4.05702401791757        0.21065148554749
O            1.03753750786682        2.96032813888637        2.77466507070274
H            1.06442004674430        3.13316048266877        1.82529999427266
H            0.09408725877733        2.94255544306954        3.01015549703014
O            3.65441394568856       -3.02557373438649       -2.90685182931907
H            4.04443487420624       -3.81512812466660       -3.29049655092974
H            3.83033775149880       -3.05056144696858       -1.96482747850345
O            3.92874226321617       -2.90579445868868       -0.08809173947434
H            3.53366575907621       -3.30448383912661        0.69563547248972
H            4.48693551900737       -2.18817177014383        0.22150326556747
60
 energy: -101.699294118148 gnorm: 0.026789602414 xtb: 6.7.1 (edcfbbe)
O           -1.40292618976902       -2.27980244739194       -2.37390195068966
H           -1.84556350609707       -2.84964038271103       -3.00933007058740
H           -1.67221599416214       -1.34677006497512       -2.57863260291708
O           -2.52351133186658       -2.53732843943399        0.09960947747723
H           -3.04994014632616       -1.73380090468958       -0.00834236360840
H           -1.91283848743187       -2.55941467810570       -0.65976634434229
O           -1.48251532886954       -2.35641498328611        2.54258023929682
H           -1.81321109275405       -2.47206418687406        1.62138528402019
H           -1.93378710337103       -3.01209855780229        3.07545303290789
O           -2.05909797484399        0.35024525454498       -2.56995157554309
H           -1.10001653271466        0.54970274219151       -2.64940631083128
H           -2.24626497204735        0.32890765390768       -1.60632334541584
O           -2.38903041836614        0.41630956409845        0.11090724868198
H           -1.71367601555675       -0.09549889038449        0.58982832792563
H           -2.08779074639081        1.34367741682548        0.18913845923746
O           -1.32405556423513        0.15407580155807        3.81500571445330
H           -1.55975206038729       -0.62453204763086        3.28773931151162
H           -1.68278326943658        0.94230245196802        3.38786680872562
O           -2.31232650046825        3.07725515158324       -2.45429054825053
H           -2.33211005227858        2.11568448087583       -2.61494957641842
H           -2.86106779316353        3.47941457546221       -3.12468545874850
O           -1.47562764259580        3.02909599296764        0.15464145887903
H           -1.81607462788901        3.21168648297181       -0.73971212557787
H           -0.51195766623800        3.11561924359498        0.09342825233455
O           -1.76889466837814        2.90026635169157        2.84919302948606
H           -2.15525081321022        3.68946353026780        3.22960623191207
H           -1.78677859382674        3.01036746046919        1.87952278368671
O            1.21208395617550       -1.63173274480352       -3.30089778916477
H            0.55129734423336       -2.10753493138657       -2.77949274032207
H            2.05238080736900       -2.09970345555315       -3.21385495323884
O            1.05193667054853       -2.19322326240779       -0.16207233002177
H            1.14877108156097       -2.35978777571037        0.80852340715428
H            1.92485477090372       -2.31147849909279       -0.54811915035526
O            1.32705025788479       -2.36184826673533        2.46146891187308
H            0.38080926494758       -2.47360408104239        2.65484693251034
H            1.50940024517397       -1.44339142481616        2.73662708683804
O            0.56280947541487        0.81800482512468       -2.47673274815179
H            0.90071170853724       -0.01973976794951       -2.84653840709126
H            0.55122676787104        0.71421155000305       -1.50081853746452
O            0.39149205829066        0.35581679714848        0.16855434654912
H            0.56912435215368       -0.61544390919857        0.02913757484873
H            0.99736931820494        0.66773482524847        0.84518905861279
O            1.31300681222522        0.27146607426322        3.11214623129418
H            0.43012203273146        0.18259503474521        3.52653964479228
H            1.45862111600075        1.23781240231957        3.10666362673488
O            1.48174909792651        3.29545012226023       -2.69160998573523
H            1.22242209090153        2.34691330531294       -2.71535616534267
H            0.80973358940518        3.75270929581321       -3.21652284057961
O            1.28284088105651        3.58118606049032       -0.03443678772234
H            1.35137082559042        3.46513189600641       -1.01146904552023
H            2.07604544762168        4.05968591652190        0.21166932812814
O            1.03179256543987        2.94830080086156        2.76665862761849
H            1.07700024691547        3.11509118316857        1.81650930230594
H            0.08404974957872        2.92556597375755        2.98490527186086
O            3.62520194339994       -3.01500934191082       -2.88178390827349
H            4.02454937567707       -3.79028543838551       -3.28464158699372
H            3.80104922883756       -3.06144161782480       -1.93763211775934
O            3.90961636814402       -2.89802457671423       -0.05474142094941
H            3.51587086956027       -3.28732003203739        0.73281325215737
H            4.45576730237993       -2.16814024912324        0.24376964377213
60
 energy: -101.701111399613 gnorm: 0.046920407650 xtb: 6.7.1 (edcfbbe)
O           -1.39823587430972       -2.28435878933000       -2.39276063181163
H           -1.82790641100250       -2.83229149586117       -3.04813646609437
H           -1.66486292242977       -1.35099902433009       -2.56885262534903
O           -2.52939763200214       -2.51214104187811        0.09178997838873
H           -3.01906627995846       -1.67992407036442        0.00512173021145
H           -1.92960465198805       -2.55087273523748       -0.67643862107919
O           -1.47582828446250       -2.32925748334932        2.52322856503734
H           -1.81444461634035       -2.43622763947511        1.60126374603568
H           -1.92601849839285       -2.98942965807712        3.05089164054830
O           -2.05395304575551        0.33422348942155       -2.51524570432903
H           -1.09723997633706        0.55119672166922       -2.59580888880129
H           -2.24253613784451        0.32320656949889       -1.54981782761641
O           -2.37294581409677        0.41397895691678        0.15525337891098
H           -1.61237268296405       -0.05985678074325        0.56925120699339
H           -2.08586162831184        1.34738790234597        0.19045996486960
O           -1.30260456607481        0.16439645199161        3.85007942293625
H           -1.54757951792416       -0.60285608889626        3.31424530966223
H           -1.65158820025930        0.95734432930061        3.43265623344393
O           -2.25923630208149        3.07219981044959       -2.51265255378277
H           -2.32858093775309        2.08072654933998       -2.59473268460505
H           -2.92283987725210        3.41813981647363       -3.14540667454594
O           -1.47557845409666        3.03100347287819        0.11724405940688
H           -1.80224545116586        3.19659797745904       -0.78467320279939
H           -0.51103993725810        3.11549611982068        0.06633088176255
O           -1.77773143408765        2.85659975807625        2.81290625079899
H           -2.16631700477070        3.64387427127267        3.19537345635506
H           -1.78973742609851        2.97293639429538        1.84445910573248
O            1.19071133851656       -1.61136239501162       -3.30406717566790
H            0.52327511904290       -2.07861638940526       -2.77878280012836
H            2.02957073742308       -2.08087681392031       -3.20255189774566
O            1.05248784483649       -2.18537401971887       -0.18506675151819
H            1.14714165088809       -2.37373540465587        0.78246453599788
H            1.92603520634654       -2.29628806682275       -0.57149868266038
O            1.32858000386475       -2.38837558299771        2.43927272384163
H            0.37708619346221       -2.48268466914319        2.62147270749465
H            1.51830056344476       -1.46950672924237        2.70237495456854
O            0.55735565483463        0.83015972631064       -2.43990427575324
H            0.89929707641863       -0.00563286629624       -2.82088512819012
H            0.56664879514821        0.72698450699906       -1.46318956616130
O            0.39610482058709        0.33143054372714        0.20475227835931
H            0.56747902841884       -0.63024992085555        0.07561863765128
H            0.95297084914371        0.61704307795378        0.93272839901705
O            1.31897574173800        0.26242095408133        3.05663959256712
H            0.43971201426256        0.16679199849046        3.47540698990208
H            1.46550692553056        1.22425583615638        3.06199430336961
O            1.45575468545791        3.30417775270109       -2.68089771046651
H            1.22528823605637        2.35090204047655       -2.72713639881520
H            0.81076387919369        3.76117520438252       -3.19398218866060
O            1.29829430559310        3.56707550836690       -0.03243563964905
H            1.36919936805904        3.46878497068184       -1.01195668350471
H            2.06385192423392        4.08757086796060        0.21333169446743
O            1.02822095887751        2.94136462236498        2.75953013697113
H            1.08935972182636        3.09348949110969        1.80766795554961
H            0.07639592791028        2.89950606116861        2.95770943637733
O            3.59355293949271       -3.00331214545467       -2.85516905105416
H            3.99834512243142       -3.76224505737414       -3.27912754502523
H            3.77787582810251       -3.07213492636248       -1.90600596591150
O            3.88964542421403       -2.88738571210538       -0.02195092928577
H            3.49191705220664       -3.26546030545098        0.76733813225206
H            4.42271115744305       -2.14431068173692        0.26619198150182
60
 energy: -101.701851982094 gnorm: 0.068021532336 xtb: 6.7.1 (edcfbbe)
O           -1.39087071824957       -2.29618280316575       -2.40887037575163
H           -1.82373397831111       -2.82031431181703       -3.06774709473805
H           -1.66197447223186       -1.36418474864319       -2.55387990722064
O           -2.52981784331373       -2.48708393273423        0.09284507522177
H           -2.99803331304432       -1.64589987740520        0.01527310281258
H           -1.94603255192202       -2.54275399197450       -0.68894545468844
O           -1.46576737373955       -2.31101724864121        2.51271878403236
H           -1.81256055145007       -2.40992980722313        1.59033445651116
H           -1.91968681035052       -2.97052969000301        3.03696800901526
O           -2.04401544615385        0.32021272307251       -2.48155098559618
H           -1.08765054401492        0.55272141074538       -2.55930653329871
H           -2.23348421742134        0.32044588986189       -1.51426329091559
O           -2.34673076784020        0.41745332490106        0.17527235030148
H           -1.56570324403679       -0.02469522364220        0.55807989872296
H           -2.08374659427758        1.35645819442682        0.19991037212242
O           -1.28322238941009        0.17123197398921        3.86710160996293
H           -1.53876047733896       -0.58843172126112        3.32745753553246
H           -1.62774252973718        0.96670781404237        3.45578289945784
O           -2.34761015121847        3.04364723479369       -2.50322458270773
H           -2.29863323835328        2.05999156222879       -2.62870638562014
H           -2.87464056240406        3.40261506162522       -3.17083943712802
O           -1.47229296168706        3.03202831475027        0.09130135807674
H           -1.79200410254271        3.19051385137120       -0.81153292774501
H           -0.50785721808607        3.11763432273591        0.04398398706966
O           -1.77820349595767        2.82832342038516        2.78676542029307
H           -2.17686264708861        3.61226424774269        3.16551563893106
H           -1.79398948013784        2.93887553186712        1.81938562717818
O            1.17530648292285       -1.59268149566550       -3.30649833470577
H            0.49974447731250       -2.05535446530880       -2.78330764114575
H            2.01213943676881       -2.06548866396081       -3.19191602587681
O            1.05300938916768       -2.18853655207193       -0.20450601139935
H            1.14778676405041       -2.39014277257494        0.75973652544527
H            1.92720489201359       -2.29440754794125       -0.58997651414847
O            1.32738636919346       -2.40787430346643        2.42099770389512
H            0.37359391228144       -2.49129019323920        2.59862863288940
H            1.52345817320386       -1.49002060292333        2.67828294065005
O            0.55588592380559        0.83860088477388       -2.40949911991678
H            0.90787999962377        0.00377533157238       -2.79536156822330
H            0.58603122611429        0.73854706634091       -1.43216307072548
O            0.41002260269044        0.31267754310536        0.22303461602178
H            0.57079162578619       -0.63967995213761        0.10137567343585
H            0.90388192033249        0.56500363702716        1.03781423006131
O            1.31711509630426        0.25725206362808        3.00889795775723
H            0.44363948072973        0.15774089057353        3.43788943107972
H            1.46882115088670        1.21537392183107        3.03066987981536
O            1.44549690059983        3.31177712594683       -2.67883404296892
H            1.22305051505825        2.35700881782165       -2.73143499101605
H            0.77687950221814        3.77536963496103       -3.15262458240843
O            1.31263505140299        3.55186967426462       -0.03278364256143
H            1.38696004913145        3.46054324397719       -1.01342420341027
H            2.05271966111795        4.11517959972102        0.21301299876667
O            1.02845240642641        2.93916958683496        2.75113002518680
H            1.09769227688514        3.07662901410451        1.79768327064365
H            0.07507314973574        2.87933083804291        2.93622246171655
O            3.56740855373322       -2.99577044688635       -2.83661253657075
H            3.97637058437156       -3.74130866071073       -3.27506243138473
H            3.76753608905160       -3.07550900143165       -1.88531969430791
O            3.88129521013978       -2.88205330715136       -0.00400780938522
H            3.47021230301104       -3.24522301526017        0.78607169369492
H            4.39920903423551       -2.12393415578201        0.27797014923415
60
 energy: -101.702859528330 gnorm: 0.063499349520 xtb: 6.7.1 (edcfbbe)
O           -1.39849528371155       -2.29752687199473       -2.40390656118169
H           -1.80058145971195       -2.81994358363838       -3.09871968733719
H           -1.67617440808559       -1.36403414346517       -2.54298755861207
O           -2.53360804601622       -2.47248546630655        0.09523028174457
H           -2.98753991415809       -1.62642680783618        0.01861381999045
H           -1.95637780478524       -2.53977172811651       -0.69032307580093
O           -1.45684325837135       -2.30303045034459        2.50655256649296
H           -1.80836492989745       -2.39791142014680        1.58537259593200
H           -1.91467705523113       -2.96009287913742        3.03036124074612
O           -2.03687067252985        0.32913374334095       -2.47413381880895
H           -1.07553859186559        0.54744826981938       -2.54277982445833
H           -2.22800463392050        0.32055478363933       -1.50642728353737
O           -2.31619592666220        0.41751713293993        0.17891230697375
H           -1.53520184478519       -0.01295513578300        0.55266677071308
H           -2.10334554922411        1.37363700754983        0.22553604672352
O           -1.25607643878910        0.16873605879146        3.86666646051789
H           -1.54115067685524       -0.58632316615171        3.32782373901937
H           -1.62564227304912        0.97157452527211        3.47548857994960
O           -2.30979121654614        3.03234255921841       -2.52612770568660
H           -2.28624517133409        2.05544625537189       -2.63810919276241
H           -2.92521666447503        3.37962348965590       -3.16185908936195
O           -1.46902104383575        3.03799408286528        0.07810093660354
H           -1.79050322043286        3.18839523248268       -0.82594167396529
H           -0.50439365255818        3.12252128433610        0.02922917880858
O           -1.77421730351374        2.81224636620258        2.77340875122337
H           -2.18535635348116        3.58945808595912        3.15317884237741
H           -1.79795562157163        2.92063135212318        1.80641681722776
O            1.16885719129120       -1.57747170397568       -3.30121248159298
H            0.48644971362428       -2.04532460227736       -2.79259306972040
H            2.00154484670187       -2.05598990955963       -3.18386502230383
O            1.05211074765676       -2.20591201846382       -0.21755443599979
H            1.15048585787460       -2.40678182577282        0.74440443856223
H            1.92771170713177       -2.30155061300687       -0.60342640683907
O            1.32616256831540       -2.41889089588852        2.40671915911398
H            0.37327280826948       -2.49794657855792        2.58986714512008
H            1.53004683080128       -1.50331342129267        2.66629905063768
O            0.55991273975780        0.84228571911339       -2.37911650431594
H            0.91085215159087        0.00833882193076       -2.76669989305906
H            0.59039167746856        0.73954343608201       -1.40330054107843
O            0.39920043659750        0.31073280675200        0.26219832252282
H            0.57544916346735       -0.64082065209112        0.07021683533029
H            0.90361236481882        0.53457843384362        1.07167272704484
O            1.30534450687250        0.25736798262142        2.94622117367172
H            0.45048878095525        0.15853727193425        3.42568117045610
H            1.47763933873240        1.22159008282699        3.02936447200696
O            1.49206528139300        3.31234306017416       -2.70651906628230
H            1.22980536581549        2.36371306981849       -2.71781657420807
H            0.67736140683477        3.79199811526413       -3.08277440939086
O            1.31077095192161        3.56773947372248       -0.04612875605716
H            1.40890898675605        3.42733386261691       -1.02028655969848
H            2.04775314949066        4.11708406324996        0.21144007876252
O            1.02894692824113        2.93626313507172        2.73925551912495
H            1.10043182438928        3.07524881417981        1.78646843179992
H            0.07682211855729        2.87950902906453        2.92397704345167
O            3.54670481708553       -2.99736281535068       -2.81762714169596
H            3.96807762346368       -3.73463641703183       -3.26077852279619
H            3.76137373056957       -3.06998131676773       -1.87455023672047
O            3.88132418204438       -2.88413011190981        0.00704707120619
H            3.45191724494182       -3.23128872642048        0.79878540579059
H            4.38465450195327       -2.11288888650331        0.28830323359528
60
 energy: -101.704797687109 gnorm: 0.050725823394 xtb: 6.7.1 (edcfbbe)
O           -1.40664939712217       -2.29712680212453       -2.39364172166527
H           -1.78041823656684       -2.82262979171979       -3.12265189710792
H           -1.68421541446775       -1.36268805959432       -2.53676706176635
O           -2.53890431628450       -2.46621666748294        0.09364890989296
H           -2.97068620220174       -1.60275493083816        0.02313360265919
H           -1.95888089303628       -2.53790989557264       -0.68751897587035
O           -1.45164312906064       -2.29591862125482        2.50257776786286
H           -1.80238515927109       -2.38908640599078        1.58144937947790
H           -1.91291076498584       -2.95168125957554        3.02551062101811
O           -2.03416540885978        0.33357687579543       -2.46789361816710
H           -1.06786029380400        0.53433688527826       -2.53060561501708
H           -2.22482565977725        0.31611228108112       -1.49961948866209
O           -2.31192129897027        0.42516388059566        0.18563440412302
H           -1.51066184189297        0.00314696086297        0.54234078712357
H           -2.11857098292070        1.38718386077555        0.23199128088907
O           -1.23701059458934        0.17000576355282        3.86003402726661
H           -1.53708048612943       -0.58440471641573        3.32483640281183
H           -1.61981712158235        0.97515356130554        3.47699298567247
O           -2.28945397223037        3.02314036904749       -2.53973580713300
H           -2.28915120103834        2.05142751559953       -2.64656926279854
H           -2.95704691178705        3.36565412499535       -3.15549864149050
O           -1.46738864422933        3.04272864497258        0.07041519622950
H           -1.78696642441588        3.18710132859822       -0.83719738112246
H           -0.50182093118537        3.12477795519234        0.02456037228834
O           -1.77351516779662        2.80166163869377        2.76431223152403
H           -2.18734893573249        3.57625700688903        3.14673392632928
H           -1.79275146455970        2.91739716568377        1.79705017233182
O            1.16827749073546       -1.56341917641078       -3.29591139175192
H            0.47989716085873       -2.03805320961134       -2.80278216640481
H            1.99721449021986       -2.04648127567586       -3.17727714866042
O            1.05159338081745       -2.22133416508393       -0.22855548333854
H            1.15180850760730       -2.42181499087815        0.73203603493940
H            1.92821421434933       -2.30911053669440       -0.61510657927960
O            1.32676356986378       -2.42686966738091        2.39844667552472
H            0.37328140510612       -2.50305546339683        2.58076861731144
H            1.53436300353553       -1.51225033854820        2.65841698354049
O            0.55928684742670        0.84118994077759       -2.35110891241643
H            0.91401006437096        0.01179286606262       -2.74172557387884
H            0.58846390961728        0.73427242026991       -1.37618106324689
O            0.37730833645421        0.30219936197552        0.31061967139864
H            0.57290507805264       -0.64706885859702        0.04782736594879
H            0.90882275009904        0.49918006511643        1.07802574294016
O            1.30280112182016        0.25930333955887        2.91799617187638
H            0.45272313784573        0.15911434778931        3.40762104793381
H            1.48406425075013        1.22359096334444        3.01996956514795
O            1.43923203244190        3.32143021277623       -2.67595117389163
H            1.19784826167055        2.36893724324594       -2.70580306638392
H            0.75685821716155        3.77730485434924       -3.14079269907563
O            1.30872565634719        3.56991600075151       -0.03209475953266
H            1.39254335131201        3.44009466109490       -1.00657377193863
H            2.04092231038085        4.13194940575467        0.21404419682982
O            1.03068332505467        2.92698437602953        2.73594667554214
H            1.10846813957545        3.06909144328878        1.78389536871493
H            0.07850754816122        2.88318950923130        2.91791505090987
O            3.53234641304454       -2.99922917193648       -2.80254080360599
H            3.96228134406056       -3.73098703487298       -3.24963980749132
H            3.75688777584632       -3.06601226080034       -1.86600444904285
O            3.87547921557438       -2.87617569653712        0.01557106116688
H            3.44220418574938       -3.22374329947518        0.80419066803410
H            4.38232688857369       -2.11166927382430        0.29715047545099
60
 energy: -101.706204850053 gnorm: 0.054916845729 xtb: 6.7.1 (edcfbbe)
O           -1.39315838190183       -2.30482224287969       -2.41520492681678
H           -1.81136583019116       -2.81351461536392       -3.09470036730723
H           -1.68082746266309       -1.37041685086490       -2.53509694285972
O           -2.53857707138379       -2.45085543360946        0.09131961050206
H           -2.94825755357712       -1.57146288612671        0.03367087816953
H           -1.96236342799317       -2.52678282657645       -0.69225472170754
O           -1.44525942583410       -2.28942775872575        2.49940870226421
H           -1.79744572063229       -2.37584137696428        1.57707125167874
H           -1.91038872868092       -2.94522470689651        3.01899230463361
O           -2.02510931183156        0.31852643583678       -2.44737276660243
H           -1.06089345309883        0.53221852380482       -2.50657447896061
H           -2.22271835789192        0.32091511787364       -1.47945315925656
O           -2.32082384609964        0.43542690548155        0.20723419120161
H           -1.45555228764244        0.03541983446454        0.51746233299176
H           -2.11031807639095        1.38826064419193        0.21262034557796
O           -1.23331416962911        0.17479004615304        3.86387485964035
H           -1.51309737121139       -0.57995662024214        3.33035991915073
H           -1.59376114876283        0.97253917294340        3.46518514529837
O           -2.27852646976345        3.02388098857912       -2.56102532408807
H           -2.30797483810934        2.03572787953158       -2.63121292000487
H           -2.95385429930014        3.34595727657011       -3.17266984844832
O           -1.46883489596829        3.04656996984357        0.05675133804161
H           -1.78285963433554        3.18253383456719       -0.85464361576959
H           -0.50269939064264        3.12803488933257        0.01576859262591
O           -1.78083800659720        2.78246216941201        2.75041633889804
H           -2.19589788539756        3.55616564501557        3.13306699546981
H           -1.78566991794642        2.90741049863974        1.78307284170926
O            1.16016513562034       -1.55147427003391       -3.29383213169619
H            0.46529438745621       -2.02635831756680       -2.80797373400238
H            1.98588654671916       -2.03935114926358       -3.17004144280517
O            1.04564325577569       -2.22568970038238       -0.24427641221047
H            1.14359750246082       -2.43406063544379        0.71536158845247
H            1.92164681622401       -2.31592973114078       -0.63006846732102
O            1.33052704870886       -2.43369263878602        2.38971398594669
H            0.37417971082973       -2.50589865502632        2.56232041870662
H            1.53588839180556       -1.51784555121084        2.64371077271922
O            0.56500038203330        0.84877526562813       -2.33908237965285
H            0.92008575743790        0.01726659337859       -2.72930674771815
H            0.60499176607730        0.74683926720480       -1.36475665814764
O            0.40354935946364        0.27562290119086        0.29810182641465
H            0.56554388335202       -0.66733392236605        0.09133952350286
H            0.86078598321967        0.44285128053915        1.16527198913416
O            1.32211639542502        0.26397181941594        2.94191046268312
H            0.45055861821930        0.15405978076449        3.36261955017523
H            1.47998241236041        1.21345941693932        2.97033400444276
O            1.42434139494891        3.32876562556938       -2.67324681185517
H            1.20365666152516        2.37157063866445       -2.70457702283644
H            0.72486032091568        3.78141370168934       -3.11965473142925
O            1.32058032573447        3.54393711265518       -0.02877205641680
H            1.40323028219306        3.44681312548672       -1.00763027940967
H            2.02463603252004        4.17077820356429        0.21427992391444
O            1.03058721156383        2.92549216147434        2.73317150355243
H            1.11627363163541        3.05782564934133        1.77942716986370
H            0.07592658795064        2.87454000700325        2.90447516234351
O            3.51638729356882       -2.99418815450787       -2.78988426475945
H            3.94766066940306       -3.71893113146956       -3.24443474746381
H            3.74800149388184       -3.06610875047135       -1.85159518615675
O            3.86749586164308       -2.86437061634548        0.02774435597268
H            3.43151436059289       -3.21308734264219        0.81092295364431
H            4.37285401219647       -2.10152123780186        0.30827642635144
60
 energy: -101.706677132253 gnorm: 0.062541369892 xtb: 6.7.1 (edcfbbe)
O           -1.39520926863208       -2.31376043967154       -2.41720452341092
H           -1.81611142020545       -2.80732801475688       -3.10215313868452
H           -1.67920679321933       -1.37990275866853       -2.52672799251632
O           -2.53521647886711       -2.42781685044088        0.10154447477814
H           -2.93872886932277       -1.55635152864641        0.03728276250681
H           -1.97093664330968       -2.51999557791078       -0.69120555150800
O           -1.43439352743522       -2.28776981745426        2.50112441558448
H           -1.79041190783955       -2.36603052372552        1.57866043350417
H           -1.90711848482029       -2.93973521607216        3.01834801753366
O           -2.01361980019810        0.30636563248677       -2.44687797465165
H           -1.05074347798219        0.53345958413673       -2.49776198596603
H           -2.21707979121517        0.32677640997527       -1.48000761335408
O           -2.28667629882800        0.44452255675668        0.19517296455987
H           -1.47258043915736        0.06966733910668        0.52312869588125
H           -2.09899680966373        1.39844132165521        0.21597500290736
O           -1.21903600273927        0.17393637883838        3.85680322127611
H           -1.50045173732777       -0.58144761744300        3.32718554785644
H           -1.57583790051977        0.96911872105866        3.45414791359462
O           -2.29061058053252        3.01683138062357       -2.56591734125693
H           -2.30561068083063        2.02780885994636       -2.63576115738554
H           -2.93935651053836        3.34014982649700       -3.17735784892958
O           -1.46890317552967        3.05496236126798        0.04893130373957
H           -1.78184074707323        3.18405058324742       -0.86281311369833
H           -0.50331244763155        3.14219339534937        0.01010038824948
O           -1.77780936700842        2.77313663231836        2.74050916857850
H           -2.20665812003813        3.54079089404107        3.12075294494931
H           -1.78532730515021        2.89456378266979        1.77382862226718
O            1.15461777625695       -1.53861500250617       -3.28959434117001
H            0.45225397409494       -2.01634032955387       -2.81507703398238
H            1.97700373490552       -2.03200912962169       -3.16079166383330
O            1.03945169624420       -2.24253914077989       -0.26184370528455
H            1.13864614479789       -2.45388505338409        0.69580168991286
H            1.91548348066515       -2.33094491169373       -0.64702635064695
O            1.33294785881653       -2.44310515800139        2.37605385575386
H            0.37675675378701       -2.51130837345398        2.55091948966102
H            1.54203583268065       -1.52789085927104        2.62652616277227
O            0.56835024429446        0.85046061242082       -2.30958655463199
H            0.92745178506295        0.01885110862882       -2.70257192001242
H            0.60735023228184        0.74461464435314       -1.33628368043557
O            0.40632804483508        0.24892538071505        0.32038456905095
H            0.56309596480871       -0.68599534150291        0.11605399767591
H            0.85983613140924        0.39568294958166        1.18669630823704
O            1.31161824902218        0.26851400153030        2.89155089802550
H            0.45224450648178        0.15567212403268        3.34809083919409
H            1.48469646162101        1.22265912810752        2.97037946190125
O            1.42349505798212        3.33148149014431       -2.67425387247719
H            1.19409394955682        2.37543235702128       -2.69169511555777
H            0.69290804432067        3.78391681070434       -3.09435846758072
O            1.30351246979242        3.60698273568134       -0.03250917416561
H            1.39685726620980        3.45488929247695       -1.00403950157624
H            2.03644439318577        4.11364190815671        0.21902551177686
O            1.03534127518368        2.93427928556164        2.72448410061726
H            1.12117418442392        3.05271152616892        1.76835752856514
H            0.08027127883403        2.86783336636004        2.89108176709449
O            3.50385640188274       -2.99040889390416       -2.77679313011064
H            3.93435461299880       -3.70977615223583       -3.23628500224659
H            3.74265004709202       -3.06505365729337       -1.83807143731066
O            3.87454843163976       -2.86636069214839        0.03616099334653
H            3.41579123304871       -3.19800662381409        0.81754522662041
H            4.35937959738346       -2.08427145762453        0.31787603438251
60
 energy: -101.706502734029 gnorm: 0.067606090217 xtb: 6.7.1 (edcfbbe)
O           -1.41209513415088       -2.31340657368627       -2.40010989743149
H           -1.78202810130664       -2.80613103599785       -3.15206503135536
H           -1.68217150174858       -1.37709230919847       -2.51768134441689
O           -2.53871011441852       -2.41105521151654        0.10675619095135
H           -2.91996652363564       -1.52935846003532        0.04241135638652
H           -1.97713976004079       -2.51970770651676       -0.68574638835950
O           -1.42508534531624       -2.28403845489043        2.49643777583817
H           -1.78688261587108       -2.35703319154402        1.57596136671254
H           -1.90398359068112       -2.93070366958163        3.01452869460718
O           -2.01402960485485        0.30574315754862       -2.43519203043291
H           -1.05142362730733        0.53486362117940       -2.48144132112295
H           -2.21880337223165        0.32218542252926       -1.46869724528810
O           -2.27024494451523        0.44244447154045        0.20478406285160
H           -1.40120152806327        0.09110213476876        0.50395859594225
H           -2.14306906048988        1.42214471809511        0.22558146718283
O           -1.18777792422251        0.17147642471885        3.84620587070360
H           -1.50451698736262       -0.58247150486799        3.32101360818144
H           -1.57047803144055        0.97393526184077        3.46293970351047
O           -2.30687602543094        2.99843369074238       -2.56970963211975
H           -2.27689117913235        2.02313843148047       -2.66428212360695
H           -2.95308932677525        3.32973516318467       -3.16869000981257
O           -1.46880272944692        3.06498703957867        0.03479690767838
H           -1.77484984212400        3.19147852451931       -0.87954606785414
H           -0.50166637214964        3.14275314655067        0.00082429053079
O           -1.77071020829849        2.76585046519085        2.72657032976731
H           -2.21156623107524        3.52545606157277        3.11034311619451
H           -1.78358728912944        2.88935260889112        1.76094802433458
O            1.14989450970064       -1.52415143873954       -3.28398999215106
H            0.44494352833454       -2.00632169767482       -2.81852383628583
H            1.97049107542453       -2.01907784069315       -3.15339009781032
O            1.03733684839125       -2.26460276396057       -0.27903406777707
H            1.13985558866377       -2.47540778037513        0.67674939994540
H            1.91422289504999       -2.34221353470790       -0.66598990443784
O            1.33513268316279       -2.45487129124351        2.36028711871986
H            0.37951885014554       -2.51753626208139        2.54151550390684
H            1.55325209734250       -1.54276461873175        2.61340229779902
O            0.56628110728172        0.85136377211133       -2.27373833589402
H            0.92244055494349        0.02336046458035       -2.67683912285602
H            0.60471802124790        0.73623165255014       -1.30211745974163
O            0.37117692759862        0.22597615601897        0.36977819508373
H            0.56755013887642       -0.70391394898006        0.09202455227089
H            0.85151764749296        0.36478481842662        1.18732078110690
O            1.29947246883470        0.26591025848781        2.82476105041615
H            0.46324430393583        0.15368876426050        3.35467156018717
H            1.49999140763924        1.23333787585287        2.99506817196433
O            1.43626911812302        3.33113098780977       -2.68963159130036
H            1.18274034679139        2.37937233145655       -2.67981283660817
H            0.64937970984339        3.78489967729238       -3.07010675947618
O            1.31926252997247        3.54831759294810       -0.03114751475266
H            1.41022477010184        3.45991880329802       -1.01181255082449
H            2.00505083538943        4.20247475216096        0.22062312843467
O            1.03975765959615        2.93000507276778        2.72244378227975
H            1.12776163057699        3.04063319009859        1.76560696114523
H            0.08488622629685        2.86542719704176        2.88683976225342
O            3.48847599243133       -2.98953816225834       -2.75840156983817
H            3.92550151879530       -3.70154468982789       -3.22621282072656
H            3.73289708931559       -3.06686634515654       -1.82399381696245
O            3.87314663955014       -2.86372794984553        0.04929209109868
H            3.40383877325347       -3.18700024666736        0.82995125851076
H            4.35047600710013       -2.07470176227472        0.32942151271855
60
 energy: -101.709300296411 gnorm: 0.044973786476 xtb: 6.7.1 (edcfbbe)
O           -1.41388303342934       -2.31170446106609       -2.40152785048872
H           -1.79016453076748       -2.80657653911423       -3.14493815507748
H           -1.68947293956485       -1.37225956456297       -2.51551353885612
O           -2.54633145776974       -2.41156740869928        0.10424506396344
H           -2.90078594817564       -1.50294309732619        0.05589800892664
H           -1.97691715215071       -2.51481505120217       -0.67982865157957
O           -1.42130978610714       -2.28670003927655        2.49538800006754
H           -1.78475582406080       -2.35662768516843        1.57539090869694
H           -1.90157178512359       -2.93223625650974        3.01405237670818
O           -2.01368961386575        0.31530805363121       -2.43225325441091
H           -1.04603351399262        0.52147364939268       -2.48093959425498
H           -2.20951976533866        0.31051107531414       -1.46335373696307
O           -2.27483088185019        0.45220577487134        0.21145072281653
H           -1.38183787176620        0.10134263081515        0.49031666420365
H           -2.13625655641024        1.42386785850888        0.22219032586674
O           -1.17754691563021        0.16781618191461        3.83766720604173
H           -1.49863775051270       -0.58695603764461        3.31453812167035
H           -1.56875182261981        0.97130799851982        3.45867168542245
O           -2.27062567340876        2.99866198921596       -2.58717884867322
H           -2.26176250050268        2.02470824061097       -2.67356328426316
H           -2.99380064171452        3.32052107381437       -3.15663789116868
O           -1.46939319025010        3.07139181446179        0.03067010098449
H           -1.77373738146052        3.19184235274767       -0.88701472274265
H           -0.50254638431822        3.15476964912049        0.00154465351919
O           -1.77289806687622        2.75902460122477        2.72173539638719
H           -2.21695918243048        3.51565074933397        3.10747371639771
H           -1.78159193814992        2.88832671774860        1.75600280457782
O            1.14412867337513       -1.52061408398367       -3.28230492279936
H            0.43892715337950       -2.00131338432644       -2.81787952397757
H            1.96278599219147       -2.01737319918005       -3.15181512781235
O            1.03486202858294       -2.27798024010227       -0.28541284238906
H            1.14154807607744       -2.48639805440077        0.67001674492002
H            1.90984233350746       -2.35419683256952       -0.67719302880705
O            1.33810211377314       -2.45029954482478        2.35670660128830
H            0.38277531231255       -2.51753357855915        2.53682887041202
H            1.55448976212877       -1.53981556666627        2.61759678763202
O            0.57259156222993        0.85467496504342       -2.27087133355543
H            0.92331228376597        0.02584184063740       -2.67219737839940
H            0.61223638856063        0.74080543351662       -1.30017206456921
O            0.37184027236475        0.21881984302364        0.35856805073481
H            0.56627746955091       -0.71283404034675        0.06093250700469
H            0.81795999390220        0.33793849687831        1.23144972812371
O            1.33178027892822        0.26902547457598        2.90293365772082
H            0.46521275432185        0.15240761302370        3.34195653687523
H            1.49435346498803        1.21967834687354        2.94956171924242
O            1.41512404939668        3.33750736614793       -2.67760223291676
H            1.18305861204654        2.38108369236062       -2.67357113162061
H            0.65969519219590        3.77918354340388       -3.08164405154623
O            1.30590428411687        3.58765422806990       -0.03028107354941
H            1.40207471067234        3.46468352544199       -1.00561210975545
H            2.01369218876845        4.17213386902802        0.22625665641667
O            1.03757444185587        2.91975256471913        2.71762018610312
H            1.12789642455741        3.04682044720624        1.76434583638727
H            0.08373381854558        2.87007176089950        2.88468839705879
O            3.47854490294679       -2.98850164339214       -2.75168528636071
H            3.92279719316775       -3.69637058175664       -3.22344546003312
H            3.72766660999227       -3.06364713500048       -1.82110275908021
O            3.86244904518766       -2.84990102029285        0.05309610716325
H            3.40302390863967       -3.18463753640331        0.82963783499434
H            4.35241334220006       -2.07633557967991        0.33202299729425
60
 energy: -101.709586544437 gnorm: 0.050595265324 xtb: 6.7.1 (edcfbbe)
O           -1.39175012016043       -2.32012335310911       -2.43124521345843
H           -1.83568072702552       -2.80427856338690       -3.09284707104003
H           -1.69030204085845       -1.38282924564759       -2.52061115650157
O           -2.52648921777711       -2.38325874307606        0.11184180850378
H           -2.89801438121267       -1.50235253545484        0.05213496350920
H           -1.97242010911586       -2.49430810132459       -0.68385421184462
O           -1.41247799641347       -2.28830315546939        2.50289366991085
H           -1.77523629233016       -2.34787144576447        1.58111174840872
H           -1.89949494054819       -2.93306047310529        3.01654431778848
O           -2.00212367935440        0.30287965266203       -2.43309604156853
H           -1.03765126876842        0.52435057562663       -2.47362667754307
H           -2.20977289575989        0.32511842480037       -1.46610841399150
O           -2.27448339019762        0.47406320194584        0.20410423873614
H           -1.40433344481373        0.12836203019570        0.47634140372558
H           -2.11210536466052        1.42411935676014        0.21477419759601
O           -1.18758973112827        0.16885088521788        3.83535135715637
H           -1.46576375331431       -0.58963003402750        3.31206079066031
H           -1.54268726146089        0.96230477248995        3.42808603622705
O           -2.26831758014303        3.00465411663868       -2.59627461546858
H           -2.29153241148130        2.01443060284618       -2.64697406140256
H           -2.96500444039940        3.31121278573664       -3.18035309286974
O           -1.47000463972375        3.08312910118681        0.02538830871461
H           -1.77486384732194        3.19601153577170       -0.89289542099613
H           -0.50373064448138        3.16861181795180       -0.00465334111070
O           -1.77301660371762        2.75260562664171        2.71491724725391
H           -2.22359546521844        3.50546899804917        3.09993843026596
H           -1.77449651932435        2.88667094797362        1.74917307576297
O            1.13800870695102       -1.51333381616606       -3.27911674171285
H            0.43022513195397       -1.99633843163143       -2.81965195842844
H            1.95615915667786       -2.01081244986499       -3.14567391626107
O            1.02656094042562       -2.29148300845914       -0.30022037759820
H            1.13489093103088       -2.50888704255471        0.65344990400081
H            1.89967145977355       -2.36902139484996       -0.69506796913384
O            1.34533778255055       -2.45978886530490        2.34488109221680
H            0.38920229914520       -2.52378202496117        2.52448359752686
H            1.56232418027414       -1.54885312932096        2.60064834193095
O            0.57705652406906        0.85682008126150       -2.25698581514625
H            0.93071394491099        0.02732062432855       -2.65807573955664
H            0.61450127143026        0.74036615179653       -1.28670982210152
O            0.39021391125655        0.18677753570364        0.35329860481947
H            0.55708268939799       -0.73773013039939        0.11652934003163
H            0.81792775146682        0.29562283254474        1.23474432673095
O            1.32421591057443        0.26819059252548        2.88391467002096
H            0.46269502082264        0.15214514980591        3.34109570691855
H            1.49757847551749        1.22191450294075        2.96048484552331
O            1.38133452788782        3.34462373797469       -2.66414526105447
H            1.17842203478269        2.38179235665018       -2.66700177882477
H            0.65238842880542        3.77442600880045       -3.08157795820822
O            1.30748955918708        3.58457267989567       -0.02493715704512
H            1.40111794278333        3.46754322641639       -1.00045503348066
H            1.99813630488087        4.20785974821398        0.22557591992034
O            1.04298892376218        2.92242252351695        2.71668348235958
H            1.13592734880914        3.03700998392417        1.76096078476430
H            0.08779640956815        2.86734859644190        2.87844758199518
O            3.46605773080278       -2.98655496500706       -2.74106592794031
H            3.90953523173045       -3.69007272249838       -3.21542106518795
H            3.72880240471672       -3.05826793387819       -1.81037114052639
O            3.86998062606118       -2.85175754436585        0.06040757157131
H            3.38993475864109       -3.16896118526254        0.83565681321394
H            4.34172297604518       -2.06126521030591        0.33900792221009
60
 energy: -101.711541969557 gnorm: 0.030471791251 xtb: 6.7.1 (edcfbbe)
O           -1.41086132715159       -2.31980862686218       -2.41404245765427
H           -1.81405380316610       -2.80030733166660       -3.13246153404332
H           -1.68730614646615       -1.38128580814661       -2.51517888727157
O           -2.53962745009149       -2.37239441046526        0.11574808681891
H           -2.86250169978778       -1.45211123712852        0.07209842173790
H           -1.98119334127342       -2.49785779422061       -0.67474270557195
O           -1.40323160797304       -2.28854761553909        2.49766656278994
H           -1.77287891727809       -2.34294986887120        1.57776908065271
H           -1.89452303430593       -2.92854049627172        3.01290157991573
O           -1.99750563634761        0.29862242798639       -2.42505885316084
H           -1.03318699662091        0.52144935683150       -2.46228713907089
H           -2.20799716448902        0.32583543173840       -1.45852325853118
O           -2.24917475126253        0.46783762051028        0.20816903175051
H           -1.34526938021648        0.15527011501399        0.46472276734272
H           -2.15117532934745        1.44592027000310        0.22073776108647
O           -1.16927976006821        0.16601752974675        3.82923738657623
H           -1.46159880803915       -0.59217653111765        3.30795658397735
H           -1.53185399591659        0.96179849312850        3.42809318314650
O           -2.27874570476245        2.99374086861181       -2.60458359879372
H           -2.28185787101109        2.00667423796435       -2.65889827774635
H           -2.95941700082833        3.29994108551609       -3.18601300299927
O           -1.47200935065084        3.09671051589657        0.01194762463618
H           -1.77177071916270        3.20275368016344       -0.90889815186886
H           -0.50539358490387        3.18378564368545       -0.01242842172937
O           -1.76927864950529        2.74381108070559        2.70073987070724
H           -2.22990211667086        3.48882441779119        3.09039093080425
H           -1.77224925388549        2.88378873200160        1.73620816596146
O            1.13185955303923       -1.50006493631972       -3.27384348088852
H            0.41841066672046       -1.98616703243304       -2.82461741182255
H            1.94694130052575       -2.00215033448703       -3.13873670516132
O            1.02279492671138       -2.31017662974513       -0.31704466443186
H            1.13548333613626       -2.52971296561068        0.63491260759978
H            1.89381411129239       -2.38558000170422       -0.71619707735813
O            1.35052820871790       -2.46993041857571        2.32957086706251
H            0.39452834818048       -2.53078135702591        2.51233855616039
H            1.57266212274601       -1.56224828173412        2.59097229446070
O            0.57977216179594        0.86099589061524       -2.23256353670094
H            0.92992275531330        0.03317681676875       -2.64150675113939
H            0.62001732653808        0.73862026907331       -1.26345762923580
O            0.37724087807447        0.16223837373996        0.37253072643103
H            0.55979021888743       -0.75803951219850        0.10465782501974
H            0.78737787971560        0.25978674171669        1.27346360922764
O            1.32533979383889        0.26111165184703        2.85872455742791
H            0.47231275618787        0.14705990516555        3.34300141745086
H            1.50618187262352        1.21821830329759        2.95774445704100
O            1.37997461838829        3.34904816896475       -2.67002803348049
H            1.17272693555506        2.38686788160805       -2.65601216727910
H            0.61327784972084        3.77349520298722       -3.05994434971479
O            1.30488767836243        3.59981690614844       -0.02574532802907
H            1.39878821971522        3.48410011048426       -1.00200126126952
H            1.99575971384331        4.20253329464585        0.22596510315318
O            1.04691428589934        2.91896956300610        2.71250974125003
H            1.14274524971387        3.03179706904089        1.75680103529481
H            0.09101673696028        2.86119150452733        2.87081649388254
O            3.45187641496512       -2.98267675616479       -2.72482203448980
H            3.89621457218772       -3.68075324149502       -3.20582994967962
H            3.71949457561640       -3.05849435053935       -1.79601507733735
O            3.86204014849589       -2.84102246980871        0.07351062147591
H            3.38098339848152       -3.15831927015114        0.84628099950943
H            4.33522731621391       -2.05303662261032        0.34920891608151
60
 energy: -101.709743816143 gnorm: 0.066356392560 xtb: 6.7.1 (edcfbbe)
O           -1.43706193877463       -2.31802272334816       -2.38944217242610
H           -1.81000416957462       -2.80242556694638       -3.15741936676847
H           -1.69024083257375       -1.37725774847091       -2.51167159021193
O           -2.52715984693698       -2.34879959467879        0.13410883017030
H           -2.86037225242003       -1.45368103481141        0.07481498678788
H           -1.97311797218532       -2.47768366056361       -0.65571423636376
O           -1.39003133032183       -2.30165644429513        2.50934116185373
H           -1.76161664768604       -2.34526145038197        1.59055877987819
H           -1.89018972899548       -2.93646641769863        3.02283499058976
O           -1.99680911464874        0.30666769162548       -2.43634839858842
H           -1.03002144297291        0.51811762195376       -2.47199842082958
H           -2.20123426620019        0.31971513032279       -1.46897939789623
O           -2.24869256617732        0.48837213518491        0.19207430077991
H           -1.35955993900645        0.17608320849565        0.44420651150090
H           -2.14564999262135        1.45623432016800        0.21058179169358
O           -1.14645705468850        0.15716972911874        3.79856789648992
H           -1.46585865148795       -0.60860451944342        3.28719162385274
H           -1.53645908433653        0.95481363493132        3.40534779261212
O           -2.26027375480350        2.98919421738030       -2.61070166094898
H           -2.23385243988883        2.01928454987699       -2.69434561361797
H           -3.00137667585227        3.30580073722931       -3.15210356945946
O           -1.47256795780925        3.11382237451190        0.01107917614117
H           -1.76993966288634        3.21685218842939       -0.91048044116914
H           -0.50644643137817        3.20826739574034       -0.00842288266816
O           -1.76172202831824        2.74897980620046        2.69707497916644
H           -2.23501692775344        3.48380061683690        3.09120412112267
H           -1.76556900218343        2.89593930476656        1.73380646126499
O            1.12790896046434       -1.49418777353803       -3.26930922459755
H            0.41321793601114       -1.98206894400603       -2.82641453103622
H            1.94066959092533       -1.99896986180272       -3.13488926294606
O            1.01511326267478       -2.34476986497106       -0.33025444477956
H            1.13860453957417       -2.55468257688555        0.62011623537925
H            1.88167399636175       -2.41980256996881       -0.73859949101327
O            1.35993073120368       -2.46908936964758        2.32136857282629
H            0.40615091901267       -2.53628308179332        2.50943854364087
H            1.58299352335442       -1.56605762491817        2.59782264161549
O            0.58423553066275        0.85853798485351       -2.21003218761301
H            0.93102382151618        0.03322119714407       -2.62520222526988
H            0.61598614766370        0.72505474067323       -1.24203276179930
O            0.34889687783832        0.13826393596705        0.39989968968514
H            0.56843212245344       -0.77889404508817        0.06310887161787
H            0.79482384257509        0.23674571982833        1.24104595849194
O            1.34618319586113        0.25228201275451        2.91270111029282
H            0.47982012555363        0.14507272058824        3.36265455406975
H            1.50785696295113        1.20288546315681        2.93217850119321
O            1.38196760695337        3.34975206703955       -2.67815428584337
H            1.15694207384754        2.39070759394351       -2.63379575362482
H            0.56936132711022        3.76575127085638       -3.04974671923260
O            1.30294799066133        3.58941873543199       -0.02092727926878
H            1.38966263484221        3.49839142585976       -1.00140761373608
H            1.97315019967693        4.25569961640685        0.22433403044833
O            1.05241936583558        2.90775427019307        2.71310547129114
H            1.14724121276406        3.03333644390504        1.76027300826560
H            0.09743020498919        2.86126765855487        2.87459489508823
O            3.44175559682669       -2.98352893279750       -2.71193848871303
H            3.89016989368128       -3.67739892798234       -3.19659762209473
H            3.71887618783082       -3.05307219940747       -1.78887339561860
O            3.86527347096972       -2.83536041156609        0.07699713465520
H            3.37413571130232       -3.14712666043417        0.84643399975025
H            4.33550867851259       -2.04543025444572        0.35285153589425
60
 energy: -101.712890408017 gnorm: 0.023817120875 xtb: 6.7.1 (edcfbbe)
O           -1.41912903941625       -2.31886654330891       -2.41328859382220
H           -1.82834979917038       -2.80221564098469       -3.12811304833199
H           -1.69815707236023       -1.37815181631599       -2.51402418771854
O           -2.52518405700407       -2.34020037188165        0.13043830897993
H           -2.83959510332217       -1.42835272223818        0.08244351470921
H           -1.97362399359180       -2.47504828436181       -0.66145473644490
O           -1.38535359231879       -2.30086118427524        2.50609950276903
H           -1.76016076947965       -2.34090304947600        1.58759356727426
H           -1.88672844911044       -2.93456166098220        3.01964008355341
O           -1.99420819005558        0.30710046985594       -2.42848343271605
H           -1.02740271470150        0.51763949157821       -2.46227314640563
H           -2.20180442010612        0.32095561694238       -1.46094416308493
O           -2.25369969788371        0.49283964779361        0.20178841204033
H           -1.33079442434936        0.18899719069592        0.42800647501452
H           -2.15607120159258        1.46051356155055        0.21183450565944
O           -1.15090694225037        0.15667840612589        3.80536487312312
H           -1.45492826508374       -0.60716371468280        3.28912581863456
H           -1.52879241384041        0.95347827047697        3.40679947257766
O           -2.25619529575433        2.99032732642542       -2.62074574158214
H           -2.24004268334381        2.01259593998317       -2.68777122455693
H           -2.99944099961339        3.29488871457460       -3.16359035851201
O           -1.47395911609071        3.12076376604668        0.00286763060830
H           -1.76784620046569        3.21822661979897       -0.92124505307296
H           -0.50779651992586        3.21756906229835       -0.01285936895045
O           -1.76093966002587        2.74259006510006        2.68863244567048
H           -2.23553511255204        3.47482929682315        3.08562531978177
H           -1.76322802020312        2.89482864530577        1.72589714233973
O            1.12175473071266       -1.49052088474753       -3.26920649856381
H            0.40786165413290       -1.97773614767659       -2.82468543565334
H            1.93533954989068       -1.99331338037244       -3.13249839826542
O            1.01117792968084       -2.34729655366772       -0.33832628622589
H            1.13598463478792       -2.56652308856800        0.61078403669180
H            1.87580451790208       -2.42423992154649       -0.75063142433792
O            1.36522205275331       -2.48046140951056        2.31097496868759
H            0.41078592566749       -2.54310210182219        2.50062252401044
H            1.59091463327493       -1.57742882733928        2.58455827009356
O            0.58612629535167        0.86118396268471       -2.20494179739663
H            0.93212349396052        0.03600729934051       -2.62064609199034
H            0.62363181824267        0.72976411435758       -1.23729943676034
O            0.36729059346382        0.12692641975917        0.39143824767894
H            0.56138958863877       -0.78977710879041        0.08106172523840
H            0.77863342695758        0.20800310695542        1.28332422784414
O            1.33689418728311        0.24553565283053        2.87311927288753
H            0.48363262380891        0.13934867571990        3.36225606689036
H            1.51700932124611        1.20439000250448        2.95460976744634
O            1.35574530770580        3.35491145885227       -2.66669343649145
H            1.15222931239397        2.39250157476492       -2.63738883975809
H            0.57466381029703        3.76755354902638       -3.05097964313678
O            1.29737197263695        3.61285576550950       -0.02101149382314
H            1.38805844087889        3.49820170245442       -0.99794917408364
H            1.97501524173582        4.24268412495219        0.22607465996154
O            1.05572143260109        2.90419935950248        2.70934476746082
H            1.15268385720026        3.03004189697758        1.75655917947305
H            0.10042036960288        2.85885975372275        2.86949454282406
O            3.42981427317571       -2.98267538523685       -2.70189857874892
H            3.88392923879427       -3.67040311140379       -3.19290544690088
H            3.71663429368250       -3.05283292199697       -1.77992040709538
O            3.86661932918149       -2.83624200526836        0.08589747003493
H            3.36626317438573       -3.13641450075428        0.85666231125284
H            4.32618925156279       -2.03582291404369        0.35875145319383
60
 energy: -101.711818269599 gnorm: 0.055067487658 xtb: 6.7.1 (edcfbbe)
O           -1.42183207244373       -2.32093513338555       -2.40931758637037
H           -1.82138697584886       -2.80496196448803       -3.13246910079438
H           -1.70033594445633       -1.38144393701949       -2.51238830046872
O           -2.53598776141607       -2.33320990168701        0.13651517670683
H           -2.79774694733837       -1.37785257723820        0.10690964284579
H           -1.97983012986193       -2.48134778248637       -0.65066737470202
O           -1.37602090676445       -2.30990292238696        2.50798280658582
H           -1.75338540772038       -2.34326522862969        1.58976051829225
H           -1.88169178472068       -2.93990381738006        3.02174216456898
O           -1.98410173235472        0.30135957777316       -2.43957824215379
H           -1.01929166197651        0.51904399097985       -2.46447937945824
H           -2.20556519397763        0.34096618704545       -1.47500604935429
O           -2.22445712307600        0.49461093302422        0.18952518450116
H           -1.32257889164713        0.21075867738807        0.42623746225265
H           -2.17422309866624        1.47559447032681        0.22317267821582
O           -1.16512012669226        0.15487632798390        3.80101751552182
H           -1.42994646501893       -0.61343728019148        3.28268020974126
H           -1.51371422818176        0.94361405994281        3.37713176570176
O           -2.26374188944724        2.99470086603241       -2.62485883482748
H           -2.28810253262634        2.00325884507667       -2.65741828206054
H           -2.94226913428287        3.29055855037568       -3.19676159260698
O           -1.47721419017263        3.14337713730752       -0.00148616397329
H           -1.77085273599218        3.23003321994163       -0.92732353271692
H           -0.51121992175916        3.23958611146762       -0.01897851606345
O           -1.75515906455188        2.74524503540451        2.68220965045187
H           -2.23491732620616        3.47219795879233        3.08112667932303
H           -1.75703867742230        2.90210934485057        1.72038793366953
O            1.11747025970620       -1.48453317890961       -3.26663271470002
H            0.40035024538951       -1.97364002926556       -2.82795327753227
H            1.93015561148026       -1.98854919647254       -3.12782702325237
O            0.99959243658920       -2.36204692095858       -0.34842079102578
H            1.13397531566809       -2.58735677034754        0.59833996388422
H            1.85891475581325       -2.44176257078778       -0.77197303527239
O            1.37692733444387       -2.49042751123659        2.30134629886379
H            0.42229559735978       -2.55376988606136        2.49062451877347
H            1.60122258235349       -1.58838816303415        2.57857906658961
O            0.59137040009539        0.86230808189112       -2.19488294958861
H            0.93654583132492        0.03765264381275       -2.61258456877247
H            0.62417675885310        0.72503685227989       -1.22833566988543
O            0.37070308611400        0.10473884341601        0.38029211610215
H            0.54451173531777       -0.80911130802971        0.11702064720624
H            0.76861500084343        0.18544528765886        1.27794645505058
O            1.34781453395662        0.23267572824512        2.90034916151258
H            0.48255013121015        0.12941079509177        3.35449636621190
H            1.51806972199195        1.18650794178809        2.93885604189964
O            1.32141996378851        3.36271939791565       -2.65690699531843
H            1.14023998714565        2.39599404774361       -2.63152027144598
H            0.55402531747244        3.76512440877551       -3.04630806601988
O            1.29592353972962        3.61729790599671       -0.01692629868356
H            1.38360675586072        3.50532029254099       -0.99418449471729
H            1.96115632410521        4.27342217393348        0.22524140113177
O            1.06479603447488        2.89559364260939        2.71016372921373
H            1.16365688634120        3.01932942753889        1.75645082800156
H            0.10818352865059        2.84694384866638        2.86651297365770
O            3.42183467126411       -2.97962845597791       -2.68952725745885
H            3.86801045889201       -3.66799014571546       -3.17960524023566
H            3.71458989813278       -3.04609012409000       -1.76824788446009
O            3.84572936561279       -2.80871586534765        0.09468455920252
H            3.36664404641894       -3.13174322015836        0.85751203112929
H            4.33571633820085       -2.04072346229543        0.36366906708657
60
 energy: -101.713918629561 gnorm: 0.022644227226 xtb: 6.7.1 (edcfbbe)
O           -1.42671506920774       -2.31810910367411       -2.41011685879404
H           -1.82337724956407       -2.80471100216776       -3.13570087802920
H           -1.70306604851890       -1.37892095111240       -2.51816923281221
O           -2.51267227408526       -2.30253658134007        0.14838698166800
H           -2.81027729274723       -1.39341887235531        0.09818723471885
H           -1.97314608919306       -2.45702033680289       -0.64922549410200
O           -1.36483141952029       -2.31115078964084        2.51365750318997
H           -1.74583753288537       -2.33457008510045        1.59633943822540
H           -1.87517549422520       -2.93994016589649        3.02439216023849
O           -1.98450663528185        0.30570976404906       -2.43161851285640
H           -1.01847936900752        0.51800638216606       -2.45642956602698
H           -2.20363242974207        0.33669544171242       -1.46645870865910
O           -2.22601511599992        0.50167629228180        0.19729303032029
H           -1.29335537642674        0.22888303594343        0.40870459446686
H           -2.17754939633797        1.47994129279080        0.21804375013463
O           -1.15733631384134        0.15360589477574        3.79901416280554
H           -1.42896724113545       -0.61745262121398        3.28339227833607
H           -1.51207566197094        0.94211343149230        3.37523756155332
O           -2.25258494273269        2.99135327331344       -2.63803587562256
H           -2.26004333823613        2.00414467818072       -2.67427000965435
H           -2.97027581067946        3.28172578553193       -3.18880297280272
O           -1.47881950219239        3.15246998604910       -0.01143160026149
H           -1.76723671495246        3.23557834611026       -0.93917784283993
H           -0.51312507758808        3.25658037533434       -0.02179592520367
O           -1.75203913770048        2.73923094322578        2.67116148027855
H           -2.23612823244057        3.46009625872698        3.07631504356572
H           -1.75257258856974        2.90562170586622        1.71057753589090
O            1.11073255728881       -1.47773217819913       -3.26528230979399
H            0.39176448679215       -1.96685431887513       -2.82958882534585
H            1.92214886804555       -1.98298736341801       -3.12446413897289
O            0.99467358916387       -2.37663931747329       -0.36055201315170
H            1.13481834654810       -2.60368399383758        0.58439997469473
H            1.85051570314519       -2.45742619507022       -0.79068103035084
O            1.38562793708867       -2.50117542660428        2.28926290868780
H            0.43178942031833       -2.56435704804635        2.48256947022942
H            1.61171046904508       -1.60068925780161        2.56977376000341
O            0.59292877910071        0.86450741055363       -2.17750020672356
H            0.93518305173653        0.04169475692105       -2.60141695457997
H            0.63040390022132        0.72358556173296       -1.21132544905595
O            0.36658188506205        0.09033697548135        0.40035828009723
H            0.55122800312545       -0.82259583711914        0.09953499398494
H            0.75809213880695        0.15987570127929        1.30526054626702
O            1.34733995198731        0.22151943924334        2.88547683241048
H            0.48725306141205        0.12188347057947        3.35574467064723
H            1.52295917653450        1.17790561324185        2.93569710599111
O            1.31307015101618        3.36745059639111       -2.65857870177541
H            1.13369662052522        2.40026251505634       -2.62207308950835
H            0.52437650997830        3.76244442495833       -3.03587454026214
O            1.29096643645888        3.63277468279221       -0.01669452050612
H            1.37833976530600        3.51739270855749       -0.99399251677174
H            1.95719524813343        4.27359713621868        0.22560007232505
O            1.06908949219276        2.88578379714422        2.70614839276959
H            1.16998290963029        3.01643043382260        1.75381787705801
H            0.11234959259313        2.84240555504541        2.86190292305710
O            3.40755534213052       -2.97852858660127       -2.67570565527390
H            3.86002216572187       -3.65956100982754       -3.17404538021311
H            3.71118286245248       -3.04505727817928       -1.75791075530536
O            3.86385678280953       -2.82458891241886        0.10390864262004
H            3.34850128959435       -3.10888091801215        0.87258092740237
H            4.31696739079495       -2.01802025574603        0.37009455159450
60
 energy: -101.710699860031 gnorm: 0.076731163083 xtb: 6.7.1 (edcfbbe)
O           -1.42934488819639       -2.31741725120380       -2.41159215052817
H           -1.85165410299903       -2.80546911218759       -3.10833292150199
H           -1.70519844523599       -1.37640791465904       -2.52270608694031
O           -2.52492390087068       -2.30380844296007        0.14156851827875
H           -2.74458753406507       -1.32529578695677        0.13036499299111
H           -1.96663442151217       -2.45217301549956       -0.63742117285693
O           -1.35124304133194       -2.32396255511326        2.50478306132598
H           -1.74062682282057       -2.34432952844063        1.59108239904126
H           -1.86495411716193       -2.94459537738286        3.02172750043313
O           -1.98755456063670        0.31648631172882       -2.42576878273135
H           -1.01997012081598        0.51963309018490       -2.45379880384908
H           -2.19796512268237        0.32819634601101       -1.45902468560490
O           -2.25037788679441        0.53444349700682        0.19882466319970
H           -1.32166575079205        0.24760438316836        0.38378849118128
H           -2.14343971400418        1.47621789677125        0.20681912983657
O           -1.14415136753482        0.14438147186227        3.78704913538061
H           -1.43587547957191       -0.63196449757524        3.27524205145423
H           -1.52011462659271        0.93510928186577        3.36950428714878
O           -2.22506608664971        2.98966414096577       -2.65466309377493
H           -2.19070267521979        2.01696731076579       -2.71600574463903
H           -3.03857978610720        3.27953795238058       -3.15421873831378
O           -1.47838851407932        3.16707022511898       -0.01805056039808
H           -1.76192893868601        3.24393502708906       -0.94776643971934
H           -0.51384434252078        3.28427395370154       -0.02124114774726
O           -1.74323485236742        2.73794713849215        2.66113219808013
H           -2.23485652341852        3.44920459193931        3.07493744000043
H           -1.74484716129762        2.91597373817098        1.70258546309141
O            1.10280828522258       -1.47463550114414       -3.26599578114922
H            0.38479098109031       -1.96154407044322       -2.82894474937136
H            1.91378063886089       -1.97897211772704       -3.12272721945001
O            0.98333568597078       -2.39668008525199       -0.37401522312543
H            1.13218893852358       -2.62530883165384        0.56794337806155
H            1.83277108322556       -2.48296101336156       -0.81482192701634
O            1.39917860525174       -2.51595756770434        2.27327760648068
H            0.44678341545210       -2.58024397605530        2.47342664021638
H            1.62719947720904       -1.61746352475196        2.55923671667341
O            0.59603634509163        0.86361390845568       -2.16207107680577
H            0.93417047565321        0.04338850659306       -2.59242221973107
H            0.63775267979366        0.71855674154806       -1.19644600571261
O            0.37054395636579        0.07661399971512        0.42249976457347
H            0.55975721775960       -0.83837096868541        0.07529107535389
H            0.77134755193169        0.13363563752432        1.31447103218173
O            1.33882409210944        0.20248672744680        2.85705267869788
H            0.49543736690638        0.11179207870879        3.38029935866943
H            1.53110076559406        1.16859253194131        2.95186297200372
O            1.30232972007488        3.37186777787208       -2.66231961200475
H            1.11899057778519        2.40613959375193       -2.60898970085033
H            0.48234727372053        3.75771092163941       -3.02535954292191
O            1.28589214306693        3.64146494141584       -0.01491361571087
H            1.36889313969445        3.52958776026711       -0.99351747733751
H            1.94247835023192        4.30264667250065        0.22271429472112
O            1.07777788482635        2.86869948042247        2.70070647326672
H            1.17757791348660        3.01389370626229        1.75115680891938
H            0.12195032067444        2.83765053678682        2.86027513630416
O            3.39038459746395       -2.97894845867049       -2.65447342215740
H            3.85263973563271       -3.65127076635476       -3.16140291223054
H            3.70656735565067       -3.04121630543335       -1.74212502250609
O            3.85073076347940       -2.80814682231741        0.11703642785223
H            3.34347645650310       -3.09919702509659        0.88185578785234
H            4.31494951963790       -2.01197210341086        0.37853547339367
60
 energy: -101.714975969698 gnorm: 0.013685838536 xtb: 6.7.1 (edcfbbe)
O           -1.42977608613822       -2.31663535172404       -2.41200955225130
H           -1.84632894824460       -2.80757980917158       -3.11334322549630
H           -1.70787581250342       -1.37700346532731       -2.52351604436743
O           -2.50454178227711       -2.28246077106020        0.15494821718288
H           -2.76646586093838       -1.35161814138925        0.11759503159278
H           -1.96270185305614       -2.44131279556545       -0.63707489230768
O           -1.34514900803415       -2.32550424453211        2.51400001719849
H           -1.73281347566297       -2.33915311611555        1.59937316521873
H           -1.86231673365109       -2.94693257496282        3.02673593923422
O           -1.98382114844699        0.31363214436141       -2.43231874710787
H           -1.01638419291325        0.51748881272189       -2.45511815845894
H           -2.20090363373649        0.33355999154813       -1.46704526324261
O           -2.22569094649615        0.51880294631381        0.19475926757801
H           -1.28976701225316        0.25578539905455        0.39141847244441
H           -2.18273883325557        1.49233749453795        0.21432909908329
O           -1.15137597577496        0.14507947721008        3.78571055179084
H           -1.42967458429302       -0.63265310150771        3.27382903289177
H           -1.51719291474037        0.93220438347124        3.35912124199005
O           -2.24814411198492        2.99233292772143       -2.64842820313164
H           -2.21411992678228        2.01384136070505       -2.70354609911185
H           -2.99761963964421        3.28182862442192       -3.17660760219720
O           -1.48041538442736        3.17656955785609       -0.01988831365611
H           -1.76355514113380        3.25058379226296       -0.94977562831628
H           -0.51565878368653        3.29142587108155       -0.02428419130646
O           -1.73879549137246        2.74126490737871        2.65834677835730
H           -2.23182812454165        3.45044385474391        3.07356875026524
H           -1.74214716724343        2.92102436901785        1.70034031002216
O            1.10226425668082       -1.47185310317866       -3.26599657339196
H            0.38298500671345       -1.95997529174288       -2.83122088791111
H            1.91316986444551       -1.97636202819900       -3.12203112224603
O            0.97887888177515       -2.40029863266419       -0.37675449314513
H            1.13298316574700       -2.63131892169091        0.56416546033710
H            1.82548966129872       -2.48908520785199       -0.82321678099323
O            1.40531119209301       -2.51896856346735        2.27097545928131
H            0.45330851692439       -2.58596388295002        2.47106345402534
H            1.63072869455268       -1.62055229449915        2.55912052869752
O            0.59694780976535        0.86415010857805       -2.16137590692358
H            0.93604437961308        0.04402541756450       -2.59122028894003
H            0.63673583370173        0.71710639433348       -1.19644068117994
O            0.37021958717271        0.06948791468666        0.40607598630623
H            0.54640819012709       -0.84396162580221        0.09238530298882
H            0.76243898056995        0.12803160326199        1.30520707797732
O            1.35066765954381        0.19702571361753        2.89197973336246
H            0.49463698325332        0.10490728583895        3.37616718552797
H            1.52945793271092        1.15731426212863        2.94260952892589
O            1.28132011500898        3.37518390503191       -2.65473610026926
H            1.10988372838636        2.40775389960503       -2.60973124076234
H            0.48140140528603        3.75855491736553       -3.02651186558144
O            1.28452744195716        3.64748247167657       -0.01298556469227
H            1.36531777997083        3.53401930346230       -0.99129097124774
H            1.94107315473134        4.30490066743834        0.22302282184202
O            1.08249610612026        2.86142325910420        2.70004461168155
H            1.18245926554068        3.00868301904959        1.75062625858408
H            0.12646701024214        2.83261979136678        2.85926722813994
O            3.38805793053784       -2.97799637834095       -2.65099617668298
H            3.84660862522457       -3.65061970636973       -3.15726394021866
H            3.70651163288688       -3.03897020018423       -1.73834244097239
O            3.85215041277683       -2.80645265017870        0.11935253512834
H            3.33949620978211       -3.09196500759565        0.88345380159044
H            4.31441768806774       -2.00900372241349        0.37939322684243
60
 energy: -101.714034429288 gnorm: 0.049096548406 xtb: 6.7.1 (edcfbbe)
O           -1.44247726364043       -2.31408782557874       -2.40187368726596
H           -1.82551765265887       -2.81049334141643       -3.14026305307460
H           -1.71541391201305       -1.37550195324016       -2.52022560329796
O           -2.50267211756305       -2.25994973986367        0.16875281579988
H           -2.73427250495842       -1.31394552262518        0.13839942242893
H           -1.96693008550045       -2.43592325835161       -0.62603162655823
O           -1.32551953693051       -2.33282573542385        2.51799488084475
H           -1.71894180921293       -2.33234478767087        1.60422491055308
H           -1.84885296036194       -2.95139229890553        3.02803577503665
O           -1.97460720345240        0.31396371529097       -2.42984816618934
H           -1.00749622074342        0.51911504487726       -2.44345518923238
H           -2.20449271281349        0.35109945613833       -1.46722076283677
O           -2.20701742353648        0.53344217333908        0.19782710841261
H           -1.26853049478728        0.28239871383164        0.37456894111733
H           -2.17457925522722        1.50091705250280        0.22205250027958
O           -1.16202779388178        0.14274677005962        3.78815163852770
H           -1.40788770418660       -0.63911102943958        3.27457458934455
H           -1.50392641303327        0.92254846696457        3.33860101658577
O           -2.22699177643489        2.99473405562639       -2.67162175309115
H           -2.25044644409479        2.00429730789267       -2.68798020627082
H           -2.97258076668652        3.26989575165753       -3.19629552406677
O           -1.48235353879088        3.19942235851086       -0.03347614491557
H           -1.76098383679078        3.25829438962230       -0.96725686687320
H           -0.51826585985574        3.32101350665677       -0.03388390304627
O           -1.73240549724314        2.73476553811975        2.64188766072595
H           -2.22845577115193        3.43703835405738        3.06355732948701
H           -1.73347192768238        2.92582479158707        1.68584865154960
O            1.09086339089218       -1.46063220724471       -3.26680838674630
H            0.36648401552457       -1.94816902892273       -2.83766450514931
H            1.89953414504832       -1.96759588054352       -3.11721229426142
O            0.96478785711541       -2.41939288449196       -0.39539375701100
H            1.13430465614301       -2.65609558006489        0.54157953945883
H            1.80216633890894       -2.51499806501173       -0.85875378323510
O            1.42441344246116       -2.53969597187113        2.25197932102048
H            0.47310140136428       -2.60869327603706        2.45479585324944
H            1.64774233130273       -1.64234636059819        2.54397048350899
O            0.60243550937021        0.86873494419313       -2.14064425410683
H            0.93915068643820        0.05029520801105       -2.57610728974123
H            0.64708797612402        0.71766016046101       -1.17655229126772
O            0.37565629152196        0.04730061301190        0.41449920575850
H            0.54076521560337       -0.86460173644383        0.09718415089461
H            0.74358332347386        0.08846883483221        1.34253550285591
O            1.35433561405065        0.17367050861052        2.89266512486108
H            0.49523224164107        0.08496360366476        3.36718008520378
H            1.53097332743307        1.13242509422505        2.92769044009222
O            1.24272229094620        3.38848385954775       -2.64769545377467
H            1.09547672747587        2.41621228044474       -2.59989805990605
H            0.43656707949206        3.75690964221018       -3.01269322691801
O            1.28133731982642        3.66188905987792       -0.00957591665781
H            1.35968365538298        3.54600753509807       -0.98795329256128
H            1.92456849536184        4.33933382971214        0.22191126500523
O            1.09377514092446        2.84196903614919        2.69542911744581
H            1.19867988318093        2.99063921145283        1.74567165017801
H            0.13561441505701        2.81051002641747        2.84810526761824
O            3.36473308686438       -2.97482583585742       -2.62820565565345
H            3.82584075541824       -3.63916918367986       -3.14263969043274
H            3.70148788212375       -3.03211363451101       -1.71980409377030
O            3.88564037315911       -2.83385640445260        0.13515355182866
H            3.30076508392347       -3.04376172325872        0.90807460095222
H            4.28067105965349       -1.96879236911880        0.39004715726752
60
 energy: -101.715576408071 gnorm: 0.024046393689 xtb: 6.7.1 (edcfbbe)
O           -1.44274916275304       -2.31215301538563       -2.40404957120770
H           -1.83507634829638       -2.81364013635939       -3.12992733219759
H           -1.71844969110628       -1.37408079500307       -2.52497271441239
O           -2.48805638410122       -2.24486184077823        0.17742302130119
H           -2.72659383196235       -1.31530004082580        0.14266934209097
H           -1.95889083137583       -2.42124249442491       -0.62052225123988
O           -1.31074121786278       -2.34161702326073        2.52385359298182
H           -1.70690672947550       -2.33202090769905        1.61109173106477
H           -1.83945853561959       -2.95670947809138        3.03272443652846
O           -1.97247160978917        0.31903791874468       -2.43369213223726
H           -1.00500905092476        0.52151656453778       -2.44337107424757
H           -2.20711699646844        0.35915518632408       -1.47252738540455
O           -2.20248176945473        0.54101781873576        0.19825241424907
H           -1.25469855835345        0.29521672632021        0.36321826789117
H           -2.18105960316982        1.50731457635692        0.22594403479923
O           -1.17019105406002        0.14031943939841        3.78429537710127
H           -1.39953261364287       -0.64715628518925        3.27204525320852
H           -1.50282316261652        0.91488547402115        3.31945975714519
O           -2.21282026034123        2.99915847641869       -2.68129596509955
H           -2.25664567037768        2.00791824921301       -2.68931114312665
H           -2.97136933286560        3.27228453137658       -3.19436489372870
O           -1.48513412884470        3.21361793654075       -0.03766635938919
H           -1.76128703064272        3.26833295411778       -0.97171000317434
H           -0.52169114905883        3.34189653493168       -0.03555815791759
O           -1.72347637087414        2.73832283520815        2.63578737731780
H           -2.22149260912520        3.43523886990638        3.06279542656408
H           -1.72656246137270        2.93634622271560        1.68142059299727
O            1.08787965634358       -1.45762452828578       -3.26882156564128
H            0.36216699884700       -1.94545582016136       -2.84210831635695
H            1.89606412549342       -1.96450931302844       -3.11690488907286
O            0.95293228798944       -2.43053123078856       -0.40280233745373
H            1.13234706375665       -2.66962518859356        0.53122208526827
H            1.78335189054967       -2.53333430149815       -0.87745899450904
O            1.43906611532002       -2.55062553389862        2.24149906557146
H            0.48966666206726       -2.62502506165150        2.45021109102278
H            1.65960507480365       -1.65450854119569        2.53986684846358
O            0.60508011109203        0.86847070050682       -2.13359794535120
H            0.94018672677168        0.05202535676646       -2.57343105696152
H            0.65112215802288        0.71281341864905       -1.17012746627033
O            0.37625018731337        0.03901284517359        0.41828222912861
H            0.53742418763933       -0.87406701744714        0.09526866314622
H            0.74583309612237        0.07905644942579        1.34003379240169
O            1.35257857662744        0.15581453095744        2.89300808692083
H            0.49624955279205        0.07361329798720        3.37716186498988
H            1.53280058041602        1.11681487933650        2.92880058672956
O            1.22010891871730        3.39488573684269       -2.64504301534530
H            1.08084783798788        2.42162720628845       -2.59220728689531
H            0.40509273173181        3.75416768528013       -3.00707424558303
O            1.27479665895822        3.67820486417243       -0.00801678208003
H            1.34918655178635        3.55848455524285       -0.98639243420317
H            1.91855268860614        4.34661693833098        0.22110242713427
O            1.10376830347438        2.82567761027899        2.69079555849177
H            1.20716548160409        2.98438826176082        1.74247049280577
H            0.14568055876236        2.79936043510735        2.84532462733281
O            3.35578675843761       -2.97386379354738       -2.61225067167829
H            3.81502509684146       -3.63741978486076       -3.12590894361344
H            3.69457304724556       -3.02539545019523       -1.70566883875307
O            3.83371683383629       -2.77901283267134        0.14634526624410
H            3.31718270516371       -3.05737255401738        0.90494490664312
H            4.30375946938830       -1.98878685808691        0.39538067559808
60
 energy: -101.713438616271 gnorm: 0.067760812120 xtb: 6.7.1 (edcfbbe)
O           -1.42182741862602       -2.31354025960676       -2.42725119239277
H           -1.89143246895243       -2.81315737041225       -3.06072379366986
H           -1.71329594544582       -1.37381420977769       -2.53698322761002
O           -2.48168342565618       -2.25110528250863        0.16843737666288
H           -2.68814526325721       -1.29327452177465        0.15495837896886
H           -1.93995466631321       -2.41121266771723       -0.61762967818960
O           -1.29987070334494       -2.35331006465628        2.51965556262578
H           -1.69748416769687       -2.34710401801418        1.60990284203681
H           -1.83061137729194       -2.96100542793228        3.03484329572010
O           -1.98149887153676        0.32910108081921       -2.43893085568722
H           -1.01174467302644        0.51899299719749       -2.45671444663846
H           -2.19967578833381        0.34229337222487       -1.47569743121066
O           -2.19355083863057        0.53265026031356        0.19690288068012
H           -1.23091211373637        0.30701301284302        0.37206734552028
H           -2.22975433694766        1.52603710736367        0.23268137573647
O           -1.16333206513189        0.13467274546661        3.76614279954441
H           -1.41588953405575       -0.65967329910612        3.26094720551162
H           -1.51638865242720        0.90964984311033        3.30477922462157
O           -2.24290247433207        2.99771214866225       -2.66951106434168
H           -2.17320779109992        2.02797122503157       -2.73625778989645
H           -3.01480313877247        3.28594088265360       -3.16980485637883
O           -1.48930552119970        3.22842094575569       -0.03771742077102
H           -1.76001663963300        3.28497593155304       -0.97126062997763
H           -0.52548304851684        3.35589739301313       -0.03297880841130
O           -1.70617542726362        2.75133017522702        2.63294732095234
H           -2.20923491539507        3.44020211273264        3.06967961939276
H           -1.71789475153053        2.95756453838393        1.68073431202046
O            1.08881842988551       -1.45914170626806       -3.27480988177258
H            0.36807778241039       -1.94554284408964       -2.84232132997999
H            1.89937462734971       -1.95999595878841       -3.12034262433431
O            0.94172061844060       -2.43969691867953       -0.40361679613994
H            1.13262823269571       -2.67702391703533        0.52736927258768
H            1.76518938082535       -2.54673136716827       -0.88979009692856
O            1.45175407989660       -2.55656196494734        2.23842790782745
H            0.50385940016968       -2.63806291361109        2.45035231703103
H            1.66856533723913       -1.66125133398241        2.54438072053381
O            0.60167871095307        0.86328062164395       -2.13517379000099
H            0.93712544130881        0.05043634022693       -2.57864354199231
H            0.63962827541564        0.69889964945355       -1.17310160818153
O            0.36408068997990        0.03442932865051        0.41724353101713
H            0.52583356609935       -0.88166509489105        0.10417521261480
H            0.77946152669439        0.09689463814387        1.26224005346872
O            1.35958282823537        0.13770834847201        2.93017116417078
H            0.50023848364764        0.06301264572872        3.40634780610586
H            1.53456113988408        1.09834040168117        2.93459896802545
O            1.20125787242956        3.39512189295875       -2.64425882365864
H            1.05088469239836        2.42693594416769       -2.58709183855431
H            0.37949612860476        3.75250670030911       -3.00435812404392
O            1.26962027416284        3.68565843653411       -0.00513458868525
H            1.33318861048593        3.57471038177354       -0.98550886554322
H            1.91642494701973        4.34629703670736        0.21881960434120
O            1.11544976517228        2.79842254287140        2.68341287192179
H            1.21281826571774        2.98110009786140        1.73974173535633
H            0.16021111485052        2.79545922470420        2.84859304494588
O            3.34671814211257       -2.97767798046034       -2.59791791741120
H            3.81647909219377       -3.63451805856274       -3.11721551041390
H            3.69433265776358       -3.02268271922017       -1.69557581757794
O            3.84311221463032       -2.78425249455276        0.15165908536016
H            3.30430428338452       -3.03968527094663        0.91166100333686
H            4.30266193606995       -1.98127707950167        0.39836363173817
60
 energy: -101.716372549259 gnorm: 0.021051757594 xtb: 6.7.1 (edcfbbe)
O           -1.43803697458394       -2.30885443380563       -2.40893488367478
H           -1.88119928502058       -2.81726169011688       -3.07901165936654
H           -1.71346474036772       -1.37140663376329       -2.53663541330992
O           -2.47347071740086       -2.24018425282223        0.18318406704672
H           -2.69270598526695       -1.30103438451069        0.15657245875628
H           -1.93896096492299       -2.41077288132937       -0.60876921091999
O           -1.29034434401843       -2.36201339590487        2.52762781162197
H           -1.68906296875388       -2.35191843262030        1.61880809557899
H           -1.82245640257117       -2.96856262409413        3.04254319305650
O           -1.97931209796397        0.32956653593393       -2.44416458802933
H           -1.00984871983822        0.52041426588538       -2.46129114553319
H           -2.19975906292614        0.34943091729371       -1.48183158249258
O           -2.20052470330435        0.54768502845600        0.19363386592935
H           -1.26829301398205        0.30874521889340        0.37386999066376
H           -2.19487444886405        1.51747073690436        0.22647938776732
O           -1.17264346061013        0.13061745987039        3.76338375501927
H           -1.41671263618615       -0.66640321162254        3.25808945732460
H           -1.52202814042979        0.90289868429504        3.29475390709484
O           -2.24081848138647        3.00614441803507       -2.67055057036572
H           -2.17203621417498        2.03365726276374       -2.73434053552362
H           -3.00382834688485        3.29227759567833       -3.17470166914488
O           -1.48971230891625        3.23563325104962       -0.03589338008276
H           -1.76150443397549        3.28777336193826       -0.96941531415709
H           -0.52686725398046        3.36849488274996       -0.03223902613729
O           -1.70162205761554        2.75460942615557        2.63204133772624
H           -2.20431829049777        3.44089137926998        3.07287554250655
H           -1.71358373773238        2.96630117268571        1.68079361339571
O            1.08808218713642       -1.45847071390325       -3.27766206399601
H            0.36295113476086       -1.94495939886951       -2.85027034643675
H            1.89649325643924       -1.96287141701092       -3.12206386330480
O            0.93281740511861       -2.44346955855676       -0.40545672995323
H            1.13142350628295       -2.68095635497490        0.52375534435179
H            1.74978301496133       -2.56146712639344       -0.90007974604796
O            1.46243734268869       -2.56149433468263        2.23438957640037
H            0.51607865056340       -2.64845431876854        2.45008744747744
H            1.67477585476898       -1.66554683298050        2.54141072597609
O            0.60457867096328        0.86467500426683       -2.14284224494560
H            0.94003901010607        0.05090954190106       -2.58445846064691
H            0.65201537845638        0.70539783784483       -1.18046513056404
O            0.39265512279938        0.03879160025134        0.39703929944930
H            0.52161844406163       -0.88168812982036        0.08215346630499
H            0.77525615577669        0.07026936599579        1.30989167903959
O            1.35611723059963        0.12799957633274        2.92868657501010
H            0.49998725849726        0.05464127985928        3.41421625422782
H            1.53544015423358        1.09197159324851        2.94930548559990
O            1.18208549221007        3.40066763215794       -2.63981918622385
H            1.04412758860468        2.43030443918589       -2.58656473142882
H            0.36619893096032        3.75224850958157       -3.00542019358046
O            1.26838330017201        3.68396658586208       -0.00244821294457
H            1.32721888646143        3.57822151711134       -0.98370139628969
H            1.90551164014747        4.37304949465232        0.21682097103805
O            1.12100705778430        2.78934254930561        2.68082090197733
H            1.21686893857451        2.97581035810498        1.73755353941860
H            0.16592293620575        2.79040754842962        2.84779342318847
O            3.34186106685372       -2.97765270212303       -2.59344800924370
H            3.81139503458416       -3.63433782242936       -3.11004359212577
H            3.69266008257647       -3.01574547265495       -1.69144579146721
O            3.84190466918322       -2.77982758469236        0.15244372655525
H            3.30018527015433       -3.03188316803334        0.91118063537323
H            4.30317164946106       -1.97737389543875        0.39767826304498
60
 energy: -101.716543192630 gnorm: 0.028915847840 xtb: 6.7.1 (edcfbbe)
O           -1.44831332290552       -2.30604201979266       -2.40047357314338
H           -1.86259185347985       -2.82343056808420       -3.10269369423778
H           -1.72540187370665       -1.37038149109174       -2.53079658506630
O           -2.46453173959405       -2.21356337097425        0.19751839441416
H           -2.65846058392316       -1.26561021322357        0.17285293131907
H           -1.94378363668737       -2.41468844893828       -0.60521121522827
O           -1.26636411134607       -2.37031156525417        2.53024855382682
H           -1.67446770966302       -2.34391681528023        1.62281906037116
H           -1.80697499578850       -2.97169625073143        3.04312511293926
O           -1.96803913229193        0.32894393160668       -2.43552254361763
H           -1.00007164747947        0.52728154987076       -2.43808992541185
H           -2.21092441934971        0.37357523133425       -1.47748471207349
O           -2.18884733837188        0.56410532389387        0.20659770674832
H           -1.22141397026714        0.34221182625201        0.34903023735406
H           -2.18528602095559        1.52543744846534        0.22658603712940
O           -1.19028163497253        0.12850455411383        3.77028712623225
H           -1.39001946834083       -0.66909116702239        3.25866371856536
H           -1.50551695407107        0.89326673340730        3.27555383919783
O           -2.19301284070299        3.01489321523543       -2.70541845584691
H           -2.25730248751234        2.01992290495824       -2.69652802797258
H           -2.96688835244650        3.27701202127980       -3.19912479534461
O           -1.49314762472881        3.25657542311542       -0.05053899910255
H           -1.75948356418952        3.29136681289329       -0.98940043075743
H           -0.53081350741785        3.39572576861344       -0.04137721491476
O           -1.69400684923518        2.74810174798562        2.61638988643317
H           -2.19297861110996        3.43163595279919        3.06082626521440
H           -1.70659181665399        2.96573094392375        1.66723210393562
O            1.07745526626856       -1.44682245099103       -3.28327638938381
H            0.34673012274774       -1.93362510029223       -2.86259333593221
H            1.88415176120629       -1.95250478679671       -3.11953479017535
O            0.91862486186671       -2.45946122929431       -0.42229885348812
H            1.13199678592167       -2.70306914015787        0.50261858239697
H            1.72571646215502       -2.58367878471376       -0.93271471895142
O            1.48420750377623       -2.58360963548288        2.21491457717376
H            0.53910443771627       -2.67484576988745        2.43448716249841
H            1.69196687255430       -1.68823497470541        2.52575106139758
O            0.60767561596553        0.86902331288055       -2.11835928626001
H            0.94035670443764        0.05822337461894       -2.57050046948068
H            0.65955305422957        0.70133136223503       -1.15674504868462
O            0.39101463832801        0.01606804629246        0.42475667487812
H            0.53142223676566       -0.90074790512066        0.10678528554362
H            0.75971098796377        0.05441698299812        1.33809012266467
O            1.35585088946699        0.10331786725285        2.91110022966040
H            0.49693016645598        0.03146412269838        3.38508092335833
H            1.53369706622359        1.06445147232579        2.92045221220945
O            1.13733155809774        3.41778450956470       -2.63293175672836
H            1.03401954071434        2.43869860675931       -2.57547040799000
H            0.30715519147443        3.74965136806781       -2.98812807264155
O            1.26210234368530        3.71156022657422       -0.00171135841083
H            1.32167729898892        3.58740338571482       -0.98080737568607
H            1.89651243602564        4.38709866889785        0.21784555561445
O            1.13432364326056        2.77158770339288        2.67367906084471
H            1.23517546343919        2.95308690357912        1.72868865407666
H            0.17618653348418        2.75913629279523        2.83171116539079
O            3.31585812990604       -2.97439816765601       -2.56685750547996
H            3.78847860487678       -3.62378334940725       -3.08723491357765
H            3.67989245141973       -3.00583317862048       -1.66788741051628
O            3.83777015591692       -2.77147602002463        0.17197494623286
H            3.28028779092086       -3.00519094691820        0.92845512340372
H            4.28564202090302       -1.95590698590927        0.41150467506486
60
 energy: -101.717809902661 gnorm: 0.015630876749 xtb: 6.7.1 (edcfbbe)
O           -1.44399381640283       -2.30402599137459       -2.40620358335751
H           -1.88014891053687       -2.82269597169904       -3.08201763659155
H           -1.72627326931345       -1.36826054099826       -2.53365124595352
O           -2.45471995826949       -2.21182109329029        0.19923577901656
H           -2.64199029193843       -1.26340701213990        0.18640038856558
H           -1.92700477816354       -2.38826052913893       -0.59418889034650
O           -1.25137374746446       -2.37956354491773        2.53082033742913
H           -1.66149587793114       -2.35016450632980        1.62507703626208
H           -1.79352880143821       -2.97770666401764        3.04555323068372
O           -1.96915609194464        0.33674543000158       -2.43739520682761
H           -0.99888343388826        0.52561579402565       -2.44292964228830
H           -2.20299924386759        0.36902402294057       -1.47851211834429
O           -2.16717927532937        0.56449884961470        0.20349548755216
H           -1.21175654625164        0.35496204863883        0.35511665291929
H           -2.20264043865855        1.53954953657501        0.23860127496959
O           -1.19012629445154        0.12358399510690        3.76136306132027
H           -1.39166527961200       -0.67871777106713        3.25341239111597
H           -1.50786876329563        0.88577151596964        3.26116462315509
O           -2.20536023010402        3.01420518359174       -2.70592198709858
H           -2.20209697189303        2.02986119742700       -2.72581220911216
H           -2.99438637965234        3.27994003578973       -3.18765501894035
O           -1.49587146698366        3.27293043483517       -0.05613569583600
H           -1.75700747744867        3.30330201769485       -0.99599143461842
H           -0.53347860853258        3.41292685405917       -0.04398474470228
O           -1.68225318991552        2.74938022939285        2.60775624547323
H           -2.18393291308688        3.42536804950712        3.06406360959448
H           -1.69717009660109        2.98106568686836        1.66059253997655
O            1.07217926150043       -1.44233462588917       -3.28936636791799
H            0.34103911425093       -1.92649032719634       -2.86783486123711
H            1.87816521071266       -1.94750134648619       -3.12114523615896
O            0.90576764250165       -2.47025495674073       -0.43025921181598
H            1.12953277316756       -2.71533481154647        0.49130728058559
H            1.70492285582450       -2.60202904553586       -0.95188383814951
O            1.50083937265934       -2.59499682394243        2.20461756704493
H            0.55701138712645       -2.69232176290493        2.42709748761327
H            1.70377318291072       -1.69926239285840        2.51805985290997
O            0.60929204475455        0.86957455720029       -2.11381275793450
H            0.94164949893916        0.06054038565984       -2.56861851446881
H            0.66437404598716        0.69982346066651       -1.15297244448099
O            0.39522633491418        0.00963964661060        0.42399660407534
H            0.51714963148303       -0.90958146586823        0.09698214375799
H            0.76378539916560        0.02984856910026        1.34304841857359
O            1.35629285263973        0.08650753408071        2.91695085612730
H            0.49913811404203        0.01783158418441        3.39648372447131
H            1.53712455723809        1.04946485077815        2.92910148799762
O            1.11038029512616        3.42369935865522       -2.62958074415345
H            1.00719088197067        2.44733972029898       -2.57246691909939
H            0.27563231277526        3.75164729085000       -2.97931642491836
O            1.25999267428907        3.71423971387289        0.00198343369220
H            1.31100760226049        3.59860825764399       -0.97878323991052
H            1.88418553398428        4.41249637798009        0.21460780901099
O            1.14498650636746        2.74910761479594        2.66630869025888
H            1.24596043633035        2.94104088620003        1.72330872109826
H            0.18746876066132        2.74993555134598        2.82666261767499
O            3.29920102156662       -2.97425330345440       -2.54930631962368
H            3.78005483584624       -3.61706859880944       -3.07328852892021
H            3.67003596248726       -2.99945592444579       -1.65281729306824
O            3.83385506299047       -2.76166936939610        0.18150870122377
H            3.26807004505098       -2.98878699083908        0.93388196178719
H            4.28213947142157       -1.94743561105236        0.41920721992532
60
 energy: -101.718913784398 gnorm: 0.007218115498 xtb: 6.7.1 (edcfbbe)
O           -1.44560134704672       -2.29243121278259       -2.41487007744553
H           -1.89259902384659       -2.80958978363315       -3.08448662267428
H           -1.72748970946866       -1.35643997007685       -2.53761502262341
O           -2.45403701675807       -2.21258808730905        0.19541488182112
H           -2.62346906926359       -1.26015555611493        0.19071191019981
H           -1.92792018620648       -2.39360466658305       -0.60090470760648
O           -1.24006822259719       -2.39429574161362        2.52019467925312
H           -1.65389755502885       -2.36335667948396        1.61699453242017
H           -1.78169051442323       -2.99030848238434        3.03759072226781
O           -1.97185272722558        0.35030177682849       -2.43665213642009
H           -1.00095286541442        0.53713013412306       -2.44733262375168
H           -2.19847874754097        0.37400819445888       -1.47615105696508
O           -2.16778294996127        0.56976536546654        0.20371031282780
H           -1.21706284861384        0.34202490244614        0.36395805472223
H           -2.18522004474906        1.53980655523858        0.24290489306452
O           -1.17939938394969        0.10689341880349        3.75374685854438
H           -1.39368261480683       -0.69371318065051        3.24699848518004
H           -1.51304652971329        0.87088340148790        3.26563790946034
O           -2.19391778817186        3.02860066027550       -2.70783869423975
H           -2.18690400447970        2.04412524653348       -2.72507006407266
H           -2.99725129872079        3.29185435778069       -3.16040986543903
O           -1.50139993325468        3.27861215432791       -0.04855596076152
H           -1.75899079115966        3.30290573847665       -0.98834645951543
H           -0.53869458415871        3.41483248902001       -0.03533878097052
O           -1.67466534644776        2.73708356942606        2.61376131751614
H           -2.17625250603929        3.40753671145153        3.07789377744137
H           -1.69662116180147        2.97477797408802        1.66921259210761
O            1.07428821893618       -1.44682533208369       -3.29966380962676
H            0.33861367274467       -1.92500465728285       -2.87935024483436
H            1.87745969353616       -1.95126602084137       -3.11750551176335
O            0.89672522412539       -2.46945344037574       -0.43215740397178
H            1.13237141098944       -2.71733061650193        0.48406332082921
H            1.68613120256340       -2.60312047946442       -0.96499012307012
O            1.51220174569405       -2.59790590362598        2.19679402241583
H            0.56950566254628       -2.70206116984626        2.42164904008021
H            1.70987578035553       -1.70052871245934        2.51019993236947
O            0.61234006618511        0.86738029481726       -2.12997974291254
H            0.93930099121304        0.06142719246862       -2.59346616889111
H            0.67343946197276        0.68939934439897       -1.17156438554788
O            0.39862866021234        0.01421392626710        0.41131911628718
H            0.51277309821744       -0.91044193694498        0.09886504231906
H            0.77995086908711        0.05007674138497        1.32190282579205
O            1.35896651962321        0.08309713211544        2.90428372788482
H            0.50682471270803        0.01392259925912        3.39237277191266
H            1.54395540583100        1.04480741643632        2.92085953455455
O            1.09168485866911        3.42910681757594       -2.63166483375552
H            1.00855374871560        2.45172165336636       -2.57489753620170
H            0.24124539562339        3.73849098470255       -2.95626552925036
O            1.25828895212882        3.71181814158248        0.00059991338770
H            1.30011970303093        3.60173516126277       -0.98139093411629
H            1.86415111498236        4.42507700588621        0.20917330107809
O            1.14978410259095        2.74062475259946        2.66126155812967
H            1.24742356681858        2.94440972918488        1.72071014769165
H            0.19332638571982        2.74631818518750        2.82638845716387
O            3.27982050885206       -2.98638184581067       -2.51501715112983
H            3.78522783250732       -3.60728678881719       -3.04196082640270
H            3.66679270390277       -2.98257027353091       -1.62470887563408
O            3.85082069345908       -2.77374620257283        0.21438704818829
H            3.23454039552845       -2.96161765537840        0.93826951255927
H            4.26687894174787       -1.93607007253637        0.43224007011079
60
 energy: -101.720535448045 gnorm: 0.010025245305 xtb: 6.7.1 (edcfbbe)
O           -1.45106517105233       -2.26756565860921       -2.43303290549376
H           -1.92240055450119       -2.78221391135276       -3.08827338719975
H           -1.73300394995043       -1.33128333314901       -2.54583271335582
O           -2.44897781555764       -2.21113586241730        0.18490268568955
H           -2.59257386465708       -1.25324431947232        0.19287086458189
H           -1.92728654828777       -2.39836517345753       -0.61683149842570
O           -1.21969620875687       -2.42793044075377        2.49923900553186
H           -1.63986333404846       -2.39403895909344        1.60041950786728
H           -1.75946222628882       -3.02127835699318        3.02119184768007
O           -1.97064935617920        0.37999973832654       -2.43535996751108
H           -0.99679066934253        0.55364908824178       -2.45273329500139
H           -2.18892687713394        0.39556310381134       -1.47299780773371
O           -2.16138564355219        0.57708684972826        0.20754645350053
H           -1.21458639264232        0.33623431890359        0.37614251771829
H           -2.16266436899008        1.54010554867175        0.24536703390179
O           -1.16556782523236        0.07369164051676        3.74061635755432
H           -1.38908627749546       -0.72296613412447        3.23014938441018
H           -1.51689869739557        0.84064483118492        3.26792130208148
O           -2.16324582687744        3.05905042046341       -2.70836079390287
H           -2.15819187010202        2.07430860453409       -2.72309112547805
H           -2.99404377641292        3.32613651954947       -3.10283753045059
O           -1.50985452654861        3.28582881073628       -0.03328732888472
H           -1.76099014562005        3.30850681953879       -0.97327604976490
H           -0.54675899066577        3.41847119631931       -0.01679139014384
O           -1.66303973177668        2.71349131214745        2.62741976612717
H           -2.16243698969322        3.37359856793515        3.10849465777325
H           -1.69682812194525        2.96564761388895        1.68834855115961
O            1.07839708743891       -1.45864961765825       -3.32342057990396
H            0.32901255614090       -1.92449840626218       -2.91287754373950
H            1.87176690935141       -1.96933530397518       -3.11631758111454
O            0.87682033485376       -2.46792043489797       -0.43579382541704
H            1.13529344992138       -2.72595296233418        0.46944361984620
H            1.64014659028976       -2.62488338174264       -0.99813674921884
O            1.53560506454041       -2.59947644549759        2.17955363850240
H            0.59564409773693       -2.72282687938914        2.40850952147931
H            1.71825091810269       -1.69969528160059        2.49823507124916
O            0.62520818646054        0.85934686514896       -2.16236557700425
H            0.94136300733362        0.05344151063586       -2.63251652071930
H            0.68868080945588        0.67417580613097       -1.20611461858956
O            0.41081564888507        0.02353862547355        0.38796240489722
H            0.50714884660938       -0.90706866463887        0.08984235237230
H            0.80385689038024        0.07165599515359        1.28840611808670
O            1.36765522928283        0.07701308350662        2.88347727139084
H            0.51677398484234        0.00026135987882        3.37287757976082
H            1.55124502980073        1.03831466861460        2.90684721446752
O            1.04666531544264        3.43795910517620       -2.63188923218994
H            1.00449008080360        2.45763969464876       -2.58937310002207
H            0.16474749468819        3.71309665309820       -2.90586686671373
O            1.25249126213809        3.70691684872834       -0.00138396998474
H            1.27900552306288        3.59976885168964       -0.98491256396504
H            1.82473080039195        4.44941437581233        0.19643877219266
O            1.15939748975081        2.73160977917515        2.65332872448504
H            1.25243961838058        2.94895728317171        1.71565128573488
H            0.20399363950228        2.73073935572398        2.82277486276726
O            3.25605059587510       -2.99015331113481       -2.44419435831657
H            3.78804713775428       -3.58354095529585       -2.97716125791954
H            3.64676494159065       -2.97259831452359       -1.55575879621839
O            3.85216528162774       -2.75723792862733        0.26420063966550
H            3.20323075728074       -2.92534912373919        0.96320501923899
H            4.25143371095855       -1.90998042550033        0.47532002265505
60
 energy: -101.722430001408 gnorm: 0.018235792093 xtb: 6.7.1 (edcfbbe)
O           -1.46003012118027       -2.23644101906282       -2.45828188629476
H           -1.96361865267630       -2.74638337919785       -3.09485310198475
H           -1.73896908931621       -1.29850337169601       -2.55847411956485
O           -2.43779959016155       -2.20812206105305        0.16831733553762
H           -2.56539737576479       -1.24794472831260        0.19087926711098
H           -1.91793251911264       -2.39215491583504       -0.63707095805150
O           -1.19586069111630       -2.47254374474707        2.47403917547803
H           -1.62048029851649       -2.42921395803403        1.57876028939175
H           -1.73483851529778       -3.06589740472583        2.99651500743011
O           -1.96386495820906        0.41895904995204       -2.43418698182741
H           -0.98599648124864        0.57413156163089       -2.45816526385635
H           -2.17532210748274        0.42620204798110       -1.47029723142304
O           -2.14761111723462        0.58354943620033        0.21447375814558
H           -1.20185940023109        0.33892866177297        0.38170381079385
H           -2.14066546043059        1.54341593214447        0.25287322119227
O           -1.15324674081589        0.03124995303442        3.72495843408727
H           -1.37597976295947       -0.76133060231027        3.20791954803722
H           -1.51283956861262        0.80022716573531        3.26216401456153
O           -2.12322669715916        3.09754537447320       -2.69861861499587
H           -2.12055683373023        2.11250735399242       -2.72424056846838
H           -2.97913538240699        3.37537945347786       -3.03143165098261
O           -1.51773300351183        3.29359751881475       -0.01288651732320
H           -1.75925648985871        3.32355730881124       -0.95463595388483
H           -0.55387997627487        3.42362859118504        0.01055331967145
O           -1.65136904704914        2.68320819512496        2.64643851191301
H           -2.14539495821189        3.33151878613755        3.14955272766022
H           -1.70070782294347        2.95340977722571        1.71373129557899
O            1.08092307825673       -1.47727431925549       -3.36176920519799
H            0.31519231395103       -1.92411625732149       -2.95852380734352
H            1.86369753740324       -1.98908694545334       -3.11325451909530
O            0.84760056301543       -2.47350792705434       -0.44538936694731
H            1.13769849232366       -2.73011792999448        0.44966026755492
H            1.58008254685530       -2.65555171759906       -1.04303262052316
O            1.56633160128271       -2.60246867497197        2.16418603607601
H            0.62832578189260       -2.74470262735938        2.39059880781097
H            1.72877886272683       -1.69569375078431        2.47773916812913
O            0.64388011011915        0.84448197438843       -2.20201472684678
H            0.94838325377771        0.03664201730595       -2.67627975727007
H            0.71081484782510        0.65577681253253       -1.24702799798243
O            0.42695689362717        0.02900870774121        0.35866922952849
H            0.50664051027707       -0.90548805999687        0.06903159804929
H            0.82908486909886        0.08273768483524        1.25088011045191
O            1.38093803397247        0.06857822004067        2.86097143184480
H            0.52798896051801       -0.01771061418727        3.34540712881067
H            1.56054416689995        1.03023808685768        2.89031314744806
O            0.97768306601065        3.44741692020563       -2.62559641777782
H            0.98703469093519        2.46372698903530       -2.61313488913298
H            0.06418127334961        3.68097242673919       -2.84729223153536
O            1.23884999810634        3.70433836879353       -0.00269768238687
H            1.24896414245535        3.59435469790742       -0.98740639401836
H            1.77409017540217        4.47914994059833        0.17995836678303
O            1.17174811116500        2.72338022620800        2.64536821553765
H            1.26327331245595        2.95130891865641        1.71010150520591
H            0.21661753954114        2.70999925292287        2.81562120016716
O            3.21019808406145       -3.00473037032557       -2.34547824493825
H            3.78941321885532       -3.55122225087116       -2.88682653206583
H            3.61955930672464       -2.94853629677658       -1.46316722219963
O            3.85483284558778       -2.73201796049786        0.32742424748330
H            3.17047759571266       -2.88081394393089        0.99782401167930
H            4.23584940729394       -1.87487732108270        0.53131539475336
60
 energy: -101.724405142874 gnorm: 0.018139470034 xtb: 6.7.1 (edcfbbe)
O           -1.47070316572935       -2.20395627430341       -2.48612397867300
H           -2.00506343858790       -2.70879094492517       -3.10329221203352
H           -1.74564258094573       -1.26407456138607       -2.57449085284124
O           -2.42219989944300       -2.20420647427696        0.15049490109592
H           -2.54536955873638       -1.24494645204981        0.18533085381306
H           -1.90271639129527       -2.37907609478173       -0.65677769664733
O           -1.17015083065949       -2.51876402454739        2.44857966193470
H           -1.59753071680055       -2.46196349721289        1.55590611201215
H           -1.70817229527360       -3.11599201491947        2.96750420958590
O           -1.95305564601163        0.45969812450621       -2.43430483214322
H           -0.97112891438660        0.59460670175617       -2.46321542935652
H           -2.16037679410861        0.45747167660758       -1.46955495689681
O           -2.13011933513621        0.58955594123911        0.22087141360939
H           -1.18318713086457        0.34652505566561        0.37816903781534
H           -2.12121911173879        1.55055210409513        0.26362300838112
O           -1.14066035446737       -0.01328761767444        3.70727933470703
H           -1.35993375517435       -0.80389384807399        3.18675975273861
H           -1.50507214641396        0.75572781546266        3.24998733104018
O           -2.08391350073128        3.13639807040095       -2.67776507577674
H           -2.09038135455047        2.15094978121929       -2.71939160790441
H           -2.94582814893683        3.43089814148649       -2.97106420206292
O           -1.52351499488407        3.30118489643727        0.01077810215926
H           -1.75529512831295        3.34442044567578       -0.93363263996501
H           -0.55873038259672        3.43107938509689        0.04185428490427
O           -1.64090437148621        2.65129608163132        2.66691408752294
H           -2.12855790062758        3.28689894534977        3.19324952053484
H           -1.70681064558622        2.94078563912029        1.74097181254717
O            1.08223182699491       -1.50003891280055       -3.40276453013607
H            0.29980683902351       -1.92899440301141       -3.01018299976296
H            1.85363644379767       -2.01094970533796       -3.11194827470629
O            0.81707817348048       -2.48118161152993       -0.46104383751177
H            1.13060866987759       -2.73570737693025        0.42546215903334
H            1.52176858568695       -2.69117305839163       -1.08521577914699
O            1.59613358450759       -2.60128820223101        2.14530437950561
H            0.66227425260986       -2.76501903370686        2.37397168833640
H            1.73941826085917       -1.68994789309677        2.45820573429375
O            0.66330911363335        0.82526816335946       -2.24176064054100
H            0.95736094073710        0.01484371607293       -2.71855378674964
H            0.73596606207860        0.63688976559379       -1.28732568697484
O            0.44469466591233        0.03063977475544        0.32758722260483
H            0.51001254628449       -0.90677431947333        0.04328391908106
H            0.85196780852799        0.08574255955490        1.21501733413352
O            1.39500399316136        0.05947885261605        2.83774554115779
H            0.54078663983389       -0.03651527461965        3.31818509913365
H            1.57153826066762        1.02155538428705        2.87568659612423
O            0.89977501877257        3.45263277479558       -2.61197266857497
H            0.94625294205747        2.47000162412143       -2.63980932975055
H           -0.02614678843224        3.65527382705523       -2.80408571031081
O            1.21937461687405        3.70419772581264       -0.00234398109891
H            1.21202398790758        3.58943255595696       -0.98809790041794
H            1.72465263119475        4.50273419925143        0.16442607430029
O            1.18365429068414        2.71474688952256        2.63905191775617
H            1.27595555336421        2.95120239153427        1.70583195475085
H            0.22841758526448        2.69133894351417        2.80862256822749
O            3.18625579789559       -2.98505218780055       -2.25022423362163
H            3.76154517479074       -3.53235412220049       -2.78065752245091
H            3.57357823982551       -2.93213517307741       -1.35899936851605
O            3.85221674492120       -2.69313688265970        0.38932479446534
H            3.15119461249521       -2.84197160546863        1.03823397379367
H            4.22695394816099       -1.83616112704073        0.59630047345527
60
 energy: -101.726024607449 gnorm: 0.017857944421 xtb: 6.7.1 (edcfbbe)
O           -1.48322928272458       -2.17323263451722       -2.51436815535500
H           -2.03712222950326       -2.67100913725103       -3.11760326287854
H           -1.75057376878517       -1.23046795152092       -2.59403376564971
O           -2.40213538960361       -2.19978724790124        0.13351378803249
H           -2.53347057174501       -1.24401403814086        0.17673690602893
H           -1.88272450667192       -2.36080315777379       -0.67383657831482
O           -1.14577001840236       -2.56134937481231        2.42542006936455
H           -1.57253142215810       -2.48721609336950        1.53347449593642
H           -1.68259870967079       -3.16854639659062        2.93428131823079
O           -1.93739717627981        0.49796470452907       -2.43704357725900
H           -0.95217846733258        0.61365824061292       -2.46834161532490
H           -2.14451143293225        0.48841875811033       -1.47248966535775
O           -2.10793967066374        0.59399816149810        0.22352625572529
H           -1.15603301975822        0.36205185953426        0.35988172316211
H           -2.10966169191414        1.56085882436692        0.27580332478222
O           -1.12440814979028       -0.05616410169324        3.68956405670085
H           -1.33616472367463       -0.84731391978363        3.16860505587112
H           -1.49076549029383        0.71111227285771        3.23303196719396
O           -2.05181931302295        3.17097338478651       -2.65065316472249
H           -2.07953242604309        2.18479663208193       -2.70287075597289
H           -2.90690194178325        3.48612893915851       -2.92472140098931
O           -1.52845585882552        3.30776225628649        0.03816647394652
H           -1.75219072174810        3.36610751943949       -0.90953001766886
H           -0.56249223064327        3.43975686294726        0.07510451559424
O           -1.63202468418723        2.62117980884144        2.68816672074869
H           -2.11326737772519        3.24447287650744        3.23473508938932
H           -1.71335534496971        2.92791381868802        1.76863705139304
O            1.08012119037571       -1.52390405073743       -3.44165095622480
H            0.28542545161615       -1.93835532656635       -3.05885802908688
H            1.84191600328718       -2.02585827389095       -3.11105706992526
O            0.78846149452920       -2.49740374793824       -0.48252444851371
H            1.10927324646877       -2.74771955180885        0.39992728776270
H            1.47968642521071       -2.72021145922706       -1.11116507002698
O            1.61692970322859       -2.59598982220708        2.12491158027465
H            0.68968093566553       -2.77817877653424        2.36234880040175
H            1.74833563243248       -1.68388910855708        2.44023361312269
O            0.68062093148609        0.80709672777345       -2.27795909070708
H            0.96639587196119       -0.00618413911896       -2.75595338484929
H            0.76110900273070        0.62226758636164       -1.32325717666308
O            0.46418485617200        0.02479545898054        0.29649724118390
H            0.51765263575346       -0.91350172658189        0.01055576335639
H            0.86882674891174        0.07186689168619        1.18604332764608
O            1.41184449826774        0.05065554128010        2.81379790399862
H            0.55716408511058       -0.05298804987805        3.29132280943626
H            1.58506242077313        1.01349401962003        2.85847453052826
O            0.82498040003515        3.45570403381247       -2.59966225178596
H            0.89631074594432        2.48030923527561       -2.65492776882155
H           -0.10498437176392        3.63294406243329       -2.77313360637954
O            1.19293930859255        3.71037107174866       -0.00447082464413
H            1.17104685529594        3.58828912050705       -0.99084075811275
H            1.68241850064038        4.51722053126227        0.14914461187165
O            1.19462931545141        2.70837773952416        2.63339149022235
H            1.28725902159739        2.94774546016388        1.70073246295749
H            0.23919916993935        2.67524523710881        2.80221784452947
O            3.11310327885369       -3.00540879459722       -2.14159625681494
H            3.75216587060298       -3.49627214870233       -2.67472875572997
H            3.53064436735194       -2.88535595813755       -1.25863486076768
O            3.86479713429504       -2.66167444191913        0.45083208758614
H            3.13385174077640       -2.80726916849000        1.07277150990299
H            4.22126567922210       -1.79679377951032        0.65997571164710
60
 energy: -101.726907732144 gnorm: 0.019286324278 xtb: 6.7.1 (edcfbbe)
O           -1.49844552161735       -2.14771339227739       -2.54061718683136
H           -2.06677159714442       -2.63782317139583       -3.13343144905737
H           -1.75464092213508       -1.20107157948190       -2.61404206069479
O           -2.38122265042504       -2.19499529687276        0.12205797513365
H           -2.51989583356470       -1.24085726547541        0.17545151334692
H           -1.86171038000190       -2.34176842404003       -0.68523106993538
O           -1.12404537163562       -2.59562556552236        2.40749190882155
H           -1.54791681190911       -2.50441623193170        1.51497396145433
H           -1.65711059148473       -3.21944799666185        2.90110244200752
O           -1.92419830288971        0.53039654164265       -2.44263214929642
H           -0.93709228643324        0.63349750841931       -2.47826469172243
H           -2.12823206161170        0.51175649433060       -1.47754888126171
O           -2.08546121279080        0.60089220732027        0.21874189836778
H           -1.12815579783350        0.37790525397559        0.33309859423836
H           -2.10066704302023        1.57303655470288        0.28679744141158
O           -1.10695864861425       -0.09366409165890        3.67196987684260
H           -1.31224119099408       -0.88840470716017        3.15504957710997
H           -1.47890572827836        0.67011744034412        3.21422749716260
O           -2.03196207954453        3.19690745518671       -2.63079499520184
H           -2.07694344655005        2.20989902729360       -2.69056300528690
H           -2.89443444319513        3.52953750134153       -2.87759741927315
O           -1.53114776799805        3.31605423371646        0.06463313253833
H           -1.74666248552787        3.37946160746291       -0.88634470010764
H           -0.56310672846054        3.44395384791961        0.10567133734082
O           -1.62788749776267        2.59509794075099        2.70529844657073
H           -2.10689244766008        3.20681761582697        3.26509484859692
H           -1.71921876457107        2.91471982212093        1.79116337071503
O            1.07475200488393       -1.54968815395885       -3.47066577515583
H            0.27294275830934       -1.95220910319722       -3.09312151757565
H            1.82854218433568       -2.04028662324836       -3.11170161007412
O            0.75602716835072       -2.51403074220914       -0.49387942892777
H            1.08914165063903       -2.76216663190429        0.38414839425587
H            1.43666158884819       -2.74572462204145       -1.12844503310606
O            1.62971557099049       -2.59098911936549        2.11514739219075
H            0.70646636712031       -2.78141439556244        2.35255539507748
H            1.75412622776494       -1.67576595202518        2.42182306863580
O            0.69477180197456        0.79354303278779       -2.31165958168653
H            0.96991150422724       -0.02334009532175       -2.79147561120325
H            0.78422198731112        0.61099387833924       -1.35683230244618
O            0.48420313205593        0.02062016424806        0.26874358473390
H            0.52662244071003       -0.91923228508011       -0.01793709687103
H            0.88237593396205        0.05830481011544        1.16449070952092
O            1.42490815990228        0.04612863284472        2.79249586704943
H            0.57154359263747       -0.06306478677135        3.27021734228952
H            1.59546933106286        1.00951938480014        2.84344364217629
O            0.77400201364153        3.45952593805097       -2.60000424726131
H            0.88408565602173        2.49027516673201       -2.65693418950708
H           -0.18176121915361        3.59926833899756       -2.72910358294584
O            1.17641281949198        3.70696917079853       -0.01037257714920
H            1.13997467800575        3.58212486182105       -0.99771060698663
H            1.64557936310465        4.52921677787503        0.13175382183605
O            1.19918575491211        2.70498245978230        2.63170393077620
H            1.29112929421073        2.94209698689823        1.69835766198684
H            0.24375265552125        2.66611608951954        2.80022602481997
O            3.10339875462360       -2.95681608914449       -2.06957624938067
H            3.70408406025654       -3.49157054347307       -2.57286620082350
H            3.48045178607932       -2.85441180672409       -1.17007265105217
O            3.88656939926440       -2.63533437192444        0.50176487494922
H            3.12587470629362       -2.78153651529652        1.09885087369292
H            4.21984701625534       -1.75969192621120        0.71679458515324
60
 energy: -101.727435001512 gnorm: 0.025392175318 xtb: 6.7.1 (edcfbbe)
O           -1.50764890937911       -2.12997595530009       -2.56227768421397
H           -2.09052701079139       -2.61496033930749       -3.14545397283510
H           -1.75555554031549       -1.18048250425092       -2.63058961705074
O           -2.36388063203778       -2.18981348767510        0.11568524739789
H           -2.50419599558254       -1.23481276636061        0.17720799186355
H           -1.84507283303526       -2.32904666422685       -0.69236463115328
O           -1.11183284317424       -2.61510248460091        2.39602005886256
H           -1.53172023138253       -2.51263497150483        1.50226079615195
H           -1.64038510405881       -3.25548396987891        2.87434128013504
O           -1.91879518140139        0.55164150847266       -2.44929408683313
H           -0.93127173415017        0.65050926362776       -2.49318132823681
H           -2.11397601534128        0.52148945727278       -1.48207401971510
O           -2.06633200347458        0.60815933912564        0.20891539036124
H           -1.10616711295922        0.38577814664765        0.30880056751462
H           -2.08923286079331        1.58139199775288        0.29273084028401
O           -1.08936164268999       -0.11848384093125        3.65724866323207
H           -1.29441028996611       -0.91861131547946        3.14817649932617
H           -1.47208466963339        0.64111469934868        3.19923836278167
O           -2.05791222076163        3.20908536121150       -2.59569314449089
H           -2.08062199851557        2.22216315546115       -2.68747738724385
H           -2.90447210710604        3.54340944760050       -2.86738569484736
O           -1.53345971582205        3.32521044875197        0.09049074572091
H           -1.75153851000043        3.38803547754133       -0.85935768736632
H           -0.56382151539946        3.44928495717576        0.12532671329013
O           -1.62462800057318        2.57848747107125        2.71829313149543
H           -2.10446709820053        3.18082401292233        3.28596295796371
H           -1.71942256591245        2.90849631505960        1.80870464865790
O            1.07209957699699       -1.56950457370278       -3.48771084092671
H            0.26435168974402       -1.96126353337944       -3.11325173637413
H            1.81924590824695       -2.04937868893702       -3.10482830291301
O            0.72484931644992       -2.52709107297881       -0.49010394473421
H            1.07476104231158       -2.77792280724841        0.38250681221614
H            1.39583964846395       -2.76980024588612       -1.13755234895687
O            1.62966080714623       -2.58823333716340        2.11504598516036
H            0.70757500060331       -2.78150759731627        2.34886895200763
H            1.75207012307106       -1.67130829348040        2.41531441544384
O            0.70248193437784        0.78382574370704       -2.33681525434475
H            0.96983705068549       -0.03439397114438       -2.81922017689872
H            0.80243224676328        0.60237711718148       -1.38258716856566
O            0.50208590037958        0.01938010856824        0.24866958727372
H            0.53364560127195       -0.92380159379072       -0.03321153340009
H            0.89322023369354        0.05275562001442        1.15090070296602
O            1.43182287242289        0.04616712032071        2.77428994526079
H            0.58230400445875       -0.06457668638585        3.25791189839436
H            1.60372505464878        1.00910661182688        2.83136865646200
O            0.75796401840993        3.45530161216458       -2.59334462418194
H            0.87164718872371        2.49210271659548       -2.66829128910816
H           -0.18635136594883        3.59391211832670       -2.73259410379578
O            1.16779343760019        3.70132258161443       -0.01103394847574
H            1.11724558945582        3.58179268138502       -0.99924222729063
H            1.62125053460944        4.53681920198569        0.12395615359055
O            1.20070882817382        2.70225977403402        2.63263596599378
H            1.29053459885219        2.93678909515269        1.69845817594728
H            0.24574518231549        2.66463000460269        2.80290739961425
O            3.07632492873690       -2.94444021469764       -2.02138011146842
H            3.69001349643240       -3.48184569354505       -2.50813823341076
H            3.45001795218866       -2.81653861445081       -1.12045237127384
O            3.86709949043017       -2.58775121071153        0.51765373136675
H            3.16755028536272       -2.78674638948212        1.14055165495075
H            4.23630469533911       -1.74143508267814        0.76037865840025
60
 energy: -101.728201036282 gnorm: 0.017055639090 xtb: 6.7.1 (edcfbbe)
O           -1.51302582622426       -2.11471873386289       -2.58067667993014
H           -2.11575905928176       -2.59688677446692       -3.15197270720297
H           -1.75975392444240       -1.16456335399573       -2.64114015520897
O           -2.35030164009725       -2.18297065757763        0.10996484119296
H           -2.48570248526169       -1.22639158004185        0.17487719065235
H           -1.83241713715303       -2.32318505946985       -0.69912471973797
O           -1.10700610343056       -2.63152847192432        2.38738033679748
H           -1.52283258263551       -2.52199268949807        1.49236090407524
H           -1.63204401378329       -3.28401921261691        2.85314129049319
O           -1.91302768202893        0.56767468354900       -2.45644376783621
H           -0.92426463660049        0.65929147207096       -2.50743650963034
H           -2.10024736445975        0.53238823839051       -1.48716132521316
O           -2.04767637178966        0.61202893263906        0.19955221076265
H           -1.08668172579522        0.39000070380733        0.29467259396656
H           -2.07418447612971        1.58198636987112        0.28896054638563
O           -1.07612014694815       -0.13783769386722        3.64734590037022
H           -1.27918810465386       -0.94258661765482        3.14347274774030
H           -1.46610521871076        0.61743601559165        3.18763423951950
O           -2.07683450386765        3.21888430105665       -2.57532610352052
H           -2.09824488749941        2.23229666352069       -2.67167233506921
H           -2.92085690105931        3.55620298596054       -2.85555764794211
O           -1.54034809841351        3.33372887762781        0.11056427827272
H           -1.76662754753359        3.39544629580674       -0.83616183661207
H           -0.57036066878042        3.45834320285824        0.13625726291564
O           -1.62169791517340        2.56465330101636        2.72830866063725
H           -2.10291787995699        3.15751389272803        3.30671326103367
H           -1.71909053491773        2.90812899813901        1.82320350050641
O            1.07440492015005       -1.58320742050519       -3.50083273631411
H            0.25379733074463       -1.96227222523268       -3.13576576668540
H            1.81216053730647       -2.06115122589545       -3.09007311924529
O            0.69748583546049       -2.53846916837519       -0.48131878077702
H            1.05822659701971       -2.78766079659727        0.38833686818015
H            1.36368518893678       -2.78872876107881       -1.13731674888832
O            1.62881747958702       -2.59095927898881        2.11738589968954
H            0.70602186088987       -2.78769651743049        2.34982264706554
H            1.74784247594206       -1.67168789926802        2.41338786324661
O            0.71455409915967        0.77746339915911       -2.35941494243199
H            0.97377143028998       -0.04379097493577       -2.84038987756507
H            0.81587238836624        0.59658355343356       -1.40567209591903
O            0.51942259060698        0.01826195672486        0.23150880608550
H            0.53748956074259       -0.92974069277843       -0.04012645180618
H            0.90470825174689        0.05301095392443        1.13699344103428
O            1.43717958490600        0.04875777052665        2.75749142097120
H            0.58790542770694       -0.06694461360108        3.24190176560809
H            1.60670594297989        1.01181487782633        2.81979460625029
O            0.74824666286157        3.45393246036350       -2.58530086307966
H            0.87974732440353        2.48895158564813       -2.69164960791188
H           -0.19091808550629        3.58764625234968       -2.73115640006136
O            1.15646982044264        3.70356470334690       -0.00990025503063
H            1.10526082717173        3.58151335944155       -0.99686778818322
H            1.61179176531291        4.53455133528316        0.12451986676117
O            1.20179185143760        2.70339361263557        2.63326383357675
H            1.28809382043210        2.93641890252706        1.69836667411916
H            0.24719541262095        2.65908548540241        2.80550984985215
O            3.05024644118706       -2.94591275965095       -1.98132210611940
H            3.69659941887311       -3.46514706478182       -2.46361383936227
H            3.43577389036414       -2.78571896005286       -1.08676007971545
O            3.90070832470772       -2.57611337468003        0.54506095087565
H            3.15931796224860       -2.76918763628731        1.14254367213513
H            4.23600302748726       -1.71320966808211        0.79577243620841
60
 energy: -101.728771546827 gnorm: 0.015699074425 xtb: 6.7.1 (edcfbbe)
O           -1.52350352625584       -2.10231792982344       -2.59543106347107
H           -2.12547348944491       -2.57952373836655       -3.16592937123063
H           -1.76561627944829       -1.15171403790581       -2.65456529891820
O           -2.33546210625367       -2.17237486357719        0.10727561384311
H           -2.46349197333117       -1.21458525102849        0.16874998205990
H           -1.81708094721120       -2.32008382132664       -0.70035882774575
O           -1.10476551119657       -2.64818964692691        2.38144531460545
H           -1.51517433688326       -2.52639006133215        1.48445668297349
H           -1.62681327284468       -3.31552875688989        2.82886989135084
O           -1.90606140336817        0.57819535406396       -2.46778296143638
H           -0.91870229557890        0.67148745572838       -2.52751767045499
H           -2.08500534950460        0.54462784923071       -1.49656606948035
O           -2.02257953088320        0.61435114926932        0.18365235689428
H           -1.06118396428667        0.39316117351787        0.27615576687406
H           -2.05457056328007        1.58013343548076        0.28598318647760
O           -1.06001172460927       -0.15794747646319        3.63860462887524
H           -1.26029766654567       -0.96946759805450        3.14273995125531
H           -1.45718006474581        0.59060664327353        3.17468453835542
O           -2.10196184113056        3.22564791405373       -2.55770023517281
H           -2.13175259801825        2.23942729902046       -2.64038120384995
H           -2.94407887315374        3.56194451686076       -2.85598876651887
O           -1.54983037015051        3.34296530432479        0.13220928773465
H           -1.79243962833391        3.40732938248362       -0.80957483168555
H           -0.57944504456432        3.46920693455442        0.14319702159090
O           -1.62054895366562        2.54936229285539        2.73823821640104
H           -2.10553966614799        3.13239417047149        3.32368224834384
H           -1.71994162819408        2.90286585607896        1.83702877253249
O            1.07303585907016       -1.59646498392034       -3.50236872736833
H            0.24420080043097       -1.96805021524222       -3.14779299524156
H            1.80156909044212       -2.07101851912979       -3.07789106466742
O            0.66643306657793       -2.55940714908364       -0.47444713603543
H            1.01097276687463       -2.79511378296729        0.40104273332753
H            1.35592148220279       -2.77958745882066       -1.10093302331477
O            1.62512431557593       -2.59518155572929        2.11689661035872
H            0.70205876137658       -2.79205459692581        2.35563849994614
H            1.74579307283169       -1.67515143773819        2.40973236396677
O            0.72482861284136        0.77441991515407       -2.38057640858796
H            0.97725080472972       -0.04874832447464       -2.86054030713553
H            0.82711171415171        0.59138107809040       -1.42806200057899
O            0.53838320643441        0.00936570688482        0.21199601397597
H            0.54187992062784       -0.94417345947746       -0.04468616873490
H            0.91898817182350        0.05061026660999        1.12038615926172
O            1.44291686692734        0.05427506902017        2.73618213616071
H            0.59271063531338       -0.06734051553876        3.22013941447192
H            1.60784143736395        1.01796042657128        2.80312548395347
O            0.75960390783441        3.44951480139138       -2.59747517038715
H            0.90093390054275        2.48886926094072       -2.69785319808046
H           -0.19715987471451        3.57629955291375       -2.70878226154806
O            1.14772494202041        3.70291608453810       -0.01626793726307
H            1.10555217076897        3.57423295466753       -1.00152926608118
H            1.60418430708661        4.53010535087606        0.12176202639261
O            1.19971820194693        2.70816785779357        2.63411112653775
H            1.28021214547452        2.93931305622909        1.69795067388201
H            0.24576390146660        2.65509636598642        2.81013136176880
O            3.03272797665876       -2.93142938803268       -1.95211839077174
H            3.68901648640143       -3.45143173238893       -2.42727902175288
H            3.42744321404886       -2.75286334519826       -1.06516090110314
O            3.91342672519099       -2.55370879026192        0.56666664453798
H            3.16521005625554       -2.75021627705993        1.16171084577453
H            4.24019649240993       -1.68949450522324        0.82702984411431
60
 energy: -101.729292700952 gnorm: 0.013102532557 xtb: 6.7.1 (edcfbbe)
O           -1.53358531527026       -2.08828933559492       -2.61552091670371
H           -2.14503191200036       -2.55844276399934       -3.18002036089436
H           -1.76878523298777       -1.13574753372865       -2.66964659001585
O           -2.31799774749296       -2.16018008000409        0.10125069966924
H           -2.43479907787610       -1.20082711035519        0.15964398667869
H           -1.79667485353403       -2.31606597986690       -0.70303204754327
O           -1.10191499477484       -2.67174673492925        2.37179431552843
H           -1.50782747014566       -2.53401446871035        1.47344537330781
H           -1.62078286725619       -3.35445480372558        2.79954375768842
O           -1.90297617143066        0.59237093952384       -2.47866353217938
H           -0.91664671241344        0.68370504285527       -2.55157245089170
H           -2.06789421996487        0.55493827609772       -1.50406729236066
O           -1.99342352313369        0.61906824317907        0.16922643663590
H           -1.03121932852311        0.39714394031678        0.25599241107226
H           -2.02978484295405        1.58163038017448        0.29027194309959
O           -1.04167195614246       -0.18639097462110        3.62599030790144
H           -1.24294202194754       -1.00372462369432        3.13879747069080
H           -1.45086065324822        0.55600505143698        3.16227278628104
O           -2.12233782568889        3.23937769083184       -2.52894046785194
H           -2.14122383747684        2.25311296679880       -2.61837652196840
H           -2.95854548963802        3.56935424046160       -2.85455571945645
O           -1.55759115050941        3.35411950063289        0.15912713100081
H           -1.81712037523858        3.42765886612168       -0.77764173378125
H           -0.58643151760375        3.48024528257129        0.15605150728547
O           -1.61847363109380        2.52842602655326        2.75154157675289
H           -2.10693621301794        3.10029778647494        3.34431198423811
H           -1.72218659640096        2.89176517871328        1.85485437764917
O            1.06932450770908       -1.61555012126462       -3.51205281403199
H            0.23577787771524       -1.97590419252303       -3.16054022530982
H            1.79067471262425       -2.07717926317380       -3.06069370658478
O            0.63126373530803       -2.57762975789635       -0.45456022138954
H            0.99092944839133       -2.80727630763212        0.41853114965722
H            1.32142637149609       -2.78922130589199       -1.08852573068378
O            1.62420168742115       -2.60119336957723        2.12400756741422
H            0.70018543999926       -2.79461303675935        2.36391598770797
H            1.74560446475681       -1.67800282125336        2.40641338245871
O            0.73204705102281        0.76564921235186       -2.40971556806514
H            0.97789822017172       -0.05867441169563       -2.89040140086081
H            0.84135534497626        0.58098323682615       -1.45850998871252
O            0.56083541169736        0.00659904876694        0.18852835220126
H            0.55274205401821       -0.94784925010390       -0.06064018404506
H            0.94150918573735        0.05051474634408        1.09732765542656
O            1.45020094596419        0.05847173280401        2.71191934448899
H            0.59833829854712       -0.06931979060915        3.19352863724576
H            1.61060734203759        1.02274034701371        2.78522811851542
O            0.75375881661229        3.44168797363757       -2.59999828842958
H            0.88922074660100        2.48745829929414       -2.71240543069040
H           -0.19536723772308        3.57579441815395       -2.71211214107088
O            1.14153011734653        3.69516059675557       -0.01600230876050
H            1.09619805322697        3.56226506215685       -1.00103206376567
H            1.58630118423914        4.53394024484792        0.11617715754274
O            1.19757255858568        2.71135115208153        2.63743672100863
H            1.27350206369811        2.94216909927545        1.70073653381619
H            0.24439086866164        2.65141525640430        2.81653134668988
O            3.02751057081371       -2.89416807713858       -1.91186593956229
H            3.65502666956340       -3.44408760526862       -2.37691281413109
H            3.42180866319639       -2.72059617455149       -1.02939329601393
O            3.92454227920802       -2.52739208567058        0.59758267537563
H            3.16657154522360       -2.72064968857854        1.18852998962577
H            4.24123906887281       -1.65955291061253        0.86280419108122
60
 energy: -101.729614483935 gnorm: 0.016151847360 xtb: 6.7.1 (edcfbbe)
O           -1.54162120656159       -2.07168652054100       -2.64138625216564
H           -2.17907117568811       -2.53314209623923       -3.19098358030089
H           -1.77210553034336       -1.11677779504901       -2.68299696114205
O           -2.30035585026483       -2.14545406185666        0.09234546293065
H           -2.39510654243311       -1.18292454908674        0.14838268554093
H           -1.77212884131597       -2.31374138034995       -0.70580446632545
O           -1.10013880428129       -2.70351503828337        2.35778682279422
H           -1.50255924112470       -2.54695319606034        1.45917138509531
H           -1.61576763798834       -3.40039559244886        2.76477791991832
O           -1.89902069748446        0.61205724506668       -2.49036170581192
H           -0.91298617156138        0.69494912846573       -2.57993914341014
H           -2.04494930495812        0.56571499432677       -1.51132882124302
O           -1.95682349580394        0.62671286836959        0.15462103314075
H           -0.99382797532288        0.40111874984574        0.23443800629857
H           -1.99403082191463        1.58507258225887        0.29866982562765
O           -1.01751110855078       -0.22518093165362        3.60865116474077
H           -1.22820301135828       -1.04724623553437        3.13232118777043
H           -1.44721309669626        0.51135551917619        3.15239416520672
O           -2.13469483273345        3.26227299925923       -2.49461936037340
H           -2.13003481274028        2.27580659662271       -2.60059407285985
H           -2.96243520061467        3.57932960980397       -2.85589965507701
O           -1.56946600785868        3.37049403893356        0.19088999209844
H           -1.84540027515359        3.45605749059737       -0.74061962023502
H           -0.59775551051254        3.49514225596595        0.17555542150076
O           -1.61547924895597        2.49847164851721        2.76724148163053
H           -2.10588691842772        3.05578206204877        3.37278936440927
H           -1.72758142970780        2.87687884138012        1.87707573258575
O            1.06459638276639       -1.63861460085719       -3.52794739591636
H            0.22464501919373       -1.98459328417457       -3.18026187628443
H            1.77623228442479       -2.08545596160022       -3.04290106336718
O            0.59978540231031       -2.59386372252084       -0.42892248011658
H            0.97969227401707       -2.82127167023704        0.43949661472180
H            1.28468442461966       -2.80747170848080       -1.08101934549763
O            1.62453593971584       -2.60691440628598        2.13420621915065
H            0.70013101673426       -2.80012038764571        2.37643081003914
H            1.74360379744306       -1.68042107873007        2.40749486160714
O            0.74398999773905        0.75751670738035       -2.45332601146305
H            0.97908914785580       -0.07036134815733       -2.93380516122202
H            0.85970389685876        0.57049215416445       -1.50348825687031
O            0.59147181640950        0.00521294994599        0.15382121238365
H            0.56471864461394       -0.95207563453975       -0.08031581661922
H            0.97630822685104        0.05855024676581        1.05954155682608
O            1.45870448266629        0.06311949999791        2.67865279920442
H            0.60663617062664       -0.07162492706044        3.16001630762603
H            1.61625847706261        1.02742717981981        2.76303704210791
O            0.71918171331575        3.44499291326376       -2.60094981164243
H            0.89896627594110        2.48801405595516       -2.73770497824585
H           -0.24509626456159        3.54966794852896       -2.69448392549655
O            1.12875594799413        3.69083729886406       -0.01502889410138
H            1.08148008400096        3.55089702270000       -0.99955796194389
H            1.57207399277517        4.52967570438839        0.11120603069485
O            1.19512899732199        2.71221504906664        2.63882403086270
H            1.26547045311604        2.95000138892712        1.70324530209747
H            0.24339520027411        2.64767858296208        2.82317157096081
O            3.00342067397747       -2.86572844042679       -1.86014426730498
H            3.61831561540056       -3.43726867095147       -2.31136790429563
H            3.40822192526318       -2.66938508001963       -0.98600362188104
O            3.91269380264033       -2.47766870529422        0.63189833494817
H            3.18351147981036       -2.69246934987330        1.23630644089345
H            4.24490998113189       -1.62451369938375        0.91321674578161
60
 energy: -101.730016348227 gnorm: 0.009909526935 xtb: 6.7.1 (edcfbbe)
O           -1.54645951710084       -2.06731778472412       -2.64945740456463
H           -2.18434996216515       -2.52492250513496       -3.19770509155655
H           -1.77516234606025       -1.11199163270792       -2.68866428979246
O           -2.29455928785900       -2.13782439457298        0.09022321791639
H           -2.37497992680416       -1.17327003866806        0.14406050440322
H           -1.76023916937292       -2.31400656823503       -0.70169155761705
O           -1.10698107075649       -2.71753609698103        2.35418093442682
H           -1.50436874747314       -2.55209932102599        1.45447403666384
H           -1.62005557647965       -3.42398888676978        2.74752168229648
O           -1.89617244758128        0.61848209412883       -2.49673369930705
H           -0.91110646046066        0.69638295134605       -2.59363796045058
H           -2.03449040061331        0.57142310847067       -1.51654803643651
O           -1.93146128827217        0.62945285100900        0.14639384598070
H           -0.96513814027592        0.41051647807177        0.21691739000632
H           -1.97711663925304        1.58705660322900        0.30079737451655
O           -1.00352925977161       -0.24418154261235        3.60176805049225
H           -1.21733386409465       -1.06782420089531        3.13000787181522
H           -1.44083435427873        0.48947590956868        3.14953886727034
O           -2.14516057134381        3.26759366848108       -2.47719939065491
H           -2.13237417072103        2.28137419665755       -2.59052189741103
H           -2.96141837180201        3.57975931493806       -2.87114128039403
O           -1.57766073670004        3.37893115224718        0.20698878536803
H           -1.86120598717991        3.46884680074950       -0.72167382542819
H           -0.60616339356576        3.50304781112506        0.18569822886082
O           -1.61741145066266        2.48176342204667        2.77439862716656
H           -2.10700099626310        3.03258809221932        3.38590020244913
H           -1.73144558804773        2.86900861271018        1.88812709063569
O            1.06269946466230       -1.64795179775815       -3.52785712963556
H            0.21864646031939       -1.99035736331935       -3.18712420655251
H            1.76690452357755       -2.09173781753245       -3.04045287322981
O            0.59768270920253       -2.60313067624576       -0.41965670344150
H            0.95938276639604       -2.82542524330047        0.45413866287040
H            1.29903862353768       -2.80735137794218       -1.05218310441624
O            1.61651794841094       -2.60893949624510        2.14668987951538
H            0.69191290311653       -2.80039072903424        2.38820522404529
H            1.73442228165112       -1.67982166243779        2.41150367105003
O            0.74569005412791        0.75477002241161       -2.47206238526440
H            0.97982345059853       -0.07357710698809       -2.95194723508069
H            0.86687409524929        0.56784521111047       -1.52285722140171
O            0.61299389590613       -0.00281272124592        0.13331915989979
H            0.57075291494877       -0.96440825083652       -0.08717606059645
H            0.99440670669735        0.05646878139095        1.04036020160206
O            1.46551227679882        0.06792450654676        2.66099423883276
H            0.61227301018349       -0.07025154710426        3.13972367840885
H            1.61955546611946        1.03250283642511        2.74907378616471
O            0.71417265577073        3.44092601830783       -2.60169074637147
H            0.87415521398505        2.48984844147424       -2.74319297600454
H           -0.23699023769164        3.56075673935144       -2.70495872336357
O            1.11804510660618        3.69221956057252       -0.01608351675033
H            1.07307830038839        3.55058180427166       -0.99997937227949
H            1.56944840360692        4.52266836015142        0.11023340912199
O            1.19177115995718        2.71640485165418        2.63896675868604
H            1.25762143114201        2.95569045254894        1.70348992138678
H            0.24092027768713        2.64463996719004        2.82646293321242
O            2.98806446357528       -2.85196203751266       -1.84610800605109
H            3.60281656584007       -3.44084361066643       -2.28093313643297
H            3.38584118471257       -2.64073606774950       -0.97096432744173
O            3.91723541294751       -2.44964278545603        0.64425713591696
H            3.19336633542908       -2.68928518926930        1.24571817980588
H            4.24260642945116       -1.59868690740769        0.94598372712198
60
 energy: -101.730085815164 gnorm: 0.017662087883 xtb: 6.7.1 (edcfbbe)
O           -1.55230401007232       -2.06099241257353       -2.65748476368656
H           -2.19164170917405       -2.51617114191304       -3.20239137072612
H           -1.77925229692212       -1.10579844856813       -2.69554518946661
O           -2.29009237445535       -2.12924509411120        0.08715861159587
H           -2.35560150905898       -1.16336855761881        0.14172766433455
H           -1.75150212806670       -2.31205769677883       -0.69982474477785
O           -1.11427897923110       -2.73894560395696        2.34895764754352
H           -1.50838963629427       -2.56321196801179        1.44979341632575
H           -1.62585633239496       -3.45176574155793        2.73089595441461
O           -1.89018595687969        0.62873661982250       -2.50148612989442
H           -0.90635547674993        0.70162955306332       -2.60468675365488
H           -2.02339580346005        0.58237752858990       -1.52136686567509
O           -1.90426153019072        0.63262157363295        0.14160614175648
H           -0.93467783941799        0.42120349828015        0.20148346506209
H           -1.95639369721616        1.58937421755096        0.29828886568471
O           -0.98931929992266       -0.26680698882222        3.59331552648890
H           -1.20724244786959       -1.09155553806026        3.12611696678607
H           -1.43570768240944        0.46401889379338        3.14726331806147
O           -2.14695445743104        3.27451957031374       -2.46246116881709
H           -2.13724273871427        2.28905191981165       -2.57432174084692
H           -2.94147157185919        3.58697215053446       -2.89456192959399
O           -1.58337026585920        3.38474771962555        0.22375173196135
H           -1.87177105173002        3.47935528010857       -0.70216572595332
H           -0.61217395744364        3.50752256849915        0.19764156264628
O           -1.61962826493566        2.46062792215786        2.78305955332334
H           -2.10708114378475        3.00372845603119        3.40343367488713
H           -1.73677174228857        2.85948275915712        1.90204420085321
O            1.06205822911579       -1.65978105400557       -3.54498558072917
H            0.20755936804481       -1.98773186803793       -3.20797788719921
H            1.75907764766851       -2.09228731799587       -3.01823619148289
O            0.59716310801719       -2.61184842572565       -0.41249838166357
H            0.94981838992779       -2.82656196024403        0.46611918319892
H            1.30762733404343       -2.80910418731956       -1.03458108485626
O            1.61263852668501       -2.61157876770209        2.15944312340256
H            0.68907580672625       -2.80562360234874        2.40210505628318
H            1.72624063974719       -1.67950647734789        2.41624385110957
O            0.75052194434248        0.75044276923892       -2.49778449890674
H            0.97910161289973       -0.07906430962943       -2.98024724687886
H            0.87947054252053        0.56134452138280       -1.54963483924602
O            0.63712452455046       -0.00879882487427        0.10743117243615
H            0.58182170705198       -0.97230448040509       -0.10278349980947
H            1.01554652754516        0.05409462232582        1.01466947834594
O            1.47346680809374        0.07076554075751        2.64202403632728
H            0.61909509733750       -0.07321276314044        3.11721348147633
H            1.62310562480056        1.03551449975361        2.73595268471922
O            0.69837952370548        3.44045276353614       -2.60345157622703
H            0.85064451662379        2.49434042759881       -2.74705195612440
H           -0.25722064007692        3.56338428931986       -2.68703415469123
O            1.11678317316955        3.68110409327173       -0.01631636661997
H            1.05978537019157        3.54551128140329       -1.00144330483175
H            1.54135380883468        4.54163230648511        0.09890820907324
O            1.18893488951002        2.71940405093870        2.63961428667758
H            1.25175943109283        2.96045660331171        1.70473066348272
H            0.23883686910623        2.63714636901100        2.82823814237088
O            2.96993212048903       -2.84266611362237       -1.81380071826904
H            3.58591036802487       -3.43908239950564       -2.24206895237884
H            3.37674366738888       -2.61223298209710       -0.94512052016989
O            3.92357432912903       -2.42033396856422        0.66394638669594
H            3.18717213624220       -2.67593648559847        1.25029725132243
H            4.23288343123417       -1.56731392914448        0.98375295451304
60
 energy: -101.730394317523 gnorm: 0.007543902772 xtb: 6.7.1 (edcfbbe)
O           -1.55117137900567       -2.06319360043811       -2.65862012813419
H           -2.19352392286274       -2.51848933295937       -3.19998493681593
H           -1.77815866036130       -1.10842638207712       -2.69661606096113
O           -2.28973613611418       -2.12292964209249        0.08809411861767
H           -2.34589781831745       -1.15679724020588        0.14157890439271
H           -1.74909974233302       -2.31183705018651       -0.69573118435807
O           -1.12531001574339       -2.74859216254596        2.35034107735732
H           -1.51722970603451       -2.56613587739988        1.45182634697318
H           -1.63699155653771       -3.46391051231117        2.72504649191050
O           -1.88744325153064        0.62891522975559       -2.50399008022608
H           -0.90497487886866        0.70106480390676       -2.61169361520962
H           -2.01670587065175        0.58184916750528       -1.52388335270279
O           -1.88695305335926        0.63368425306567        0.13856041718728
H           -0.91630102639038        0.42528541868231        0.19340220718891
H           -1.94142052239534        1.58972240179681        0.29601036192460
O           -0.98117328148963       -0.27508410778623        3.58947998771815
H           -1.20451265472395       -1.10123368645681        3.12743865821523
H           -1.43540437142672        0.45333235848647        3.14830273764348
O           -2.15176290953565        3.27266268544916       -2.45810005825102
H           -2.14387136814150        2.28768999699274       -2.56541989272111
H           -2.92756920175626        3.58434530015259       -2.92544934726606
O           -1.59024434314118        3.38754746706387        0.23088811133084
H           -1.88180247247665        3.48305692030913       -0.69296836996677
H           -0.62046878220010        3.51496518537460        0.20219770909439
O           -1.62314927413535        2.45047592491685        2.78629897701120
H           -2.11019108472488        2.99028331807923        3.40836668564938
H           -1.74286686682013        2.85131017491091        1.90769515639481
O            1.05978307804675       -1.66282018020337       -3.54182883458777
H            0.20967367894522       -1.99310779579089       -3.20313066085797
H            1.75516947868159       -2.09149779936826       -3.02571257961436
O            0.60001671107712       -2.61523540026122       -0.40049065685537
H            0.95138108084862       -2.82488617759107        0.48178907894079
H            1.31528608664595       -2.80797545802418       -1.02102516498822
O            1.60696511581392       -2.61526796737659        2.17360231814778
H            0.68366157377285       -2.80793069891324        2.41689601171544
H            1.72013077333874       -1.68164152815142        2.42403988792598
O            0.75116326335339        0.75299570265691       -2.51155398632459
H            0.97976143058298       -0.07769176400346       -2.99200064275546
H            0.88396731718035        0.56461429198922       -1.56366808000207
O            0.65208677080150       -0.00954921602275        0.09248511454353
H            0.59349906923381       -0.97125387962439       -0.11524655094947
H            1.02956195700049        0.05402290371425        0.99930633732126
O            1.47687182668947        0.07360926970149        2.63204808354643
H            0.62185704609116       -0.07263795576007        3.10498679932027
H            1.62420298182123        1.03821749658655        2.72863388797376
O            0.69133495345412        3.44429919830910       -2.60091429367283
H            0.84778517586531        2.49702909552862       -2.75136638810874
H           -0.26757719261251        3.56472913097098       -2.67838892561388
O            1.10485528520156        3.68834759604967       -0.01616244490060
H            1.05414903772798        3.54465717598050       -0.99955594566800
H            1.55601877436255        4.52405097911616        0.10025317384989
O            1.18430298820321        2.72217119611665        2.63940961577689
H            1.24479778183163        2.96678173008595        1.70532502488434
H            0.23509406507437        2.63436375221974        2.82933486529965
O            2.97459096008959       -2.82677933164128       -1.80957299746823
H            3.57246290160551       -3.44237982996297       -2.23492226042829
H            3.38320849522751       -2.60135166345694       -0.94510566921534
O            3.91694515595946       -2.40557606224616        0.66949710943810
H            3.17922980171751       -2.66076949988274        1.25438658906293
H            4.22475925739545       -1.55442306270816        0.99149638225076
60
 energy: -101.730529976352 gnorm: 0.009426679479 xtb: 6.7.1 (edcfbbe)
O           -1.54777212384278       -2.06288127870273       -2.66212387625056
H           -2.20297260994601       -2.51978210269228       -3.19298562397459
H           -1.77584211708566       -1.10846923146257       -2.69796521226608
O           -2.28819963276043       -2.11559896088659        0.08874566472961
H           -2.33369724277579       -1.14927301645175        0.14491210386681
H           -1.74709983222244       -2.30879878787986       -0.69318916102642
O           -1.13701051789593       -2.76304115492961        2.35332441658707
H           -1.52340299975339       -2.56890663941904        1.45445637728331
H           -1.64920472651806       -3.48665472088101        2.71480673186632
O           -1.88726092914190        0.63227747719115       -2.50556189111419
H           -0.90503138394534        0.70138473687543       -2.62247747055358
H           -2.00722824395226        0.57921789019167       -1.52405825236947
O           -1.86476580408211        0.63539226523952        0.13695294932940
H           -0.89385173074242        0.42772181891145        0.18516596813188
H           -1.92050211816894        1.59134992075199        0.29969035430822
O           -0.97075682463439       -0.28647894593163        3.58336620746045
H           -1.20161892302860       -1.11514590977471        3.12921887554368
H           -1.43582299793527        0.43876041871731        3.14802718888249
O           -2.14798992974357        3.27479736384690       -2.45927083675745
H           -2.14154489863838        2.28932840614898       -2.56452422689603
H           -2.91157479519688        3.59023069718083       -2.94764474512735
O           -1.59715134361350        3.38838614508005        0.23920337236989
H           -1.89200724247878        3.48708421937339       -0.68258150277544
H           -0.62844296310673        3.52185423985358        0.20816881053794
O           -1.62572805080194        2.43614356631100        2.79092061442243
H           -2.11261525455015        2.96771207728001        3.42209866509257
H           -1.75242262672591        2.84542867832922        1.91655629089575
O            1.06109597040400       -1.66886279809656       -3.54934513500704
H            0.20985168830432       -1.99564919947410       -3.21051508701578
H            1.75363762870425       -2.08891724998591       -3.02251630286202
O            0.60238808767051       -2.61775298649485       -0.39314476012841
H            0.94092754514359       -2.82417775270448        0.49446372249252
H            1.32699610265241       -2.80749815174556       -1.00260618001098
O            1.60066384595971       -2.61841628401044        2.18283585382012
H            0.67945678261937       -2.81621868783937        2.43048469720893
H            1.71133909790563       -1.68500961015000        2.43270628640789
O            0.75233908122510        0.75276174297483       -2.53416706658008
H            0.98114764161252       -0.07858795288132       -3.01303608379456
H            0.89230295005386        0.56590971156576       -1.58683363036663
O            0.67479434341081       -0.00798645081621        0.07094142225992
H            0.60330972515798       -0.97375216508409       -0.12445488959471
H            1.04938734427219        0.06093728103376        0.97821818568186
O            1.48127872099416        0.07451605084027        2.61870280714044
H            0.62586332385274       -0.07377206161015        3.08964643251404
H            1.62778339822021        1.03849906535917        2.72008179380472
O            0.67360517069573        3.44856708554701       -2.59087822939424
H            0.83694068342058        2.49950994997821       -2.75836326763288
H           -0.28233756789806        3.56474498558485       -2.67370011118543
O            1.09428632236798        3.69324017966339       -0.01205551688466
H            1.04106539543002        3.54457476799554       -0.99464275796696
H            1.55776972286541        4.52044057066996        0.09916469062141
O            1.17998233483930        2.72238919251929        2.64004689685795
H            1.23868652715582        2.97185341861079        1.70710838365873
H            0.23182241443377        2.62878782576658        2.83040235730464
O            2.97715757599931       -2.81618463562660       -1.79953154426820
H            3.55601987871832       -3.45529614606210       -2.21549229907372
H            3.39712022242539       -2.57632682784059       -0.94179334097224
O            3.90434202004942       -2.38393641084708        0.68153129840618
H            3.17377585953523       -2.64048674459985        1.26860682329170
H            4.20978055503531       -1.53326362448656        1.00081787905463
60
 energy: -101.730675496095 gnorm: 0.007605813764 xtb: 6.7.1 (edcfbbe)
O           -1.54591556228622       -2.06687231079086       -2.65657832811047
H           -2.19434102588301       -2.52783376438905       -3.18650864113025
H           -1.77474611113666       -1.11365102400931       -2.69810962302835
O           -2.29100538596002       -2.10890958393086        0.09280769418032
H           -2.32462703940002       -1.14243935482563        0.15376011414845
H           -1.75059757878357       -2.30579941305646       -0.68787716162515
O           -1.15223458867653       -2.77609210355210        2.35957939357943
H           -1.53621629413563       -2.57597529418202        1.46248748703499
H           -1.66628044639704       -3.49994993370024        2.71468808409338
O           -1.88921753446182        0.63095204938816       -2.50485334642765
H           -0.90783394888883        0.70048687010117       -2.63065268108144
H           -2.00119620898026        0.57559017145618       -1.52284973272367
O           -1.84408624951517        0.63574373452470        0.13828878342857
H           -0.87325761429075        0.42887879050385        0.17847387249422
H           -1.89981918432645        1.59249764142465        0.30068981084027
O           -0.96357230491441       -0.29391670367435        3.57842532358546
H           -1.20214524058571       -1.12459069064336        3.13218646389054
H           -1.43705845830371        0.42889871086523        3.14920825065568
O           -2.14822467937451        3.27358144543339       -2.46370260682654
H           -2.13405778876098        2.28721917811121       -2.57265042808600
H           -2.89248809645735        3.59059272825592       -2.98037882070997
O           -1.60281294264978        3.38588791461805        0.24350285364526
H           -1.89898685358635        3.48811487313598       -0.67664579688252
H           -0.63501401267539        3.52558240854358        0.21222211045153
O           -1.63236803390992        2.42391100891830        2.79487079556291
H           -2.11742114745921        2.95116376033380        3.42997571820916
H           -1.76358135894664        2.83615827852147        1.92382299729567
O            1.06233620797676       -1.67179663625021       -3.55472141534204
H            0.21148274153399       -1.99718695458787       -3.21376282576108
H            1.75376609364942       -2.08277027287900       -3.02124235137556
O            0.61384670250423       -2.61369989447252       -0.38449498646416
H            0.94269741096569       -2.82026095413550        0.50797521033385
H            1.34350097842173       -2.80865606488074       -0.98977769625040
O            1.59076759193217       -2.62194820745863        2.19648422287333
H            0.67216457007002       -2.82575840193654        2.44719941499654
H            1.69814329985886       -1.68794659822308        2.44428947136752
O            0.74971369327697        0.75546351257381       -2.55368615301261
H            0.97996285943341       -0.07550261586719       -3.03265237266908
H            0.89875978458302        0.56930657817074       -1.60735090808549
O            0.69720583675363       -0.00316605540477        0.05189794282599
H            0.62187427046948       -0.96865234453551       -0.13836150808736
H            1.06884386693460        0.06762443554320        0.95965504884982
O            1.48444076048545        0.07531249303832        2.60878884563044
H            0.62838847664099       -0.07370750597588        3.07730204237180
H            1.63102716297876        1.03837687145116        2.71456481245965
O            0.66435256477183        3.45169424203918       -2.58691576701311
H            0.82569187529321        2.50338605967067       -2.75322779035207
H           -0.29626279849532        3.56468344396018       -2.65975308836794
O            1.08744068751439        3.69654454889845       -0.01073473263704
H            1.03075240186765        3.54653488669854       -0.99334166794862
H            1.56155339225410        4.51884847057196        0.09592790448957
O            1.17341787760226        2.72210386292615        2.64003914794622
H            1.23032454046818        2.97686513972839        1.70832839722500
H            0.22638983453912        2.62326095336671        2.83065868702849
O            2.98580733388006       -2.80626580342484       -1.79839993111591
H            3.55143729072325       -3.46413551594217       -2.20750725032571
H            3.40882430801646       -2.56430609316822       -0.94487361599611
O            3.89481075948258       -2.36203846406852        0.68875183315341
H            3.16588229955195       -2.63025856817261        1.27091954042202
H            4.18282354475552       -1.50450267461205        1.00975407235097
60
 energy: -101.730765518087 gnorm: 0.008055698929 xtb: 6.7.1 (edcfbbe)
O           -1.53834931183587       -2.07031508890432       -2.65405955551696
H           -2.19816937097324       -2.53667699754555       -3.17206912396508
H           -1.77448377839293       -1.11854810071339       -2.69238098849753
O           -2.28970225734102       -2.10309039645212        0.09711715716862
H           -2.31584196209965       -1.13734569717895        0.16586343676214
H           -1.75236974923196       -2.29894462752688       -0.68519328637849
O           -1.16567853747498       -2.79213535354507        2.36840941919741
H           -1.54412565230114       -2.58226879308135        1.47179206992871
H           -1.68436400692853       -3.51833607406614        2.71358590846838
O           -1.88747873369504        0.62982356659820       -2.50380578718456
H           -0.90710595678454        0.70140391167304       -2.63605860025481
H           -1.99511139239946        0.57704899103096       -1.52256782798894
O           -1.82287945622610        0.63416101528541        0.14028760752442
H           -0.85180872271549        0.43041899287416        0.16994072615851
H           -1.88026418603394        1.59248199282910        0.29669491140837
O           -0.95739436995999       -0.30224864445670        3.57269393651100
H           -1.20105883535370       -1.13547005536321        3.13479293464783
H           -1.43627333816135        0.41845285630508        3.14739923468888
O           -2.14427276365885        3.27142396258053       -2.47625988229247
H           -2.14294448385822        2.28376990398313       -2.57012471258737
H           -2.87228866537009        3.59832208320373       -3.00324810638829
O           -1.61007136078594        3.38227851062911        0.24540444055122
H           -1.90389227669953        3.48650460522177       -0.67461608130759
H           -0.64247932831676        3.52843831536460        0.21734814017894
O           -1.64078603940565        2.41147689883077        2.79959054936874
H           -2.12298270218074        2.93278894339302        3.44174719849314
H           -1.77759908351323        2.82946837325791        1.93256084432127
O            1.06614143229877       -1.67601262952413       -3.56527277737308
H            0.21617530031258       -1.99968586424245       -3.22011573625724
H            1.75813881466020       -2.07398230468505       -3.01933940955552
O            0.62213119460959       -2.60945832606625       -0.38176189348432
H            0.94337953394429       -2.81557254250334        0.51499034566028
H            1.35530544717493       -2.80819008153210       -0.98243759895888
O            1.57962395020752       -2.62790513016718        2.20691184744481
H            0.66447348775812       -2.83631089935432        2.46035894305743
H            1.68493792456867       -1.69159529611237        2.44808714384021
O            0.74944700782812        0.75772638113873       -2.57455791166161
H            0.97892321098767       -0.07331247813026       -3.05449160750519
H            0.90762974964463        0.57259757721254       -1.62957284315481
O            0.72259696067163        0.00355879236244        0.03294756866940
H            0.64583868400007       -0.96136471989334       -0.15515734176951
H            1.08863099511437        0.07288132716605        0.94297268643493
O            1.48892383533433        0.07420515867728        2.59952386979157
H            0.63117415684134       -0.07549989269621        3.06447270417816
H            1.63539562186583        1.03649495334724        2.70920791877073
O            0.65617853855380        3.45316767310421       -2.58075556742850
H            0.81542068701901        2.50701599952510       -2.74685918645549
H           -0.30687307784567        3.56220843247998       -2.64604491037529
O            1.07809846859656        3.70329370202046       -0.00881016955217
H            1.01663264907219        3.55411360581796       -0.99201977255523
H            1.56214820480267        4.52135573713466        0.09478118184666
O            1.16664311117289        2.72067657784190        2.63939635271272
H            1.22084337652241        2.97902617981807        1.70844670532348
H            0.22044839090703        2.61408094362100        2.83014827254562
O            2.99361371854387       -2.79945560048525       -1.79133847750998
H            3.55247080196375       -3.46704270178667       -2.19428290372928
H            3.41635929828025       -2.55896952650775       -0.94029026518971
O            3.88623753926975       -2.33467709633120        0.69847048089338
H            3.15576871740086       -2.62132527099744        1.27112950512405
H            4.14998111956335       -1.46825051445744        1.02233340319106
60
 energy: -101.730831670514 gnorm: 0.007618352074 xtb: 6.7.1 (edcfbbe)
O           -1.53885787316885       -2.07139789612842       -2.64871240063606
H           -2.18574144240570       -2.54049330815756       -3.16978658018010
H           -1.77504155732612       -1.12016657375370       -2.69245799077641
O           -2.28694637895300       -2.09756664931349        0.10209292423369
H           -2.30213816395480       -1.13097077324996        0.17421377835443
H           -1.75078931322764       -2.29652584408587       -0.68059835785427
O           -1.17538349404374       -2.80613332720570        2.37515662126098
H           -1.54904814141873       -2.58871444572464        1.47849369634400
H           -1.69857348468061       -3.53340434576453        2.71173910687201
O           -1.88659486780081        0.62900119655472       -2.50492363350684
H           -0.90700714297676        0.70195883798842       -2.64444403743905
H           -1.98712620453802        0.57705366808524       -1.52290417344350
O           -1.80193459638359        0.63309172917188        0.13926037279658
H           -0.83024869049427        0.43332434598352        0.16034184829502
H           -1.86322624460403        1.59173416181728        0.29305362141826
O           -0.95014227209716       -0.31102769496944        3.56624866892478
H           -1.19775954460968       -1.14773766520273        3.13712919842599
H           -1.43542966941450        0.40702514250798        3.14281751326092
O           -2.15412579532608        3.26985111744129       -2.47402520610488
H           -2.15416129127572        2.28146698451208       -2.56795330433211
H           -2.86453496575459        3.60313654716040       -3.02212709205091
O           -1.61666943471120        3.38125668337694        0.25045546441665
H           -1.91318104626182        3.48967991241462       -0.66838959123287
H           -0.64895064656009        3.53223292897398        0.22206353608436
O           -1.64810883691932        2.40168674485950        2.80514759839850
H           -2.12928279015884        2.91702991644665        3.45265795287811
H           -1.78882637903991        2.82453769137838        1.94140732350222
O            1.06876695151698       -1.68169264415635       -3.56883216734228
H            0.21809563032650       -2.00307488364470       -3.22203020064891
H            1.75874206172292       -2.07328594731491       -3.01941890088883
O            0.62142258237426       -2.60744557471206       -0.37975288876980
H            0.93669665950452       -2.81307422197375        0.51958335946097
H            1.35956313972675       -2.80566892498156       -0.97439503676784
O            1.56838876396451       -2.63498489412077        2.21109300557830
H            0.65561688677252       -2.84472144697887        2.46873587053083
H            1.67501615346810       -1.69769995132107        2.44796990913420
O            0.75117649299014        0.75936682480502       -2.59371099204331
H            0.97868875833550       -0.07274203254601       -3.07265900304874
H            0.91495951254257        0.57606833831536       -1.64978824121996
O            0.74638049948710        0.00873866579713        0.01750367958380
H            0.66468096809615       -0.95781160693997       -0.16624861478785
H            1.10683752768134        0.07773789526148        0.93023159121957
O            1.49308508706405        0.07367857877410        2.58933235929623
H            0.63302768527802       -0.07782025095229        3.05073904649462
H            1.63839487796041        1.03570845931048        2.70359429145821
O            0.65188261567463        3.45335039793546       -2.57465753386276
H            0.81971030314435        2.50726835130999       -2.75047776098000
H           -0.31051842731758        3.55580810704821       -2.64260133998323
O            1.07177135722807        3.70725284340450       -0.00478163215868
H            1.00719275328890        3.55989139757465       -0.98873148106452
H            1.55808036871483        4.52771007538201        0.09747945669385
O            1.16007680777543        2.71962745883956        2.64020352914553
H            1.21124274261500        2.97947331420479        1.70950802707301
H            0.21448856537444        2.60736743343574        2.83175892055824
O            2.99548722986759       -2.79529916838331       -1.78517516690459
H            3.55121547821130       -3.47280945028661       -2.17550106000608
H            3.42288045195724       -2.53935530535814       -0.93707406204522
O            3.88117554833432       -2.30872114742002        0.70847273782471
H            3.14908686054878       -2.60736912746528        1.27568444271841
H            4.12957990382232       -1.43872538793902        1.03390411782689
60
 energy: -101.730891049035 gnorm: 0.005148104875 xtb: 6.7.1 (edcfbbe)
O           -1.53537950107450       -2.07064842885440       -2.64726623764683
H           -2.18839392195789       -2.54224328549966       -3.16217381773135
H           -1.77295935464861       -1.11943524581515       -2.69061413079426
O           -2.28175581336640       -2.09492047426050        0.10512674691839
H           -2.29065966772259       -1.12778581804266        0.17687295761485
H           -1.74464181758777       -2.29607614110649       -0.67736679784196
O           -1.17902424013771       -2.81432152494277        2.37845869144618
H           -1.55067052252068       -2.59533885838558        1.48185873742564
H           -1.70644420197225       -3.53751375611060        2.71342428090770
O           -1.88810852430963        0.62814963130014       -2.50575903372260
H           -0.90925893367456        0.70316182773926       -2.65018152994476
H           -1.98185574447089        0.57414672355407       -1.52211369512547
O           -1.78950834734778        0.63299011589875        0.13793298387895
H           -0.81783353678616        0.43528099863784        0.15595403791265
H           -1.85377367193043        1.59124151313697        0.29443243460936
O           -0.94587150712915       -0.31662627961666        3.56115742806691
H           -1.19606877810544       -1.15553260009736        3.13776957225004
H           -1.43432470040943        0.39994530700105        3.13764501723900
O           -2.16517848828804        3.26973905074387       -2.46519774209875
H           -2.15372017755208        2.28142893652549       -2.57290682227983
H           -2.86497985754902        3.60264688556921       -3.02879081929179
O           -1.62230897271581        3.38160258253354        0.25394818392701
H           -1.92151730412399        3.49293455812489       -0.66393987318836
H           -0.65482869680948        3.53602269198030        0.22520573444212
O           -1.65280851271439        2.39739281586527        2.80895731839240
H           -2.13459971185544        2.90877586274588        3.45883708626101
H           -1.79662685970170        2.82144652463946        1.94662077823684
O            1.07247910949774       -1.68510735114799       -3.57235640427946
H            0.21961456140178       -2.00335874858131       -3.22535153674474
H            1.76167332668406       -2.07160259558842       -3.01272559831602
O            0.61927473043914       -2.60302494950304       -0.38320395122849
H            0.92887242729701       -2.81049936307326        0.51655329836228
H            1.36056741061895       -2.80277856916997       -0.97252675085377
O            1.56165402898800       -2.63951913733150        2.20523574459785
H            0.65013844289935       -2.85236107756947        2.46760612008331
H            1.66913757449957       -1.70421257068864        2.44699097327788
O            0.75202158365114        0.75865052760763       -2.60328617804412
H            0.97804423317214       -0.07316274025534       -3.08297996616982
H            0.91995885607804        0.57566256780675       -1.66030092058541
O            0.75967131139584        0.01171147215281        0.01123573193321
H            0.67478181455832       -0.95615301227891       -0.17061157619535
H            1.11753189626947        0.08069997917532        0.92529318095968
O            1.49511054708454        0.07204378450553        2.58318220276614
H            0.63344032374253       -0.08015446089575        3.04270595219658
H            1.63952241911423        1.03404026157491        2.69964311564963
O            0.65357873552047        3.45048501677841       -2.57542993375068
H            0.82423369319726        2.50647770659865       -2.75105351005442
H           -0.30904368270590        3.55025663408796       -2.64303242824264
O            1.06481535235225        3.71251085538367       -0.00373670341990
H            1.00659795672660        3.56534148149097       -0.98788861789813
H            1.55688771327334        4.52733154942013        0.10507568849959
O            1.15519469758806        2.71675541479142        2.63972862662335
H            1.20418702296644        2.97923589308345        1.70943123240311
H            0.21013558387898        2.60486559902086        2.83297388900772
O            2.99818092692842       -2.79074582335673       -1.78114898429861
H            3.55725619668731       -3.46876089611401       -2.16370256333656
H            3.41725978699364       -2.53493975358538       -0.93071248987428
O            3.87660097153528       -2.29459697436437        0.71532330542799
H            3.14846337647862       -2.59275652357121        1.28542713226871
H            4.11832096759509       -1.42212254964729        1.03166554935637
60
 energy: -101.730933878849 gnorm: 0.008272836733 xtb: 6.7.1 (edcfbbe)
O           -1.52827837013899       -2.07126488606956       -2.64278254361443
H           -2.18904472729844       -2.54658065090074       -3.15040711006656
H           -1.76868890743910       -1.12037109300014       -2.68576324989677
O           -2.27499483961916       -2.09449640287180        0.10973913455205
H           -2.28265841928801       -1.12812953905540        0.17857665098640
H           -1.73745021611674       -2.29638185188462       -0.67312456430290
O           -1.18174567620525       -2.81962926258424        2.38423981659305
H           -1.54885206277752       -2.59687753647939        1.48620800356839
H           -1.71527213681251       -3.53997291605862        2.71657848797644
O           -1.88798999924933        0.62538728952818       -2.50504281557708
H           -0.90991691480987        0.70264896368391       -2.65050357818038
H           -1.97850086560527        0.57040663567351       -1.52067996818625
O           -1.78186459613286        0.63313429214405        0.13799608067224
H           -0.81058444336802        0.43717536821264        0.15550669750194
H           -1.84827326117808        1.59128232156835        0.29710067385814
O           -0.94502110892132       -0.31832120424977        3.55654465101866
H           -1.19787000920503       -1.15824469004920        3.13762591245137
H           -1.43202197435179        0.39785358670451        3.13138539721331
O           -2.16274489044136        3.26793398524896       -2.46635885016829
H           -2.15384853867418        2.28029125494882       -2.57368447977253
H           -2.86025666202539        3.60286004101047       -3.02471660626109
O           -1.62747375707566        3.38014429747714        0.25171881671028
H           -1.92560852395628        3.49025001981738       -0.66634840141856
H           -0.66079588440965        3.53815370523346        0.22553535788463
O           -1.65707587438078        2.39659952835906        2.80950743977420
H           -2.13960339195808        2.90405280720199        3.46255454936659
H           -1.80506108099272        2.82165823014450        1.94810744293735
O            1.07692304559462       -1.68541886911913       -3.56917512320992
H            0.22579695481242       -2.00632589468559       -3.22176271827606
H            1.76614733253128       -2.07465938714531       -3.02135557173635
O            0.61953288092156       -2.59344791543725       -0.39166703020283
H            0.92735621906178       -2.80507265922023        0.50684189621420
H            1.35688728485025       -2.80476463120518       -0.98227234439334
O            1.55645230461339       -2.64307843776715        2.19447659178252
H            0.64567982943893       -2.86150725051928        2.45879961598332
H            1.66203691420339       -1.71047862497400        2.44568945671598
O            0.75395693858545        0.75793304113015       -2.60636257371072
H            0.98075847052568       -0.07343366288756       -3.08528362192439
H            0.92466807888733        0.57707561020858       -1.66388638310376
O            0.76845885342065        0.01674666213153        0.01003883378567
H            0.68459150233786       -0.94986298458477       -0.17664229274596
H            1.12441954440114        0.08195550381531        0.92490122677141
O            1.49602414946189        0.06825323483072        2.58139368766106
H            0.63307563106872       -0.08286820685618        3.03943336457859
H            1.64013542081247        1.03009186876617        2.69758994297665
O            0.65022368158261        3.44854285124636       -2.57650896948067
H            0.82370999367689        2.50687727641124       -2.75217511350982
H           -0.31286986580227        3.54603660691121       -2.64215393832339
O            1.05917989143142        3.71740590319916       -0.00178287770419
H            1.00640673172234        3.57116150416424       -0.98652248637615
H            1.55029283823378        4.53314179545628        0.11305984770834
O            1.15077272134686        2.71146080006939        2.63784486401306
H            1.19891701421403        2.97723507232627        1.70835949961083
H            0.20605660748753        2.60254428383150        2.83218308683595
O            3.00032707330806       -2.79304960789665       -1.77720891368785
H            3.57021776633362       -3.46533880039552       -2.15025282727951
H            3.41280460183287       -2.52776811056523       -0.92371511560102
O            3.87201753374944       -2.28311533765060        0.71901707775184
H            3.15087131934815       -2.58950930083615        1.29067378139797
H            4.09273039838264       -1.39964936648638        1.02482730184192
60
 energy: -101.730993557890 gnorm: 0.007544165159 xtb: 6.7.1 (edcfbbe)
O           -1.52355428245611       -2.07300210925491       -2.63816825240136
H           -2.18093784860103       -2.54996052365249       -3.14411020637887
H           -1.76574470051007       -1.12270686131870       -2.68262436047053
O           -2.26565669690658       -2.09058570756081        0.11534737981205
H           -2.26472565805343       -1.12405290578331        0.18164157103682
H           -1.72552570497340       -2.29646654090776       -0.66498348143443
O           -1.19081603457957       -2.83133880020869        2.39108036407976
H           -1.54964454710668       -2.59801657198331        1.49070194698548
H           -1.72937796794848       -3.55600163512177        2.71212142756246
O           -1.88463043397887        0.62260168397104       -2.50652521734502
H           -0.90802694719518        0.70055672578464       -2.65643865450242
H           -1.96976395201160        0.57023235396387       -1.52182977382966
O           -1.76148049769408        0.63442909561790        0.13452798838124
H           -0.78885311317791        0.44309621207480        0.14620556458737
H           -1.83310516262318        1.59185874513365        0.29741115711381
O           -0.93808181642377       -0.32656539757521        3.54831507971533
H           -1.19646542154917       -1.16910999843925        3.13796419131887
H           -1.42886016939604        0.38709357169930        3.12344758893265
O           -2.16135136181926        3.26383376073230       -2.46441869304856
H           -2.16689911133697        2.27727418353789       -2.56072256046243
H           -2.84449808982720        3.60549592523677       -3.04001009109282
O           -1.63824907508102        3.38198628208186        0.25649447109671
H           -1.93862166935118        3.48843040489268       -0.66041864328598
H           -0.67297171897379        3.54462499560785        0.22911014500149
O           -1.66434374057708        2.38862646612062        2.81239554212344
H           -2.14753606168020        2.88931598767018        3.47007626847677
H           -1.81689481095140        2.81769878576114        1.95388629005552
O            1.08002323140291       -1.69258521417533       -3.57342902331933
H            0.23025841315951       -2.00851192910485       -3.21958800443239
H            1.77012427694786       -2.07166606324421       -3.01260906342223
O            0.61628011439029       -2.58917130812796       -0.39365102142706
H            0.92318253173222       -2.79948168832872        0.50607380045936
H            1.35342545597062       -2.80493062727035       -0.98324391193436
O            1.54569521798537       -2.65004650249726        2.19330042843422
H            0.63490902743297       -2.86980514492178        2.45548185526676
H            1.64926869219733       -1.71712029033646        2.44515615873528
O            0.75771110023396        0.75661341038668       -2.62153808397964
H            0.98182643982051       -0.07601077706115       -3.09966852828124
H            0.93493679111464        0.57803946692563       -1.67977219626680
O            0.78904168579726        0.02117895123355       -0.00251011532565
H            0.69981110306333       -0.94488703706653       -0.19026252383272
H            1.14034945605815        0.08294164769199        0.91440307660807
O            1.49953273998527        0.06629310797097        2.57267321284260
H            0.63512665673295       -0.08552489045860        3.02803078134453
H            1.64129903015446        1.02806263664177        2.69066872603257
O            0.64172474632689        3.44901452434420       -2.57396261425853
H            0.82129265891949        2.50956491976539       -2.75849008807620
H           -0.32072872774442        3.54352083865924       -2.63800007600051
O            1.04589060272709        3.72531759489219        0.00204875146618
H            0.99967491160395        3.57475856357015       -0.98221610147941
H            1.54796234574478        4.53101780419627        0.12107928232994
O            1.14292730974663        2.70820584099532        2.63652448431986
H            1.18823355701263        2.97713073556484        1.70790521893520
H            0.19879348995090        2.59635534597948        2.83277707807628
O            3.00640811756100       -2.78310065432818       -1.76622977640193
H            3.57907706574915       -3.46136284979983       -2.12586631889737
H            3.40763141046088       -2.51291426169753       -0.91030200850150
O            3.86553346762252       -2.25514165735173        0.72442293273471
H            3.15448889282141       -2.58692922339166        1.29505541489353
H            4.05796731204514       -1.36149813771779        1.03117633131332
60
 energy: -101.731036686328 gnorm: 0.004922959455 xtb: 6.7.1 (edcfbbe)
O           -1.51611575263210       -2.07919253369285       -2.63164789275283
H           -2.17324137172228       -2.55787590260949       -3.13580922330835
H           -1.76159360301107       -1.12966617541329       -2.67617875539843
O           -2.26277190659048       -2.08942703524419        0.11850476171425
H           -2.25368976760400       -1.12201926106567        0.18711200440128
H           -1.71906544310221       -2.29642682126667       -0.65872617241750
O           -1.20031446560962       -2.83563488469140        2.39513020902039
H           -1.56008858615516       -2.60606773951129        1.49629651400043
H           -1.74092170150619       -3.55258139055214        2.72125684228849
O           -1.88232510139561        0.61628903689133       -2.50464137019586
H           -0.90678597619992        0.69599401182698       -2.65768638378280
H           -1.96525917046413        0.57017710745326       -1.52044704418911
O           -1.75021650616156        0.63417696210628        0.13568414405504
H           -0.77604957059471        0.44744351193135        0.14304947131575
H           -1.82491297842383        1.59101921280962        0.29371824880164
O           -0.93686868875049       -0.32708571880488        3.54431231271954
H           -1.19786210822452       -1.17005121434231        3.13741698348591
H           -1.43009255885399        0.38592356186531        3.12117800764294
O           -2.16159889302704        3.25797108604023       -2.46661165530154
H           -2.16805743775069        2.27190386911459       -2.56026877232485
H           -2.83500522196311        3.59981269082409       -3.05516061626513
O           -1.64439552867625        3.38041336038739        0.25674263887015
H           -1.94594579160053        3.48404109840730       -0.65976418621828
H           -0.68041173931485        3.54721819989647        0.22842392762277
O           -1.67142824319737        2.38615703421412        2.81173411340100
H           -2.15387078335694        2.88504648922046        3.47007634343487
H           -1.82369197669600        2.81692325445010        1.95477947112791
O            1.08410642874527       -1.69334012227956       -3.57107730423701
H            0.23603092708603       -2.01007459144276       -3.21502351055910
H            1.77590000703634       -2.06944215951813       -3.01195198651610
O            0.61977640057128       -2.58567896551854       -0.39656920560692
H            0.92544632494427       -2.79295636043727        0.50564765350119
H            1.35775643036868       -2.80084762248947       -0.98420905530045
O            1.53574844507037       -2.65735170401049        2.19483335950466
H            0.62475298584920       -2.87290838285026        2.45537388229386
H            1.64116456590938       -1.72318046871024        2.44278920826053
O            0.75894542406946        0.75890845134603       -2.62678585054424
H            0.98359053603802       -0.07498469576589       -3.10252971849454
H            0.93826719423261        0.58300552246278       -1.68516176730895
O            0.80156381225218        0.02446785356558       -0.00828869495500
H            0.70828613188318       -0.94134701853388       -0.19686752428771
H            1.14883964678262        0.08372413115236        0.91023489446279
O            1.50137484983152        0.06420345598603        2.57142141263527
H            0.63556493634938       -0.08869996398078        3.02371253914833
H            1.64047132548038        1.02622083634710        2.69060064501795
O            0.63993328965641        3.45241923306296       -2.57073640379041
H            0.82185176811084        2.51354103675202       -2.75909686338912
H           -0.32274800250462        3.54493892449405       -2.63427178362795
O            1.04107258001318        3.72820772245389        0.00622901869108
H            0.99363037541160        3.57720015178764       -0.97805280005210
H            1.54715406781681        4.53289541365073        0.12374574597615
O            1.13684087729147        2.70625510406305        2.63583254532199
H            1.18045485376976        2.97583768931597        1.70766165642280
H            0.19282265164964        2.59036405350379        2.83271430660040
O            3.01422933939927       -2.78074851351018       -1.76943028376135
H            3.58812546955992       -3.46224570470238       -2.12159241122013
H            3.41068935389872       -2.50558434165440       -0.91303534443414
O            3.85268884991409       -2.23560253790647        0.72056576663965
H            3.14409247310963       -2.57481760339564        1.29098892624206
H            4.04721908293169       -1.35018537346539        1.02977014560167
60
 energy: -101.731083677422 gnorm: 0.005674902309 xtb: 6.7.1 (edcfbbe)
O           -1.50876219576072       -2.08346756763334       -2.62660841304794
H           -2.16857802972194       -2.56440988890388       -3.12651842009567
H           -1.75616427859282       -1.13439915573899       -2.67185667620176
O           -2.25526965375870       -2.08640935629068        0.12220884185456
H           -2.24201524778220       -1.11923751583785        0.19140438134671
H           -1.71046962146629       -2.29532330659483       -0.65334313458265
O           -1.20808816206344       -2.84341299931375        2.40149022752182
H           -1.56454384583432       -2.60904667892761        1.50191866756627
H           -1.75257487827165       -3.55951444646028        2.72447622572621
O           -1.88035698668427        0.61269093630591       -2.50324561451814
H           -0.90525764549282        0.69280831185807       -2.66250330550894
H           -1.95735081797763        0.56830539237524       -1.51818324675382
O           -1.73622989475738        0.63378815808438        0.13674520260889
H           -0.76085349017443        0.45156769797434        0.13963620588599
H           -1.81514945453763        1.59029230239260        0.29438663778535
O           -0.93519287993904       -0.32956947902699        3.53909451602253
H           -1.19860409847821       -1.17468519569267        3.13815160229480
H           -1.43216747621249        0.38145674523485        3.11620093595645
O           -2.16958566006215        3.25530909043229       -2.46318362644546
H           -2.15923326392048        2.26924786962356       -2.56980510395476
H           -2.83284592482677        3.59162133309157       -3.06607424444566
O           -1.65183582812322        3.37910930031319        0.25920700683622
H           -1.95480983447140        3.48358941354110       -0.65715293402754
H           -0.68894151048414        3.55174415290913        0.23025540260661
O           -1.67887163993403        2.38103008673642        2.81181033922840
H           -2.16094537111136        2.87534398976747        3.47467276029288
H           -1.83253284933010        2.81749017206672        1.95744011682507
O            1.09015887691703       -1.69558442955031       -3.56957372409549
H            0.24099850063639       -2.01287393004039       -3.21518338037042
H            1.78228744849649       -2.06998835796027       -3.01086312286324
O            0.62156588255070       -2.58115361935978       -0.40224099856972
H            0.92311053038680       -2.78894430883651        0.50174254329010
H            1.35998307256287       -2.79981894828959       -0.98690235598577
O            1.52565035893413       -2.66334786988227        2.19044613587029
H            0.61595680976107       -2.87898999412792        2.45580078093451
H            1.63356522013280       -1.73008117187563        2.43973865448106
O            0.76115203073368        0.76063430361897       -2.63518023867234
H            0.98625897503713       -0.07456653747629       -3.10849810034983
H            0.94355576096977        0.58768008634988       -1.69380314954787
O            0.81650931743618        0.02936039974956       -0.01576827557524
H            0.71867032677412       -0.93647433990655       -0.20494296440886
H            1.15923738604600        0.08603949464063        0.90485510388550
O            1.50410229872890        0.06092685369588        2.56832613945432
H            0.63672292889427       -0.09372053063144        3.01737571496955
H            1.64044894552800        1.02325910485428        2.69000959324053
O            0.63849926717717        3.45573867741790       -2.56783936795547
H            0.82573160136958        2.51823406752328       -2.75913168901156
H           -0.32694507739120        3.54213594623478       -2.62765018367349
O            1.03392513818969        3.73131534439599        0.00896482530553
H            0.98542206812777        3.58035770045017       -0.97526227691182
H            1.54526723303444        4.53312161820904        0.12563036164948
O            1.13022781711481        2.70229938323363        2.63466504764402
H            1.17241926991037        2.97441341837905        1.70715504766859
H            0.18649816038260        2.58419049730222        2.83219737294008
O            3.01845558641358       -2.77913121628051       -1.76427455774463
H            3.59502497157016       -3.45988832464681       -2.11010630701306
H            3.41540301701339       -2.49403140986704       -0.90963990024915
O            3.84871937109427       -2.21534281304717        0.72516779405707
H            3.13804651477911       -2.56648503867049        1.28951203912783
H            4.01366346040079       -1.31852815787650        1.03056420768543
60
 energy: -101.731110789418 gnorm: 0.007686281705 xtb: 6.7.1 (edcfbbe)
O           -1.50148176614677       -2.09003994421736       -2.61735190895007
H           -2.15427324098947       -2.57340132679241       -3.11917736683024
H           -1.74962673601493       -1.14162710330766       -2.66693635213923
O           -2.24764147207718       -2.08564915712640        0.12772648948989
H           -2.23474628905273       -1.11932022381046        0.19447161045334
H           -1.70232890637034       -2.29745188249546       -0.64653891356116
O           -1.21317629593991       -2.84546796588045        2.41021968247600
H           -1.56586127618815       -2.60688263393961        1.50869844821236
H           -1.76244629273679       -3.56065246923708        2.73169336480531
O           -1.87636652577349        0.60658726413742       -2.50174248049871
H           -0.90134444608803        0.68635590717282       -2.66282638976663
H           -1.95077763786636        0.56129670330087       -1.51601907561419
O           -1.72992086769551        0.63295098497852        0.13753166011070
H           -0.75472712692267        0.45345631260015        0.14259954967702
H           -1.81233057952495        1.58921762391183        0.29944330405275
O           -0.93918140837810       -0.32637812742832        3.53641984266151
H           -1.20414194542886       -1.17275690680010        3.13956206235665
H           -1.43499150370581        0.38369828880432        3.11136101637326
O           -2.16642009531208        3.24982844427642       -2.47060495471144
H           -2.15446099154143        2.26372586115983       -2.57423888908075
H           -2.83095417899524        3.58290996515823       -3.06569301682484
O           -1.65947522896607        3.37824655498907        0.25565427565388
H           -1.95944716290895        3.47947706969513       -0.66241077274841
H           -0.69760149023092        3.55500309457977        0.22995905608389
O           -1.68670482822625        2.38099602224730        2.80821278516739
H           -2.16931885136708        2.87402986868514        3.47098999061364
H           -1.84130716800771        2.81707667051358        1.95428071582390
O            1.09625824957133       -1.69468779227517       -3.56675034741918
H            0.24757475299084       -2.01253917046378       -3.20991649656505
H            1.79130068550510       -2.06984698662671       -3.01038276689084
O            0.62636549143357       -2.57097836782087       -0.41233195605744
H            0.92343021272568       -2.78498116713568        0.49137459713523
H            1.36125115705068       -2.80111831982951       -0.99740943648068
O            1.51757953185498       -2.66704038073191        2.17837031261314
H            0.60888771472800       -2.88633384723665        2.44946153837606
H            1.62696924872977       -1.73721318189039        2.43754537229881
O            0.76409902319184        0.76216830056065       -2.63452719689999
H            0.99034346364163       -0.07390052828374       -3.10617876180309
H            0.94830336074122        0.59165397763421       -1.69312384186727
O            0.82279952467713        0.03537612381813       -0.01431557681889
H            0.72583446778553       -0.92834201379396       -0.20917107829359
H            1.16274965879475        0.08814077347569        0.90750143452625
O            1.50437993847597        0.05553411179467        2.57117789738077
H            0.63631940356017       -0.09817856432377        3.01869929154888
H            1.63942855879239        1.01802935281015        2.69228164111164
O            0.63960266976649        3.45894539142881       -2.56475646720228
H            0.82919959525450        2.52285603453633       -2.75764662625154
H           -0.32562183909613        3.54179160784817       -2.62654568246356
O            1.02752853892967        3.73458492956862        0.01207047845729
H            0.98062965637122        3.58469461539414       -0.97190056037018
H            1.54302483967007        4.53309489472424        0.13020766293471
O            1.12309352969343        2.69484539323188        2.63337916598369
H            1.16602924706438        2.97189894531866        1.70708808969786
H            0.17950799966186        2.58015885952876        2.83066806788975
O            3.02557419883322       -2.78040765503806       -1.76729338155421
H            3.61258946596408       -3.45284297110281       -2.10873172384541
H            3.41391104978424       -2.49177556797071       -0.91061572325348
O            3.83853119380311       -2.20177724932886        0.72534001245500
H            3.13308555229117       -2.55336687774369        1.29143939213339
H            3.98355670015680       -1.29699630523729        1.01562405618983
60
 energy: -101.731148562184 gnorm: 0.007979842512 xtb: 6.7.1 (edcfbbe)
O           -1.48965784582750       -2.09670389050074       -2.61444209630356
H           -2.15151269019343       -2.58256733047090       -3.10715448082379
H           -1.74081725528536       -1.14922553934483       -2.66300588951260
O           -2.23480326510954       -2.07972042600291        0.13179797927966
H           -2.21213499144535       -1.11275957899719        0.19658244848515
H           -1.68406504439788       -2.29908640067764       -0.63705529059813
O           -1.22466176265674       -2.85560122776487        2.41778195275273
H           -1.57276278300435       -2.61176379344291        1.51475165128270
H           -1.77704454437657       -3.57148519524756        2.73420696101382
O           -1.86819773551242        0.60061000829821       -2.50401837941623
H           -0.89517662992579        0.68343280663882       -2.67084064985966
H           -1.93633932181474        0.55403606812271       -1.51720905973799
O           -1.70734167088449        0.63391735821620        0.13326637832395
H           -0.73128882610933        0.45942997514634        0.13691419201944
H           -1.79687845473217        1.58878497932026        0.30423043043299
O           -0.93589938631087       -0.33281202070798        3.52835648192162
H           -1.20649752921590       -1.18218187900067        3.14042610733063
H           -1.43622387561829        0.37413104777303        3.10347694888595
O           -2.16837999828708        3.24167277663084       -2.46841999498080
H           -2.16363596866346        2.25564789051113       -2.56345630566468
H           -2.81668210427896        3.57682349847984       -3.08982956781579
O           -1.67311043214473        3.38354805103617        0.26133957584383
H           -1.97500677534524        3.48070938287335       -0.65654382170654
H           -0.71218186182088        3.56309663993488        0.23461615775493
O           -1.69703901905197        2.37160381612822        2.80772561609341
H           -2.18105425585491        2.85804167592128        3.47474370886112
H           -1.85526999662549        2.81263367493952        1.95678055316933
O            1.10308466332360       -1.69833073754925       -3.56478583412978
H            0.25653314492531       -2.01543648500548       -3.20397420805957
H            1.79920555525172       -2.07062195946893       -3.01119582542655
O            0.62644735899926       -2.56478324936136       -0.41385128373695
H            0.91705384162983       -2.78307013612440        0.49116872009583
H            1.36191243477952       -2.80419087282684       -0.99698347447788
O            1.50295512344995       -2.67398935665220        2.17384428907876
H            0.59444004974026       -2.89668068386976        2.44757884356908
H            1.61220908321267       -1.74655778037530        2.44045213882662
O            0.77092327826256        0.76327273522307       -2.64600712365308
H            0.99729078868931       -0.07442364436774       -3.11510449284795
H            0.96043137507137        0.59544684164368       -1.70497507736082
O            0.84375133244296        0.04046447192107       -0.02442342872220
H            0.74042684918640       -0.92221917790343       -0.21945388361141
H            1.17889154772583        0.09147024830620        0.89912708491650
O            1.50745737680279        0.05192427564500        2.56444748220147
H            0.63841599503869       -0.10159897808989        3.00965931002969
H            1.64017086629356        1.01441469891784        2.68685321309853
O            0.63508321801849        3.46243356815066       -2.56321006959325
H            0.82733939412808        2.52955816553974       -2.76076167332510
H           -0.33074054788287        3.54194054298072       -2.62255316911636
O            1.01712055605815        3.73599794506961        0.01546798397931
H            0.97165720905155        3.58637585105681       -0.96812316115298
H            1.53542209511493        4.53401614479146        0.13293908752129
O            1.11218852986886        2.68775785413594        2.63257404170475
H            1.15381389818365        2.97161782376084        1.70789490834149
H            0.16927832372353        2.57302825081198        2.83082473909308
O            3.03141335724578       -2.77177641524154       -1.76423972352045
H            3.62565335721940       -3.44954966449998       -2.09029112704445
H            3.40889693620416       -2.46877841729552       -0.90690462608851
O            3.82562565158134       -2.16649080055908        0.73107664833823
H            3.13050229696858       -2.53460445528841        1.29795530891567
H            3.94187161412598       -1.25415371127537        1.01586789510618
60
 energy: -101.731205649629 gnorm: 0.004931465134 xtb: 6.7.1 (edcfbbe)
O           -1.48448034449225       -2.09993937882736       -2.61404353543457
H           -2.14772442039096       -2.58558282770318       -3.10559986550509
H           -1.73481231706598       -1.15236552747345       -2.66274508521660
O           -2.23058126687765       -2.08035142571004        0.13092201859474
H           -2.20519522196727       -1.11265173419253        0.19764882478085
H           -1.67430965206063       -2.29977343007184       -0.63399463111760
O           -1.22624622653709       -2.85497021723511        2.41709317814296
H           -1.57773671678215       -2.61928592905102        1.51521179317767
H           -1.77658020477075       -3.56541227352765        2.74197791732353
O           -1.86327635355941        0.59773699299439       -2.50282113141002
H           -0.89136270160522        0.68531183654841       -2.66954572561437
H           -1.93285844580256        0.55425367443538       -1.51660651109295
O           -1.70479405912133        0.63442384681718        0.13491658198095
H           -0.72720284573980        0.46307260451157        0.13698040368860
H           -1.79722282618713        1.58841581662490        0.30170094856081
O           -0.93827045585091       -0.33321083854752        3.52675294558467
H           -1.20763252406203       -1.18150611913100        3.13740628453721
H           -1.43786833111070        0.37435161010559        3.10214238147172
O           -2.16445530379522        3.23765455282476       -2.46966476230329
H           -2.15744345672665        2.25120376209185       -2.56291313689255
H           -2.81600544161214        3.56885865282853       -3.08685490815451
O           -1.67737241332932        3.38673033297527        0.26142057278251
H           -1.97666407555010        3.47845460499596       -0.65763544215356
H           -0.71650780646434        3.56568439693488        0.23603632713889
O           -1.70112226285899        2.37040894374456        2.80471121301651
H           -2.18529342755185        2.85573580099528        3.47320079435559
H           -1.85902834852570        2.81413675813474        1.95442769263657
O            1.10625930641686       -1.69832467377829       -3.56458170553629
H            0.26202008992684       -2.01598991193900       -3.20029134868820
H            1.80511212560549       -2.07034525490869       -3.01180721198550
O            0.62365421522957       -2.56614754247163       -0.41664971122490
H            0.91641824576320       -2.78278340649863        0.48838355532558
H            1.35808515823731       -2.80177756884651       -1.00007470601194
O            1.49899169613280       -2.67661464052869        2.17322876795912
H            0.58867294585200       -2.89608200052945        2.43956127281462
H            1.60797636740720       -1.74839235711318        2.43918875301161
O            0.77632269475040        0.76294583487151       -2.64559513100490
H            1.00246124127109       -0.07570269123409       -3.11348806717593
H            0.96512469429939        0.59622687247237       -1.70429066751587
O            0.84729082743637        0.04027278480959       -0.02354532245750
H            0.73908887188528       -0.92373284013426       -0.21704700283152
H            1.18026981235941        0.09122345011849        0.90076305113507
O            1.50765726557336        0.05036061844599        2.56634617742037
H            0.63857264675490       -0.10295680647023        3.01106520597506
H            1.63936053108715        1.01316562599600        2.68761324637296
O            0.63028785953389        3.46444350794583       -2.56188629409242
H            0.82682640138297        2.53217698367624       -2.76396802052958
H           -0.33488320902696        3.54067684593855       -2.62390572712051
O            1.01259615502877        3.73673979958267        0.01703341258454
H            0.96780153462748        3.58500795939460       -0.96621081420898
H            1.53152938398286        4.53338563087687        0.13314969153928
O            1.10920961021290        2.68562290155939        2.63203700298105
H            1.15127522660596        2.96914421945379        1.70759669963507
H            0.16586398308113        2.56808380084945        2.82928018170827
O            3.03316815547790       -2.77142782662344       -1.76170946639869
H            3.63243424475434       -3.44250612377722       -2.08918317405306
H            3.40880412471957       -2.46566369816147       -0.90533650477452
O            3.82024258674572       -2.15025260378150        0.72748325009394
H            3.12823703300445       -2.53455889307220        1.29147652399442
H            3.92837815422006       -1.24092722220336        1.02115406016078
60
 energy: -101.731241246488 gnorm: 0.005007731596 xtb: 6.7.1 (edcfbbe)
O           -1.47679855766310       -2.10571246861568       -2.61244927785913
H           -2.13968410526821       -2.59158051891129       -3.10329354555202
H           -1.72790493256783       -1.15843812017576       -2.66102094538812
O           -2.22366762138814       -2.08036101000639        0.13264346449138
H           -2.20081848948997       -1.11360815474755        0.19874776352059
H           -1.66262023309719       -2.30059848678645       -0.62829382909773
O           -1.23113009004282       -2.85560038788263        2.42251878881957
H           -1.57877528217014       -2.61506995548878        1.51812142330235
H           -1.78407971206573       -3.56807702811850        2.74423429221343
O           -1.85618724132035        0.59334689040204       -2.50152619350064
H           -0.88352551601619        0.67844973467503       -2.66855264021932
H           -1.92645439054617        0.55190160572521       -1.51588563826213
O           -1.70051692764698        0.63388808518664        0.13676572414277
H           -0.72168532131057        0.46581844961148        0.13745666286132
H           -1.79670569936737        1.58697377239296        0.29961088790628
O           -0.94095509733965       -0.33163723806398        3.52594481655248
H           -1.21075387571806       -1.18079212633985        3.13871354577288
H           -1.44152872810679        0.37498693317308        3.10041659795066
O           -2.16601160266944        3.23112996219683       -2.47036950256183
H           -2.15091053576171        2.24374849704263       -2.56607255672643
H           -2.81685836999401        3.55709710381976       -3.09073319217627
O           -1.68211692766435        3.38734507580267        0.26116726885116
H           -1.98004847150155        3.47617182684665       -0.65881965869809
H           -0.72161433701176        3.56989151339183        0.23632588703792
O           -1.70959117372055        2.36866585467248        2.80139333789528
H           -2.19312935909971        2.85570808094996        3.46686754320348
H           -1.86406569247397        2.81154972216758        1.95134755892370
O            1.11297724294867       -1.69605710170145       -3.56318886581455
H            0.26884717936403       -2.01582815246712       -3.19942422066236
H            1.81398855390578       -2.07058085860444       -3.01343190893574
O            0.62387748563158       -2.56526851696383       -0.41966904259166
H            0.91644146407570       -2.78154514404469        0.48605438826039
H            1.35784334336717       -2.79953534819257       -1.00252288938083
O            1.49139623181978       -2.68109856226209        2.17390668850535
H            0.57996943779789       -2.89588853622907        2.43633107394738
H            1.60321297098235       -1.75254780464022        2.43834843908336
O            0.78311193265583        0.76508784673731       -2.64474308525016
H            1.00967158080594       -0.07450618428191       -3.11106414869757
H            0.97092291102786        0.59944046619600       -1.70329181827459
O            0.85252233679023        0.04066051507926       -0.02170657330269
H            0.74412424852781       -0.92178556150898       -0.21780151942705
H            1.18258202444204        0.08911152470486        0.90376472085336
O            1.50802160574597        0.04818873088120        2.56982670227548
H            0.63805172758955       -0.10665742163640        3.01236437237707
H            1.63706962227063        1.01170357448798        2.69105668180835
O            0.62922137806498        3.46663698555427       -2.56124267842374
H            0.82959251434384        2.53584067897391       -2.76475555749463
H           -0.33718805822508        3.53834102861234       -2.62298785101022
O            1.00752722180837        3.73670883451495        0.01872996997440
H            0.96266004915849        3.58396060538322       -0.96440543696823
H            1.52710350744402        4.53264279680422        0.13299663940769
O            1.10293083198190        2.68269581691846        2.63183205827416
H            1.14550510672249        2.96576489776279        1.70766269938319
H            0.15917050790903        2.56194601852841        2.82760541096916
O            3.03613518174127       -2.77212687079118       -1.76227940945522
H            3.64297925094663       -3.43505695119864       -2.08997319444711
H            3.41116654843938       -2.45742331238975       -0.90845913670331
O            3.80997688950647       -2.12818279181261        0.72456294586357
H            3.12167834871749       -2.52131099358356        1.28676560418252
H            3.90810964265541       -1.22185256173968        1.01979547824992
60
 energy: -101.731293354406 gnorm: 0.006645736466 xtb: 6.7.1 (edcfbbe)
O           -1.46064303825689       -2.11745009926168       -2.60670260850630
H           -2.12144537435838       -2.60594260944022       -3.09509329798612
H           -1.71476333324885       -1.17129889027807       -2.65647003295504
O           -2.21307033895581       -2.07983138989255        0.13650484795933
H           -2.18491155133369       -1.11292249702712        0.20570961005008
H           -1.64151860191567       -2.30254836776070       -0.61601572263614
O           -1.24277347631696       -2.86120625834641        2.43139455614433
H           -1.58944670556949       -2.62207677080769        1.52631474499988
H           -1.80001966246515       -3.56607463328212        2.75826855053053
O           -1.84226862599390        0.58383431197329       -2.50021458111150
H           -0.86907979284370        0.66731738142384       -2.66912736342517
H           -1.91162013941100        0.54429331301210       -1.51511130991857
O           -1.68552098340339        0.63313249843439        0.13813636559156
H           -0.70591032785715        0.47111776328740        0.13878193934874
H           -1.78976118530406        1.58498651228163        0.30002445666356
O           -0.94464226479313       -0.33076459845755        3.52148821810402
H           -1.21704618221457       -1.18231850252612        3.14093037965518
H           -1.44728197548279        0.37359535717616        3.09447312910547
O           -2.16652140165771        3.21767150271995       -2.47663385179544
H           -2.14465274359817        2.22877775202236       -2.56903113219634
H           -2.81253339203774        3.53835217382572       -3.10321203888271
O           -1.69389817020251        3.38775097901005        0.25868030988697
H           -1.98858165789796        3.47213519936796       -0.66300272661853
H           -0.73424723040014        3.57787495369696        0.23677536031876
O           -1.72666822147536        2.36186923072070        2.79421759133788
H           -2.21041854069743        2.84501126797727        3.46333563455174
H           -1.87975126779724        2.81172056667454        1.94690565611143
O            1.12667628515949       -1.69286269260034       -3.56173868408328
H            0.28331164030323       -2.01658678029947       -3.19763743831728
H            1.83148687105708       -2.07101635325849       -3.01853475173606
O            0.62776257553328       -2.55796611550415       -0.42752338901694
H            0.91409881463178       -2.77764562834060        0.47983191288238
H            1.36154522596584       -2.79739923591533       -1.00736513183975
O            1.47501921073833       -2.68944811317519        2.16957781662311
H            0.56373082816221       -2.90311468785053        2.43367669446060
H            1.59143440626716       -1.76361046592736        2.44019517820937
O            0.79613017709118        0.76900276829350       -2.64789959010622
H            1.02318199260425       -0.07207690729642       -3.11177204185608
H            0.98554755961781        0.60595388984654       -1.70661366213488
O            0.86925822968554        0.04506307407876       -0.02181558290368
H            0.75880967741785       -0.91516133926798       -0.22174121820583
H            1.19268519843263        0.08889454042192        0.90621240902409
O            1.50890025239054        0.04256176662731        2.57398307728724
H            0.63686337456129       -0.11412286001454        3.01204113661583
H            1.63379718200230        1.00690031032778        2.69587987379280
O            0.62574906990405        3.47005524516902       -2.55723553065189
H            0.83455013088704        2.54191580992917       -2.76736978338666
H           -0.34140023982009        3.53309190772298       -2.62093688971257
O            0.99566335871363        3.73867240177212        0.02363301801719
H            0.95137354487789        3.58532346235921       -0.95953467522696
H            1.51711323536116        4.53408208217996        0.13598830404467
O            1.08829575020279        2.67407660733278        2.63137992707877
H            1.13166338126273        2.96088074998883        1.70851861904419
H            0.14441821913490        2.55114431112528        2.82504013829454
O            3.04637045955992       -2.76985035554126       -1.76343278324330
H            3.66929876507810       -3.41936916980060       -2.08718533838391
H            3.41243959441189       -2.44222993519253       -0.91200277143244
O            3.79082465191647       -2.08408432490214        0.72528980182534
H            3.11345513332893       -2.49657921957691        1.28438020608654
H            3.84200415898784       -1.16482562922707        1.00929958460100
60
 energy: -101.731455679807 gnorm: 0.002377337948 xtb: 6.7.1 (edcfbbe)
O           -1.45595795342287       -2.11400991708103       -2.61198127646832
H           -2.11884964261309       -2.60306094746563       -3.09822111378209
H           -1.71195346298923       -1.16828024812074       -2.65790367749588
O           -2.21671245143140       -2.08116284963740        0.13431288692084
H           -2.19016599194004       -1.11384854519977        0.19974202849029
H           -1.64507235722079       -2.30563057904075       -0.61754546300979
O           -1.24567734366604       -2.85769916984166        2.43156949651080
H           -1.58795667236799       -2.61759436496590        1.52521336961612
H           -1.80562450989576       -3.56235928965003        2.75511316872945
O           -1.83664372419399        0.58626388811647       -2.50225512290946
H           -0.86361758029856        0.67865380033082       -2.66689126641119
H           -1.90960172156926        0.54517140372534       -1.51693250884129
O           -1.68646736135776        0.63166761736008        0.13732984419253
H           -0.70788928963436        0.46665260743182        0.14040998498721
H           -1.78862375667672        1.58410899972106        0.30290596351264
O           -0.93755401598888       -0.33063044720559        3.52536406238997
H           -1.21159352904000       -1.18079978099918        3.14290810372767
H           -1.43935177869803        0.37539717970310        3.10022622789466
O           -2.16648560737718        3.21848711653463       -2.47726402552551
H           -2.14464331171835        2.22992960339767       -2.56771778379690
H           -2.81515384534022        3.53838002866400       -3.10292519588095
O           -1.69750410287361        3.38732616294292        0.25832195727628
H           -1.99351818776828        3.47216706569486       -0.66261015986857
H           -0.73798691714535        3.57748028483743        0.23560478487983
O           -1.72171940854705        2.36260039228799        2.79748427633482
H           -2.20518901911394        2.84823314400637        3.46547516673996
H           -1.87877323633200        2.80708017003790        1.94777258950585
O            1.13067028162873       -1.68835948668011       -3.55986706412441
H            0.28771764644589       -2.01469239489330       -3.19827038274152
H            1.83409081743931       -2.07082212607463       -3.01835303998572
O            0.62336847707956       -2.56596728344240       -0.42245857843776
H            0.90759124234013       -2.78669722115532        0.48488765977415
H            1.35645659208718       -2.81182049192391       -1.00208424256374
O            1.47464974833123       -2.69052440429337        2.17134906480200
H            0.56387466836913       -2.90665135891089        2.43814474708251
H            1.59123933668280       -1.76634332878311        2.44662297899625
O            0.80185051292361        0.77139338615924       -2.64398262172237
H            1.02766086475624       -0.06884958935743       -3.10954587047832
H            0.98959930828291        0.60633320269351       -1.70269587222914
O            0.86782250694617        0.03882200179167       -0.02109970594388
H            0.75719770614532       -0.92195082963248       -0.22201132579146
H            1.19222846677562        0.08147526424637        0.90663022638396
O            1.51285476218464        0.04134803688847        2.57173559232348
H            0.64177962112425       -0.10959990027395        3.01372053696189
H            1.64098677685812        1.00593005735721        2.68653416990418
O            0.62444933753013        3.47068506591957       -2.55880663140331
H            0.83847422220374        2.54284380087346       -2.76203380361864
H           -0.34253729919466        3.52910008927799       -2.62504873511585
O            0.99006487617971        3.74922359165186        0.02171189943934
H            0.95003330960976        3.59998266683726       -0.96249845735151
H            1.50380975312552        4.54875972197282        0.14001797269602
O            1.09207605732012        2.67263116399811        2.62607890773003
H            1.13271552918139        2.96307215659720        1.70383887307948
H            0.14894754212838        2.55103952581752        2.82265009994149
O            3.04129602994459       -2.77984992530327       -1.76169046164448
H            3.66809947926397       -3.42441726137468       -2.08992468645115
H            3.40955026695307       -2.44687672974707       -0.91324619880902
O            3.78782777844953       -2.08095951826216        0.72343963493276
H            3.11467563776827       -2.50321804032667        1.27963052264094
H            3.82222745229700       -1.16288790722261        1.00503359398257
60
 energy: -101.731746745918 gnorm: 0.005613427945 xtb: 6.7.1 (edcfbbe)
O           -1.44518359256064       -2.10417876317192       -2.61960190918076
H           -2.11063496334652       -2.59190297685753       -3.10568806893500
H           -1.69480870404195       -1.15703471503496       -2.66923588030835
O           -2.22469044492155       -2.08334448527186        0.12659031297547
H           -2.20027362448904       -1.11564123216407        0.18863077381418
H           -1.64601553318166       -2.30938262811598       -0.61915007359347
O           -1.25488816749157       -2.84879008407860        2.43140198342425
H           -1.59247960891130       -2.60870505838350        1.52379302899401
H           -1.82012867038029       -3.55142776507830        2.75158572503840
O           -1.82251462341880        0.59435870868160       -2.50484776048806
H           -0.84849648314459        0.68757918499077       -2.66277255675155
H           -1.90089342169523        0.54568688160119       -1.51938184884594
O           -1.68789677042620        0.62822391025029        0.13633729088571
H           -0.71122579454349        0.45872667968888        0.14020286001020
H           -1.78696054388787        1.58241244172633        0.30354377801756
O           -0.91599859774599       -0.33022464085661        3.53622156029268
H           -1.19648920902298       -1.17757681695635        3.15181354991549
H           -1.41664677450543        0.37959636756379        3.11615353611560
O           -2.17014820386660        3.22262601645950       -2.47811193076451
H           -2.13973567751299        2.23559413368930       -2.57131810677881
H           -2.82410411139399        3.53970892457029       -3.10200681862926
O           -1.70564794680430        3.38410715952075        0.25766867373205
H           -2.00642517236021        3.47324683416556       -0.66082985926574
H           -0.74734773658648        3.57951093858643        0.23217317618869
O           -1.71034544893304        2.36228872512128        2.80335424293100
H           -2.18992834797703        2.85332516373979        3.47100406968489
H           -1.87414426250058        2.79983444942541        1.95091865902775
O            1.14381770051264       -1.67511799305558       -3.55552715147722
H            0.29850190183440       -2.00352800593228       -3.20291388388505
H            1.83997266682621       -2.06986305138876       -3.01384763815258
O            0.60921215756331       -2.59031859386815       -0.40911025647458
H            0.89511305272778       -2.80811399954010        0.49760195065218
H            1.33874463605669       -2.84775828850378       -0.99095272457695
O            1.47298494393980       -2.69939348423664        2.18145441069666
H            0.56190573912745       -2.91130954673926        2.45459064319471
H            1.59666160260987       -1.77699136518641        2.45802469833129
O            0.81687652409692        0.78033715393074       -2.63233949530344
H            1.04130798039544       -0.05770028553878       -3.10206516410723
H            0.99867455103915        0.60913027034780       -1.69087207140549
O            0.86412722269075        0.01852964479041       -0.01984475739371
H            0.74948818894341       -0.94315565345286       -0.22086377400232
H            1.19074684449307        0.05955124689290        0.90728699058963
O            1.52654161636785        0.03750507792103        2.56504505793956
H            0.65892390607727       -0.10848586155016        3.01587476201553
H            1.65706709367021        1.00247922868435        2.67016677539900
O            0.62029160802372        3.47599948874989       -2.56224003324255
H            0.84435559852297        2.54832464938189       -2.75127884880308
H           -0.34656570437665        3.52563904323516       -2.63258479043161
O            0.97459659112517        3.77820524593817        0.01682349395896
H            0.94185315388158        3.63202715731980       -0.96874098883810
H            1.46730620238073        4.59007634873557        0.14362613916790
O            1.10241112212821        2.66925829357392        2.60910562658930
H            1.13588184337011        2.96837476763057        1.68868519509417
H            0.16105277294577        2.55100802418412        2.81362052053188
O            3.02573842820954       -2.81009002520844       -1.75725036491730
H            3.66457417171519       -3.43922115890653       -2.09619462710358
H            3.39779732719623       -2.46195599569905       -0.91644084580407
O            3.77500528714031       -2.07234700878569        0.71747452000207
H            3.11533347658307       -2.51881771423460        1.27036325502552
H            3.76681475777387       -1.15421970328722        0.99079008920242
60
 energy: -101.732095881227 gnorm: 0.008262059753 xtb: 6.7.1 (edcfbbe)
O           -1.42664945101105       -2.09061880454753       -2.63426340098619
H           -2.09714527495358       -2.57597821565207       -3.11658684503099
H           -1.67583637174022       -1.14306685235376       -2.67652898413397
O           -2.23549216457461       -2.08621905367653        0.11532420587030
H           -2.21369445439648       -1.11828959200964        0.17458023588791
H           -1.64543758822769       -2.31365645300837       -0.62100257653448
O           -1.26945499258829       -2.83377755117391        2.43178779138707
H           -1.60296052261153       -2.59693720997852        1.52246129297488
H           -1.84097059415380       -3.53233888332379        2.75065541056013
O           -1.79851023115075        0.60549502352341       -2.51177286466067
H           -0.82314188320027        0.70742250209806       -2.65688488496374
H           -1.88854671618373        0.55454086812883       -1.52672150079636
O           -1.68995346242397        0.62358687102295        0.13089765705389
H           -0.71594741978233        0.44496872354205        0.14198064320995
H           -1.78354806925505        1.57924825797314        0.29942265575515
O           -0.88198434364504       -0.32931802906458        3.55165671961178
H           -1.17488093772713       -1.17159127523356        3.16447317117092
H           -1.38203385374702        0.38718489790363        3.14199278408638
O           -2.17546097481270        3.22857192002826       -2.48151311625947
H           -2.13720614191923        2.24225651480177       -2.57259521663610
H           -2.83712802870815        3.53968550358092       -3.10143362648027
O           -1.71807766693886        3.37663770927866        0.25757692279927
H           -2.02558537947659        3.47112190137419       -0.65795620388047
H           -0.76236203638600        3.58552609690529        0.22806761071371
O           -1.69241314619282        2.36103598766701        2.81052138708521
H           -2.16540696271790        2.85792936342742        3.47901687276017
H           -1.86717888692947        2.79067273883720        1.95605136088151
O            1.16628010786885       -1.65640036011759       -3.54894878101036
H            0.31447803499732       -1.98450176110249       -3.21217662505303
H            1.84931470069358       -2.06970156019088       -3.00336614624230
O            0.58907716900834       -2.62730528170452       -0.39050051826435
H            0.87970278370537       -2.83974280855355        0.51547492392478
H            1.31184633489893       -2.89785224154320       -0.97610948911759
O            1.46957122741343       -2.71854727181682        2.19952856406224
H            0.55611124752292       -2.91760626597647        2.47529695246394
H            1.60621669204608       -1.79717197254939        2.47212836683507
O            0.84243587415151        0.79352930607889       -2.61326037778970
H            1.06662839905732       -0.04109231402570       -3.08896504564182
H            1.01320502411244        0.61169698690926       -1.67137310136935
O            0.85835550506606       -0.01400422767841       -0.01863167982093
H            0.73626678665544       -0.97619757205529       -0.21639402955234
H            1.18817360138676        0.02790276376131        0.90771555645776
O            1.55033461776059        0.02999519530690        2.55455019798952
H            0.68745527737851       -0.11216038395354        3.01645851273304
H            1.68092666018869        0.99598938992380        2.64700019264176
O            0.61513191886437        3.48773343067543       -2.56541177233691
H            0.84888273619763        2.55933429699194       -2.73822224640416
H           -0.35171634616186        3.52894848448018       -2.63957892723886
O            0.94944751031859        3.82216004992393        0.01078770160980
H            0.92538324963009        3.67150898143354       -0.97501704263153
H            1.41137462642854        4.65246414143515        0.14158001122407
O            1.11991197962212        2.66449524428704        2.58169033470354
H            1.14376577869835        2.97764962715930        1.66510933996825
H            0.18081934966706        2.54894285880144        2.79651755814715
O            3.00225167513650       -2.85555598657964       -1.75170161317003
H            3.65698580368832       -3.46329651622122       -2.10223398995591
H            3.37651196846893       -2.48843555441429       -0.91978718706436
O            3.75084522888397       -2.05743090885358        0.70776841789270
H            3.11659125407421       -2.53819976437202        1.26310784222123
H            3.67750330796858       -1.13456570551079        0.96367171832247
60
 energy: -101.732448178262 gnorm: 0.008582393834 xtb: 6.7.1 (edcfbbe)
O           -1.40534288105846       -2.07475041138100       -2.64883018867478
H           -2.07873134601701       -2.55588643875185       -3.13063612631819
H           -1.65000042206799       -1.12580021831791       -2.68884214661701
O           -2.24710462215738       -2.08989806172699        0.10204717246894
H           -2.22878065650989       -1.12178327040254        0.15748752038791
H           -1.64253961603763       -2.31965985737842       -0.62193166800155
O           -1.28763609263998       -2.81314833555922        2.43314425396736
H           -1.61752551635945       -2.58358111531444        1.52109023219110
H           -1.86493340895739       -3.50599698836603        2.75405558919775
O           -1.77188773433602        0.61937955764487       -2.51771285620039
H           -0.79479012502435        0.71970249993529       -2.65276648818921
H           -1.87083578859809        0.56131278454062       -1.53389091245145
O           -1.69301174027698        0.61862970065622        0.12462911981111
H           -0.72175636793705        0.42897129689973        0.14428217233956
H           -1.78024150379332        1.57514196290400        0.29262736253881
O           -0.84001851303338       -0.32724655969442        3.56801749517220
H           -1.15067753426644       -1.16247710010548        3.17799890423533
H           -1.34099312288481        0.39816604520102        3.17447371623788
O           -2.18518427779231        3.23626039585240       -2.48320413206936
H           -2.12780703419200        2.25138581943502       -2.58320012962546
H           -2.85026753685666        3.54087916357450       -3.10196057962194
O           -1.73402753945743        3.36561309523309        0.25905145710295
H           -2.04778520546071        3.46603394872263       -0.65378345395137
H           -0.78215276260389        3.59554610530140        0.22647967083284
O           -1.66913197402112        2.35750162118660        2.81782335834156
H           -2.13326722341345        2.85976809723281        3.48853333457648
H           -1.85906017240955        2.77863101644700        1.96234262530086
O            1.19464885421381       -1.63516519070373       -3.54003686019647
H            0.33208742870084       -1.95874253000992       -3.22469538611564
H            1.85970783269591       -2.07051703760935       -2.98684763754048
O            0.56682692804457       -2.67002439021408       -0.36932178290141
H            0.86644074013688       -2.87863190092132        0.53457004637366
H            1.27870314358204       -2.95127448706944       -0.96219980842806
O            1.46154815279871       -2.74473055363590        2.22236619729956
H            0.54463955527304       -2.92649787467983        2.49617613888131
H            1.61457700520035       -1.82497346659872        2.49091234298326
O            0.87094694108779        0.80940206912124       -2.58926998146373
H            1.09830449246242       -0.02023738183333       -3.07254818443904
H            1.02840572633181        0.61261076711783       -1.64744482738146
O            0.84996191773330       -0.05298168226160       -0.01660298258989
H            0.72232310636091       -1.01476993520876       -0.21063291443682
H            1.18616638242331       -0.00818280933453        0.90785809780307
O            1.58122571089347        0.01934999332252        2.54081310921610
H            0.72422070623812       -0.11872532493118        3.01563527073867
H            1.71126621278224        0.98658147582300        2.61924162634193
O            0.60837886579731        3.50407191256004       -2.56615618317202
H            0.85126053378239        2.57486847462414       -2.72448291613858
H           -0.35842523784195        3.53794762947580       -2.64601558528802
O            0.91586409194350        3.87515984288793        0.00545129134736
H            0.90276489894075        3.71407912462151       -0.97950250415231
H            1.34559709404073        4.72339130788542        0.13492554714524
O            1.14350480430995        2.65686832778849        2.54637777321429
H            1.15732204594948        2.99118377666672        1.63665469996445
H            0.20656742123118        2.54548616073569        2.77247653053479
O            2.97411782016400       -2.90799261719884       -1.74647505906731
H            3.64389389725088       -3.49491061292967       -2.10324604487433
H            3.34728053903865       -2.51995967870722       -0.92346588916940
O            3.71290697569203       -2.03823660898540        0.69282231853757
H            3.11416028466709       -2.54734379423040        1.26327006916612
H            3.58135837618265       -1.11312247930986        0.92798330480596
60
 energy: -101.732748255001 gnorm: 0.006672350540 xtb: 6.7.1 (edcfbbe)
O           -1.38441396994054       -2.06129322216863       -2.66261909018471
H           -2.05828061494720       -2.53810650319046       -3.14611949054238
H           -1.62754435917720       -1.11159171296291       -2.69823769790009
O           -2.25660800292846       -2.09481024889007        0.08921704583647
H           -2.24160574091468       -1.12667682646247        0.14117916177447
H           -1.63774748870866       -2.32692513504190       -0.62199610067810
O           -1.30631637299938       -2.79082731712006        2.43516126225835
H           -1.63352217884520       -2.57112674801797        1.51971757949449
H           -1.88841367900586       -3.47634386168610        2.76231881507469
O           -1.74636046248946        0.63175947093520       -2.52516998443313
H           -0.76777078165060        0.73165870484073       -2.65039419322555
H           -1.85470876952494        0.57127211466716       -1.54301781086023
O           -1.69637899789374        0.61261512316680        0.11587337164470
H           -0.72720210331331        0.41359250874930        0.14482907089541
H           -1.77894312521439        1.56873178836445        0.28363821738779
O           -0.79929902821684       -0.32318173777887        3.58103502576672
H           -1.12832577875837       -1.15068012854936        3.18828200982461
H           -1.30043206506812        0.41132717742950        3.20387751481634
O           -2.19147419521656        3.24238936598593       -2.48737698394708
H           -2.12503774911504        2.25737428371658       -2.58654836258037
H           -2.85980349257333        3.53952521643423       -3.10427105006285
O           -1.75152551889258        3.35338616668577        0.26186199203255
H           -2.06817914622022        3.45477825387404       -0.65005798344948
H           -0.80403519676851        3.60577749928369        0.22843554698296
O           -1.64401392707416        2.35204435317264        2.82366534387924
H           -2.09897889118953        2.85826123697060        3.49722164150754
H           -1.85077837582580        2.76481362707424        1.96814833314561
O            1.22214799212015       -1.61781560101129       -3.53057273904841
H            0.34955846719097       -1.93323752382635       -3.23282170280893
H            1.87111559547259       -2.07035224887038       -2.97017873091504
O            0.54801148227136       -2.70888593396097       -0.35109776602905
H            0.85834986115207       -2.91461546963519        0.55026329075227
H            1.24780636713041       -2.99599241099813       -0.95238232320326
O            1.44804995441876       -2.77228049004303        2.24685484114607
H            0.52646469383568       -2.93389721689142        2.51288216228259
H            1.61793048427448       -1.85418379769979        2.51016672884175
O            0.89789446924804        0.82356828797391       -2.56572211951936
H            1.13061511573629       -0.00138631543886       -3.05499875734473
H            1.04028553294531        0.61117476551237       -1.62417921188360
O            0.84118812285628       -0.08963371646794       -0.01456272290736
H            0.70824915287321       -1.05017989973479       -0.20322113000621
H            1.18455392211048       -0.03941773861688        0.90756034390769
O            1.61307289914690        0.00827576908570        2.52671528071310
H            0.76150476767654       -0.12742953460444        3.01207176151722
H            1.74085580522734        0.97658885077010        2.59386838844015
O            0.60355354369400        3.52143508440243       -2.56399242428771
H            0.85149368252469        2.59119117114056       -2.71207181366379
H           -0.36309523866445        3.55152928048438       -2.64867415581070
O            0.88032036710389        3.92615511209443        0.00335415362707
H            0.87740652889396        3.75133979163176       -0.97972627785758
H            1.28480028859974        4.78664813992570        0.12516964083347
O            1.16894158299980        2.64912208821501        2.50941160454439
H            1.17297977068509        3.00534471930163        1.60803396367529
H            0.23418340729014        2.53962376833990        2.74592177341112
O            2.94703700403217       -2.95423644878736       -1.74458844831502
H            3.62882563855436       -3.52623590031265       -2.09741758998009
H            3.31288732201489       -2.54638781657226       -0.92796704019343
O            3.66576570903499       -2.02123039387920        0.67357207245338
H            3.09754637424135       -2.53368168462215        1.26728373359856
H            3.52046187572868       -1.10198487635444        0.89830714955309
60
 energy: -101.732910079882 gnorm: 0.007274903423 xtb: 6.7.1 (edcfbbe)
O           -1.36434168558496       -2.04900544471953       -2.67372793006090
H           -2.03591985385348       -2.52272849190304       -3.16227797351464
H           -1.60596863238001       -1.09884271659251       -2.70841802886864
O           -2.26389605602142       -2.10056529664894        0.07850820932079
H           -2.25233572129676       -1.13223527070623        0.12475871375836
H           -1.63285148844585       -2.33635054667522       -0.62041065453208
O           -1.32387833739151       -2.76756976616788        2.43831705927357
H           -1.64781524049779       -2.55812023837904        1.51892894195015
H           -1.91174492232426       -3.44375668317929        2.77444670065113
O           -1.72441820121587        0.64340632386026       -2.53193146959972
H           -0.74488591759145        0.74312791039283       -2.64958546743389
H           -1.83977133195719        0.57663466287947       -1.55140994335060
O           -1.70036589732901        0.60627772523133        0.10711163501341
H           -0.73307060931104        0.39929635287520        0.14448819555472
H           -1.77922581428710        1.56147998608494        0.27792847556315
O           -0.76115893468042       -0.31733146599481        3.59094545301860
H           -1.10681475658063       -1.13684803911267        3.19537431943360
H           -1.25956823323802        0.42582361074788        3.22728387486714
O           -2.19709218529859        3.24717803913031       -2.48893228064927
H           -2.11734565902080        2.26275497828977       -2.59352265028489
H           -2.86627756751869        3.53799045086475       -3.10653389424610
O           -1.76855490739643        3.34301932562402        0.26570819105010
H           -2.08483427632747        3.44363961376678       -0.64646903365796
H           -0.82538747097850        3.61318387711159        0.23401046119649
O           -1.61668587476669        2.34417255156811        2.82827509461452
H           -2.06172265284955        2.85496414512975        3.50480563466503
H           -1.84124126655662        2.74730579007853        1.97256227343794
O            1.24772057473035       -1.60277271982462       -3.51857294674341
H            0.36797288150992       -1.91176558003816       -3.23565431325932
H            1.88400867900928       -2.06944119079705       -2.95500691351743
O            0.53096741360560       -2.74153807019140       -0.33483286754903
H            0.84973026343657       -2.94893433383871        0.56325518572730
H            1.21785829991862       -3.03688477159629       -0.94506635437377
O            1.43290578584280       -2.79767843690487        2.26785382233870
H            0.50581114282825       -2.94286957895929        2.52142853488385
H            1.61541172536117       -1.88318931966927        2.53227105993896
O            0.92049228414863        0.83604915600274       -2.54328666839935
H            1.15947385438737        0.01572825283265       -3.03746460618820
H            1.04874916987479        0.60855457850776       -1.60275925924315
O            0.83125300370379       -0.12036855535222       -0.01153414778684
H            0.69685342561475       -1.07959541342896       -0.19740027976584
H            1.18491530303068       -0.06609443071819        0.90693156185163
O            1.64376188734174       -0.00353602746056        2.51349122990989
H            0.79684824335767       -0.13254143824930        3.00844507385314
H            1.77188445914386        0.96561939636297        2.56709637615901
O            0.59866368811752        3.53711047803403       -2.55939383979842
H            0.85211395379213        2.60669251175235       -2.69911442077790
H           -0.36770901124298        3.56303677735949       -2.65018102257927
O            0.84718061874417        3.97150905899718        0.00375661403398
H            0.85420048798144        3.78822612130744       -0.97789499547046
H            1.22747890867700        4.84309117416376        0.11830002838367
O            1.19570549944064        2.63923579244081        2.47183766219247
H            1.18968739635521        3.01848722441826        1.57999672969966
H            0.26340921850177        2.53117012563707        2.71869454178909
O            2.92152806677277       -2.99544386325987       -1.73859880229503
H            3.61586607943237       -3.55221437769395       -2.08914230034680
H            3.28002491427584       -2.57146369081300       -0.92704361570376
O            3.63010636363090       -2.00324606566655        0.66168872882515
H            3.08224119265447       -2.52618346833031        1.26201695431273
H            3.43312025067037       -1.07897543854215        0.86156446270991
60
 energy: -101.733037759390 gnorm: 0.003909552557 xtb: 6.7.1 (edcfbbe)
O           -1.35223248915384       -2.04418935839455       -2.67796205144800
H           -2.01888503824511       -2.51738746840163       -3.17357893826858
H           -1.59481414817259       -1.09443219787748       -2.71349870779572
O           -2.26596506825732       -2.10593482501063        0.07376931171227
H           -2.25626221686569       -1.13741553102222        0.11496970107698
H           -1.62884129824139       -2.34496439355360       -0.61762084568143
O           -1.33453271257491       -2.75216222751517        2.44121958971327
H           -1.65737152882034       -2.55051967256247        1.51928372743928
H           -1.92651158460167       -3.41976018719588        2.78737023833700
O           -1.71444353779142        0.64846166339212       -2.53675049169957
H           -0.73470317915299        0.74871270723584       -2.65076685255136
H           -1.83326083069943        0.57649847964426       -1.55723067566096
O           -1.70332894609633        0.60050170853773        0.10045114366184
H           -0.73669258283375        0.39136235149809        0.14235508359867
H           -1.78224386077355        1.55437257378512        0.27581227609061
O           -0.73987119358236       -0.31151082315089        3.59287448644431
H           -1.09481523117894       -1.12596518896968        3.19640769336533
H           -1.23407552787519        0.43663955836562        3.23501037608076
O           -2.19872359226577        3.24772668886085       -2.48841935444574
H           -2.10994944694528        2.26399918483043       -2.59912024485348
H           -2.86664842284442        3.53554602326636       -3.10831129946361
O           -1.77861544382095        3.33623364103692        0.26842098579286
H           -2.09286478087174        3.43546446964960       -0.64473938027744
H           -0.83868022641290        3.61554518167970        0.23936893901332
O           -1.59809400978794        2.33653700763557        2.82813154106519
H           -2.03493348374394        2.84981926705590        3.50804093954052
H           -1.83320567590283        2.73579550841016        1.97405831331078
O            1.26156459284299       -1.59508089181946       -3.50952582090062
H            0.37965309834578       -1.90267846164682       -3.23455306591344
H            1.89312149168308       -2.07064290387898       -2.94946905386225
O            0.52247080685237       -2.75447042717643       -0.32837880070889
H            0.84361552225448       -2.96698863267948        0.56731352652174
H            1.20047474323939       -3.05755550041877       -0.94422585790759
O            1.41849441682641       -2.81208078764147        2.27763521865729
H            0.48679891109053       -2.94576731373552        2.52052939048838
H            1.61013486171519       -1.90200960469176        2.54827286564148
O            0.93001099989258        0.84242789262405       -2.53082404016348
H            1.17420089569409        0.02467826489223       -3.02620559345128
H            1.05010129453068        0.60712955886551       -1.59157137190461
O            0.82514460580024       -0.13292988764439       -0.00947330978437
H            0.69006959442203       -1.09143207212805       -0.19380454712029
H            1.18490518595643       -0.07603842739815        0.90646286575200
O            1.66148538043374       -0.01101600366283        2.50475444505699
H            0.81748406268728       -0.13409952763578        3.00553955934402
H            1.79184237580904        0.95795732453820        2.55141249774250
O            0.59628703572631        3.54592577096134       -2.55331043082495
H            0.85333145583706        2.61626520618409       -2.69050571247036
H           -0.36991445296939        3.56881894672713       -2.64839970503573
O            0.82924980831849        3.99321547220855        0.00760281736689
H            0.84154760664053        3.80723478426661       -0.97313078409737
H            1.19269504780249        4.87290986099273        0.11580244056340
O            1.21328789112251        2.63137350958790        2.44756223134125
H            1.20084132139901        3.02611064056726        1.56320037948537
H            0.28279371700302        2.52382273927530        2.70091224100648
O            2.90543918109805       -3.01577954060104       -1.73647502680433
H            3.61139150673095       -3.56206176468892       -2.08148275125646
H            3.25615186790008       -2.57860346314911       -0.92833298758831
O            3.59635483433099       -1.98743539736947        0.64770752335934
H            3.06925017317612       -2.51394114546532        1.26592862756633
H            3.40334875327045       -1.06955709944845        0.85540184578451
60
 energy: -101.733117760972 gnorm: 0.003488837471 xtb: 6.7.1 (edcfbbe)
O           -1.34160534344253       -2.04261147486307       -2.68075752869722
H           -2.00169005897743       -2.51638036406046       -3.18540096058074
H           -1.58655269435281       -1.09370738267774       -2.71671309553083
O           -2.26739093167992       -2.11277424785561        0.07060369508232
H           -2.25891987369549       -1.14403426902999        0.10707492805098
H           -1.62256740841421       -2.35467483563809       -0.61228816043921
O           -1.34529862252381       -2.73797884387451        2.44465625232117
H           -1.66728897615456       -2.54343396621571        1.52052499859158
H           -1.94204738188123       -3.39564438477035        2.80168054936957
O           -1.70717289283407        0.65120635118224       -2.54358490234733
H           -0.72700429303655        0.75351657276415       -2.65203248203218
H           -1.83145679075244        0.57587762983797       -1.56465759995865
O           -1.70793180316535        0.59268471740162        0.09309246688248
H           -0.74144731646369        0.38373584322413        0.13871933474031
H           -1.78876896125142        1.54530145357521        0.27423959158230
O           -0.71955931668550       -0.30533284573772        3.59226729486416
H           -1.08405857479707       -1.11461275932296        3.19485385803594
H           -1.20809989000814        0.44875673278990        3.23928412889418
O           -2.19502852055732        3.24644262151679       -2.48930639758811
H           -2.10970036121890        2.26249159126262       -2.59430632237417
H           -2.86452436734718        3.53159610854096       -3.10958986747153
O           -1.78801620410069        3.32990416300703        0.27021548306172
H           -2.10064029621920        3.42678002755949       -0.64396302639819
H           -0.85129448270177        3.61727419780359        0.24344403882789
O           -1.57806783311573        2.32924377476561        2.82607061037415
H           -2.00720545875742        2.84388263954458        3.50980941413816
H           -1.82491784033004        2.72450515930648        1.97374929946761
O            1.27489623785781       -1.58795339852918       -3.50023761985783
H            0.38998852390021       -1.89545653478422       -3.23574807554482
H            1.90101416478903       -2.07557316004549       -2.94429186655593
O            0.51407041044987       -2.76218211035699       -0.32705503532022
H            0.83621973236344       -2.97837806249987        0.56682498128226
H            1.18625608083093       -3.06997544180920       -0.94653829972530
O            1.40151440339771       -2.82464541106424        2.28402001637070
H            0.46432231745014       -2.94341421383643        2.51769772822145
H            1.60572953346957       -1.91977637811786        2.56212422628909
O            0.93636100175160        0.84840627907333       -2.52116586421440
H            1.18445798155285        0.03229439501424       -3.01636387370045
H            1.04779323371711        0.60747258671125       -1.58268510374750
O            0.81850854959358       -0.14003659385719       -0.00754869263054
H            0.68387879025667       -1.09856452417361       -0.19212994389646
H            1.18367533844240       -0.08265735312316        0.90597086058990
O            1.67912255179438       -0.01771755021528        2.49665305778865
H            0.83749530756229       -0.13548911080151        3.00206625303418
H            1.81165505540308        0.95080618777017        2.53697005642150
O            0.59605463536302        3.55304497675382       -2.54633878094908
H            0.85780887444916        2.62442417101129       -2.67986064050088
H           -0.37003023341368        3.57100716691102       -2.64410417458607
O            0.81441071653725        4.01117815697975        0.01374238473084
H            0.83353844086335        3.82081398451796       -0.96609681650349
H            1.16331904477963        4.89727096157146        0.11547130013019
O            1.23090813720168        2.62356803464202        2.42524786381778
H            1.21162517747725        3.03291225294051        1.54823263342372
H            0.30264184913344        2.51490040490738        2.68505146329315
O            2.89641593052860       -3.02820901577611       -1.73236936074802
H            3.61044926636086       -3.56885243607988       -2.06881031614364
H            3.23737086408979       -2.58079507480511       -0.92564602706034
O            3.57029646154758       -1.97419771361460        0.64177083636565
H            3.04856172817806       -2.50034167794397        1.26070094832932
H            3.37098891673708       -1.05922274736389        0.85267540071019
60
 energy: -101.733174930130 gnorm: 0.003807422810 xtb: 6.7.1 (edcfbbe)
O           -1.32892757701029       -2.04244242097864       -2.68653432736206
H           -1.98230098913253       -2.51743270199958       -3.19978372734303
H           -1.57797955351525       -1.09482403468126       -2.72050066776815
O           -2.27024152562125       -2.12145400431924        0.06725637265162
H           -2.26370212024593       -1.15229425396639        0.09767976410725
H           -1.61478816064545       -2.36643083060236       -0.60485850097716
O           -1.35887711082006       -2.72164867910982        2.44931631482517
H           -1.67982950612407       -2.53500822420553        1.52275222406869
H           -1.96080094742788       -3.36852044827246        2.81712912903702
O           -1.70020925967933        0.65199279266151       -2.55115516056725
H           -0.71956422459894        0.75832515860320       -2.65300110630713
H           -1.83064027321011        0.57382205601991       -1.57273215750183
O           -1.71544679755824        0.58296565458834        0.08556938471867
H           -0.74901738623547        0.37412912623569        0.13535151539741
H           -1.79825780363152        1.53467221429810        0.27224140000652
O           -0.69365927984978       -0.29842981933179        3.59210728627129
H           -1.07111541656853       -1.10185635435807        3.19449185046607
H           -1.17559555976060        0.46326562938056        3.24498590493350
O           -2.19303491490907        3.24438439050880       -2.48745915178481
H           -2.10218425249887        2.26107746787927       -2.59671780295717
H           -2.86115494608964        3.52859532951454       -3.11068258394849
O           -1.79845937333801        3.32204796856671        0.27161923664966
H           -2.11098537471044        3.41855622480787       -0.64277477417099
H           -0.86522399796208        3.61974440881301        0.24640393996567
O           -1.55439181035999        2.32211274769652        2.82360494713581
H           -1.97465813725103        2.83851229151852        3.51170439909315
H           -1.81415784994260        2.71311054435516        1.97310943746231
O            1.29001712482278       -1.57998750889991       -3.49195210901245
H            0.40315845140750       -1.88656537407457       -3.23504299514023
H            1.91130470911625       -2.07744411939269       -2.93944087615565
O            0.50203987897666       -2.77029441536365       -0.32706784146840
H            0.82346345641887       -2.98956359733184        0.56571026530352
H            1.17000704130673       -3.08338857381615       -0.94864981719064
O            1.38199271654244       -2.83824580753640        2.28827537217708
H            0.43938906600609       -2.94191607080473        2.51285643390043
H            1.59982505458295       -1.94063669449597        2.57867969709723
O            0.94253492839573        0.85497573757873       -2.51154351235279
H            1.19533572786358        0.04071093683821       -3.00674294967737
H            1.04479191488279        0.60943622505718       -1.57327360917203
O            0.80958530644427       -0.14727292606251       -0.00566851110213
H            0.67641436112026       -1.10629035581105       -0.19226487632434
H            1.18101704089822       -0.09139561578210        0.90527093479854
O            1.70154809485394       -0.02569982522698        2.48667988634551
H            0.86265049654526       -0.13805944245261        2.99783352436406
H            1.83641574854208        0.94248011184958        2.51880818668070
O            0.59563734849241        3.55971443999273       -2.53807113311337
H            0.86377305973696        2.63244985381656       -2.66623902569415
H           -0.37041693636806        3.57070710964451       -2.63778122529800
O            0.79839038986082        4.03319061701936        0.02077564698550
H            0.82674655520209        3.83631659170995       -0.95811419738683
H            1.13006515523481        4.92681963048588        0.11697392782187
O            1.25205823480787        2.61426150570620        2.40074086579533
H            1.22430024629155        3.04099890246858        1.53182548567959
H            0.32645338287569        2.50490092042483        2.66859839281576
O            2.88733324788811       -3.04376883484163       -1.72695700489619
H            3.61256885791641       -3.57648159107617       -2.05377159960641
H            3.21768602802116       -2.58060713091829       -0.92356131798344
O            3.53787268783410       -1.95281849907162        0.63565554587478
H            3.03399260887523       -2.49534904048661        1.26045258865368
H            3.32031469325366       -1.04147413272487        0.85379782115786
60
 energy: -101.733221942659 gnorm: 0.004404939495 xtb: 6.7.1 (edcfbbe)
O           -1.32538142148139       -2.04934835738755       -2.68909237622025
H           -1.97303640868506       -2.52727811343965       -3.20722511843519
H           -1.57951150459923       -1.10333291155908       -2.72188374202869
O           -2.27012360327762       -2.12842894672802        0.06961231763058
H           -2.26498918123164       -1.15882057316738        0.09497194282209
H           -1.60985584778839       -2.37510002825092       -0.59698753764455
O           -1.36609540120743       -2.71471275417404        2.45402562249450
H           -1.68722549707268       -2.53251011755235        1.52625622965100
H           -1.96927452309481       -3.35601266777494        2.82756913159192
O           -1.70546297024073        0.64573019463724       -2.55417111556885
H           -0.72492943869107        0.75294429805521       -2.65520698420055
H           -1.83629718102620        0.56586168867650       -1.57586233633604
O           -1.72395798102695        0.57634217295547        0.08287997210386
H           -0.75654990084816        0.37064783980173        0.13378692964946
H           -1.80981105923799        1.52747489449728        0.27185682496060
O           -0.68314209466030       -0.29352525147541        3.58710339157150
H           -1.06669178449495       -1.09513708421172        3.19259745087945
H           -1.16013410794914        0.47086084068048        3.23891270020951
O           -2.19016888855026        3.23949180432523       -2.48338271140478
H           -2.09496743730631        2.25698911964359       -2.60189242491780
H           -2.85239543988586        3.52795307800865       -3.11138309230731
O           -1.80131312180550        3.31854887282949        0.27156832297413
H           -2.11322533634276        3.41449164413355       -0.64312055922770
H           -0.86940254580654        3.61834536772493        0.24763347628434
O           -1.54209009473462        2.31908330378926        2.81893407102869
H           -1.95833281475643        2.83516289480383        3.50949483628408
H           -1.80568527098730        2.71044888257632        1.97041210497668
O            1.29359171350838       -1.58009224418867       -3.48990765294770
H            0.40847654781660       -1.88765941562466       -3.23128104589374
H            1.91662397829065       -2.07585109288467       -2.93987162511170
O            0.49815728255992       -2.76114634207664       -0.33703160202834
H            0.81362998226794       -2.98317419166470        0.55687446207601
H            1.16992867980308       -3.07288180106110       -0.95488622829908
O            1.36621407332095       -2.83972730893893        2.28119541289602
H            0.42238530316227       -2.93857963265911        2.50248393520366
H            1.58956515761593       -1.94870832630117        2.58517295693058
O            0.93620690775061        0.85475953495238       -2.51255342493217
H            1.19283084034814        0.04080368171647       -3.00607703208457
H            1.03743427786405        0.61224648049632       -1.57399858958398
O            0.80258438669315       -0.13914422513132       -0.00523484981291
H            0.67485706877028       -1.09893543203235       -0.19672195905446
H            1.17813256518796       -0.08745296709042        0.90405063378203
O            1.71213886749843       -0.02810721775080        2.48187055960686
H            0.87366977347967       -0.13833721005920        2.99398097140437
H            1.84901716260205        0.93948704117164        2.51172750953107
O            0.59755130622609        3.55815991384614       -2.53024720170454
H            0.86749450377687        2.63226583502835       -2.65901077126232
H           -0.36850344207423        3.56613958253805       -2.62894070893824
O            0.79681727276493        4.03505094352052        0.02810721855386
H            0.82975080398295        3.83556619472385       -0.95010260106887
H            1.12600435708244        4.92776904572755        0.12257728832005
O            1.26275867823208        2.61025318256471        2.39336009523135
H            1.23120147126274        3.04171208022366        1.52793485511840
H            0.33864807286205        2.49931144464022        2.66440064972960
O            2.89430302476866       -3.03501853721416       -1.72194838447731
H            3.61971160280705       -3.57151987063526       -2.03921122672889
H            3.21752249854287       -2.56893233254209       -0.91823730893070
O            3.52776145522364       -1.94355583861207        0.64290327283122
H            3.01642837956750       -2.48918714389786        1.25424909812504
H            3.31021883317600       -1.03500866215894        0.87288108667590
60
 energy: -101.733278526523 gnorm: 0.003970468766 xtb: 6.7.1 (edcfbbe)
O           -1.32090765876942       -2.05468382157225       -2.69462311296090
H           -1.96593423613306       -2.53528632413130       -3.21279173421092
H           -1.57808061740149       -1.10974408444731       -2.72774517011425
O           -2.27231913943672       -2.13446132768252        0.06986140641029
H           -2.26992374704650       -1.16449078729239        0.09094182577580
H           -1.60529701814151       -2.38177575115319       -0.59022295726264
O           -1.37589202768336       -2.70858209602707        2.45853970451198
H           -1.69737081970666       -2.53000348414619        1.52981762037544
H           -1.98057244966821       -3.34604208053846        2.83509302657835
O           -1.70816817914098        0.64045009480738       -2.55702786244394
H           -0.72737415784268        0.74688433750829       -2.65658204278301
H           -1.84010744934915        0.55864914938812       -1.57900638236950
O           -1.73374996747061        0.57137874953823        0.08121081047115
H           -0.76555673930682        0.36811661485649        0.13329473939563
H           -1.82164085755604        1.52250597071549        0.26887570001044
O           -0.66914540669705       -0.29038896543021        3.58541692514139
H           -1.05988525320798       -1.09055819520347        3.19464851776773
H           -1.14447118914387        0.47601271781950        3.23847809274886
O           -2.18599126910598        3.23562140655828       -2.48384841619873
H           -2.09810675085436        2.25285862665879       -2.59966221500018
H           -2.84520793448533        3.52843335890600       -3.11299481199047
O           -1.80320000950667        3.31504948896203        0.27025299050410
H           -2.11481298505842        3.41043663663923       -0.64453099690005
H           -0.87128726418468        3.61439464405884        0.24691361918650
O           -1.53037046641852        2.31916588692019        2.81679359249842
H           -1.94520847801746        2.83606613780063        3.50732033150946
H           -1.79805999357600        2.70747605572299        1.96761903697175
O            1.29895675933251       -1.57739627451767       -3.48990965408779
H            0.41234950874472       -1.88729620597458       -3.23511117330637
H            1.92026294942487       -2.07470211802103       -2.93806035459144
O            0.49311487536704       -2.75626186233234       -0.34440602412138
H            0.80370684790845       -2.97958093618118        0.55114336437570
H            1.16930982256129       -3.06687963010487       -0.95858940435326
O            1.35264248357396       -2.84401385661821        2.27559577506189
H            0.40877013334909       -2.93779132326542        2.49813611048436
H            1.58277409279562       -1.95822205271872        2.58830666504258
O            0.93354564019908        0.85551746290819       -2.51266398843591
H            1.19326048311472        0.04244475482790       -3.00634428340123
H            1.03375353013414        0.61494684987519       -1.57306274094099
O            0.79485268886266       -0.13551902688145       -0.00531398823143
H            0.67048256873245       -1.09561390415038       -0.20051293142752
H            1.17536962304767       -0.08747512437651        0.90230037446002
O            1.72436196092976       -0.03064554193221        2.47576941289243
H            0.88661192147647       -0.13872735385854        2.99012462882391
H            1.86330576386220        0.93674793542631        2.50287161892082
O            0.60009093265222        3.55674493357279       -2.52489147096016
H            0.87043014191343        2.63112184092753       -2.65302737464794
H           -0.36591123342703        3.56364110998241       -2.62256140364065
O            0.79680506846934        4.03977302806847        0.03220346019785
H            0.83139317861279        3.83926177986177       -0.94540817062596
H            1.11253260683456        4.94020317641683        0.12741913261469
O            1.27417837768931        2.60683440709971        2.38789860700718
H            1.23899557360294        3.04328959980568        1.52481483229194
H            0.35099708589072        2.49680719939740        2.66232379652031
O            2.89967139262675       -3.03100673190599       -1.71543202664585
H            3.62831152524650       -3.56704628672105       -2.02745329259892
H            3.21901967357514       -2.55846936443030       -0.91401865685980
O            3.51754957775898       -1.93338156957858        0.65195783143443
H            3.00393477791165       -2.48955844026768        1.25150124138129
H            3.29627426208817       -1.02855417352687        0.89427296972011
60
 energy: -101.733355038055 gnorm: 0.004810995437 xtb: 6.7.1 (edcfbbe)
O           -1.31528841669148       -2.06544646735467       -2.70548946717816
H           -1.95815427760640       -2.55076014202050       -3.22024165656521
H           -1.57747080280177       -1.12218181945036       -2.73903011031662
O           -2.27617387153991       -2.14410694077035        0.06941212989718
H           -2.27950130736906       -1.17388741862990        0.08551489377226
H           -1.59744685735252       -2.39041558805431       -0.57982759486832
O           -1.39335903240300       -2.70166577947540        2.46613201754496
H           -1.71547927858780       -2.52771712006381        1.53610015916308
H           -2.00120208744359       -3.33412770348632        2.84591651135936
O           -1.71487568123751        0.62914184960222       -2.56050891298645
H           -0.73385577615618        0.73682185822873       -2.65827541159375
H           -1.84862522710995        0.54804539715117       -1.58310406009378
O           -1.75147036394977        0.56494291019516        0.08029701156551
H           -0.78191531035588        0.36632070401792        0.13358131416633
H           -1.84201351353869        1.51620477606907        0.26372279765190
O           -0.64716775519380       -0.28766107259081        3.58283375562349
H           -1.04871816852767       -1.08612738887573        3.19878402873543
H           -1.12303742339263        0.48044905812547        3.23911044552462
O           -2.18042506874858        3.22824962302996       -2.48632456344015
H           -2.10570407962150        2.24469368884712       -2.59718589068967
H           -2.83290048939069        3.52940788539010       -3.11804730670839
O           -1.80617126226152        3.31065805247887        0.26740853995276
H           -2.11618333609583        3.40377204912739       -0.64801099033665
H           -0.87369156365000        3.61048463874803        0.24572095135668
O           -1.51558021239272        2.32118827307538        2.81479127911739
H           -1.93020071731415        2.84125058298883        3.50285116605455
H           -1.78493246987033        2.70452939896724        1.96321683189320
O            1.30390292437754       -1.57609772251582       -3.49410277471198
H            0.41718946694785       -1.89006307165299       -3.23933568492224
H            1.92606320218218       -2.06767841443554       -2.93713335927299
O            0.48839810245361       -2.74585013410522       -0.35730097038131
H            0.79063701284336       -2.97044755279385        0.54175553069702
H            1.17465686821329       -3.05101921293231       -0.96414796998012
O            1.33253503844223       -2.85197167229953        2.26522159427905
H            0.38885556952349       -2.93713281508531        2.49240452795075
H            1.57432791051794       -1.97275975096891        2.58601832687908
O            0.92769484535645        0.85425078531630       -2.51609561747772
H            1.19061877191065        0.04206286152223       -3.01007399687909
H            1.02897197116797        0.61812446355058       -1.57442449115550
O            0.78137930734883       -0.12738221916891       -0.00706793850448
H            0.66103552425498       -1.08743613870822       -0.20631688328516
H            1.17139301693094       -0.08352198913348        0.89722063477552
O            1.74287685697326       -0.03304297047698        2.46436676162596
H            0.90631772082251       -0.13994824314692        2.98167516545444
H            1.88402672465365        0.93399360541070        2.49128549672711
O            0.60444951243401        3.55282119741698       -2.51768460394456
H            0.87429892694965        2.62650680094684       -2.64520994825489
H           -0.36159019095920        3.55942931263882       -2.61501432116949
O            0.79316686478536        4.04839919748023        0.03737067382731
H            0.83202168528929        3.84563887806525       -0.93927067339988
H            1.11006945014119        4.94438802189977        0.13707497898902
O            1.29087725483851        2.60404659442570        2.38510462261046
H            1.25156446359663        3.04479543443416        1.52369844230276
H            0.36853261738147        2.49537442738760        2.66313254908521
O            2.91196636121364       -3.01640303925786       -1.70449464259800
H            3.64258874165936       -3.55485047830909       -2.00896862284552
H            3.22729925854575       -2.53694674194145       -0.90644506819622
O            3.50602187009747       -1.91743472416744        0.67193946262416
H            2.98992876810052       -2.49559722750086        1.25217304018733
H            3.28253046156133       -1.01963550712451        0.93921301033512
60
 energy: -101.733431168351 gnorm: 0.005133371282 xtb: 6.7.1 (edcfbbe)
O           -1.30821894875542       -2.07454519529165       -2.71741208946378
H           -1.94984423564595       -2.56388191492389       -3.22929426069348
H           -1.57641907919633       -1.13294672414816       -2.74871341077411
O           -2.27937505238842       -2.15385612390386        0.06679309354429
H           -2.28987467449845       -1.18370604965791        0.07887955021609
H           -1.58917481165696       -2.39826581156602       -0.57129813187202
O           -1.41339223833227       -2.69332265563009        2.47444927009077
H           -1.73357594791688       -2.52462506443426        1.54205075798164
H           -2.02580464857268       -3.32060549617024        2.85728429436296
O           -1.71992631003833        0.61891535528084       -2.56379995884869
H           -0.73899679569874        0.73109763397331       -2.65935936504723
H           -1.85661567700339        0.53987585858508       -1.58731277715979
O           -1.76893170150319        0.55917334109620        0.07918242833660
H           -0.79862108126927        0.36400523412175        0.13418931235300
H           -1.86072909764369        1.51037437194903        0.25954609367908
O           -0.62302818149034       -0.28600905794607        3.58074348741139
H           -1.03649268195035       -1.08147172688111        3.20209515163714
H           -1.10074201330803        0.48451189290927        3.24383695513355
O           -2.18027370654924        3.22154678693953       -2.48716691007199
H           -2.10372288262568        2.23815992782160       -2.60553433044027
H           -2.82295684423796        3.52940988515280       -3.12514736149051
O           -1.80656336480956        3.30517818098736        0.26577615607149
H           -2.11514930330260        3.39784708412989       -0.65019607034229
H           -0.87339255671349        3.60450874244255        0.24490687788312
O           -1.50119280246727        2.32170264841678        2.81489015943181
H           -1.91537781637685        2.84734305198812        3.49923236205259
H           -1.76904829692504        2.70018477702998        1.96072762567012
O            1.30820774060240       -1.57657427107361       -3.49919796561489
H            0.42394923935206       -1.89304958719809       -3.23931782269697
H            1.93402218384923       -2.05725761420255       -2.93762544292947
O            0.48529360269880       -2.73968870976808       -0.36611095671515
H            0.78120862758070       -2.96589615351832        0.53550333213895
H            1.17993064108714       -3.03798703050309       -0.96730838445166
O            1.31120348078998       -2.86344009365347        2.25947926895806
H            0.36667227053756       -2.94000578109729        2.48817475679108
H            1.56404263139695       -1.98902731935516        2.58381518638954
O            0.92371345938455        0.85250984508032       -2.51890707582658
H            1.18838006892260        0.04101473181372       -3.01314784169034
H            1.02567866715054        0.61834723966882       -1.57600978184434
O            0.76695029007783       -0.12196382376364       -0.01010234272445
H            0.64976209479573       -1.08152163869504       -0.21033244844270
H            1.16878195469514       -0.07845624401631        0.88940164251777
O            1.76244415521685       -0.03508153193739        2.44980418021601
H            0.92820911093048       -0.14300725012515        2.97064638953417
H            1.90397746350044        0.93154518307469        2.48026103127991
O            0.60653905011210        3.55079991925096       -2.51039970582096
H            0.87549023702074        2.62363893998584       -2.63927764798117
H           -0.35961043615894        3.55772783890594       -2.60943955492573
O            0.79135373044905        4.05454946039989        0.04225984938882
H            0.82959546749620        3.85094628392001       -0.93362681336428
H            1.09295376807746        4.95923423389773        0.14289561431189
O            1.30835256302044        2.60354665643231        2.38278863868094
H            1.26631851189058        3.04559398997281        1.52221911780921
H            0.38669095137786        2.49397147390100        2.66268511697996
O            2.92093094147857       -2.99950925918068       -1.69391943161103
H            3.65215250173755       -3.54152189406977       -1.99016733317322
H            3.23133321878878       -2.51566962916215       -0.89764566444740
O            3.49609757987085       -1.90571517027262        0.69284167784730
H            2.97534130779200       -2.49766620956285        1.25484633639934
H            3.27453620530712       -1.01431027738114        0.98148028533571
60
 energy: -101.733520809541 gnorm: 0.004639997838 xtb: 6.7.1 (edcfbbe)
O           -1.30169395746382       -2.08106824841747       -2.72620396231237
H           -1.94166295232816       -2.57356857257972       -3.23794797311899
H           -1.57520896884824       -1.14091593228551       -2.75575568274363
O           -2.27971781849907       -2.16318788849452        0.06419906238748
H           -2.29848178294080       -1.19323533116485        0.07171401354058
H           -1.58178192626479       -2.40597361115143       -0.56480268269284
O           -1.43184602301917       -2.68448042428145        2.48294697067537
H           -1.74754861137906       -2.52112540700713        1.54765737505904
H           -2.04758729302028       -3.30820160832344        2.86711641950678
O           -1.72403585525474        0.61211925502787       -2.56759863136746
H           -0.74309597222695        0.72363677986364       -2.66114062628822
H           -1.86415842502125        0.53124552347714       -1.59219033121266
O           -1.78487996066130        0.55436462809938        0.07717329973596
H           -0.81439181353553        0.36181948851965        0.13406228320665
H           -1.87723927882593        1.50530857104475        0.25692650421295
O           -0.60124449758295       -0.28527371522787        3.57730820369467
H           -1.02559594664215       -1.07724870035010        3.20366481954180
H           -1.08102268784296        0.48749795336105        3.24864934020604
O           -2.18000697516475        3.21632861437298       -2.49012960059926
H           -2.10241932400874        2.23298943038183       -2.61192054481921
H           -2.81483121176911        3.52733808753912       -3.13419324565718
O           -1.80677249804030        3.30038091742162        0.26511687573031
H           -2.11322530391961        3.39244001454949       -0.65179431408495
H           -0.87378001264588        3.60140713409829        0.24534631554861
O           -1.48694242849062        2.32097192473484        2.81643313862361
H           -1.90328410799715        2.85140604154569        3.49576046441619
H           -1.75487606318692        2.69271402808474        1.95907298849047
O            1.31218282861000       -1.57642948966191       -3.50362980689691
H            0.42859209624259       -1.89696764303641       -3.24483882855661
H            1.93986682463832       -2.05150708753693       -2.93867581123572
O            0.48486073700978       -2.73536053184002       -0.37102152275777
H            0.77627444619963       -2.96455105369853        0.53157794828792
H            1.18503968772032       -3.02705276140683       -0.96890053295537
O            1.28940912921850       -2.87405575177042        2.25662278187358
H            0.34496246123951       -2.94864553111791        2.48391629736980
H            1.54719315459426       -2.00345524627990        2.58515216379818
O            0.91956086364592        0.85137007659372       -2.52182268642685
H            1.18615929433878        0.04042093413176       -3.01553333377111
H            1.02077559140678        0.61699813230233       -1.57873178031621
O            0.75339808739918       -0.11663873224060       -0.01393722249351
H            0.64117492239080       -1.07570460517620       -0.21405947670625
H            1.16832609971332       -0.07077197769502        0.87932833329683
O            1.77941045611727       -0.03545737708978        2.43402615005099
H            0.94820032030982       -0.14457165368084        2.95894591914292
H            1.92105909673784        0.93104313142071        2.46911131514704
O            0.60735369385117        3.55019667328331       -2.50402773884594
H            0.87458291174499        2.62260541936226       -2.63661589014017
H           -0.35867475765191        3.55830962758166       -2.60644485964688
O            0.78628662552543        4.05904939858063        0.04717539504800
H            0.82533882740199        3.85361491036276       -0.92833996200400
H            1.08316885083198        4.96516559688198        0.14619666916474
O            1.32419872003807        2.60477756098939        2.38167139190715
H            1.27951056902646        3.04847638379540        1.52193069390035
H            0.40314680654942        2.49424977394573        2.66344043210444
O            2.92689417408846       -2.97892660246776       -1.68378025317137
H            3.65856443259176       -3.52491038478578       -1.97145779341645
H            3.23188231276406       -2.49309139114185       -0.88734491426200
O            3.49008986656324       -1.89848187355396        0.71274783377776
H            2.96688719328797       -2.49821279647490        1.26254750831984
H            3.27471790238757       -1.01249882137833        1.02121622070080
60
 energy: -101.733659202599 gnorm: 0.004028710033 xtb: 6.7.1 (edcfbbe)
O           -1.29105919506974       -2.08823676955011       -2.73726671252993
H           -1.92773051435993       -2.58371381391201       -3.25200209301933
H           -1.57015989714745       -1.14987752663791       -2.76596354563490
O           -2.27967744889271       -2.17785379953667        0.05777799945382
H           -2.30949881223252       -1.20867827515259        0.05979845434196
H           -1.56525052841600       -2.41858746395389       -0.55365193193679
O           -1.46185880197874       -2.66952266070205        2.49424701666732
H           -1.76970561415278       -2.51457517255961        1.55503474303555
H           -2.08202006301999       -3.28766891789772        2.88057754783265
O           -1.72768455270362        0.60510880331833       -2.57536613579595
H           -0.74671752374821        0.71793061617766       -2.66397148725720
H           -1.87542843355713        0.52207220767449       -1.60173963095915
O           -1.80840026836813        0.54607313952304        0.07147354853313
H           -0.83825764464445        0.35647235505296        0.13163456853341
H           -1.90127062268647        1.49670865344113        0.25222172570416
O           -0.56485833790383       -0.28573823287372        3.57088103577780
H           -1.00756211812127       -1.07076555840099        3.20443173131893
H           -1.04552115285994        0.49250614063351        3.25720259439977
O           -2.17897492406911        3.20969653084659       -2.49672558194767
H           -2.10063031751660        2.22632383538206       -2.61821486730294
H           -2.80469352994128        3.52081352435537       -3.14969240674962
O           -1.80819707523635        3.29207532069223        0.26535204039594
H           -2.11171404926315        3.38360313448319       -0.65274585469810
H           -0.87640643022657        3.59725663802917        0.24690868679839
O           -1.46408412266490        2.31671819090225        2.81929185289155
H           -1.88307748450000        2.85426804397211        3.49168912658524
H           -1.73127391071698        2.68016469542729        1.95881791092185
O            1.31908441673108       -1.57551349240055       -3.51056596339911
H            0.43773026369095       -1.90032806675880       -3.25210062208843
H            1.94994457285191       -2.04041425187194       -2.94139545843873
O            0.48320503973670       -2.73489253924142       -0.37347298604690
H            0.77034431715969       -2.96673820295684        0.52951892342352
H            1.18943716795908       -3.01642929196292       -0.96841448193197
O            1.25356779055706       -2.89264087334512        2.25832373968653
H            0.30772579929779       -2.96147671306660        2.48198327140571
H            1.52037534374038       -2.02683876843486        2.59151508850986
O            0.91459325457336        0.85101216240934       -2.52613482256153
H            1.18460499733848        0.04101052320719       -3.01896757428784
H            1.01008311979072        0.61287105655095       -1.58339276242796
O            0.73314612200183       -0.11225830141908       -0.02069314602749
H            0.62879881346509       -1.07116622432954       -0.21961998032948
H            1.16963921584451       -0.06089674345864        0.86126775968801
O            1.80738742226184       -0.03342435844180        2.40805348766866
H            0.98129115800764       -0.14469286202472        2.93919651727791
H            1.94707218214187        0.93374503778970        2.44720595925912
O            0.60652135264488        3.55158889331741       -2.49560202928166
H            0.87298004768928        2.62383985135846       -2.63232113524367
H           -0.35919466046251        3.55932415495923       -2.60329333825738
O            0.77570235319724        4.06604410620483        0.05410422131995
H            0.81850758670423        3.85777421744652       -0.92145871747365
H            1.06531688893709        4.97415783775238        0.14857592740154
O            1.34811897516897        2.60884730728322        2.37786808498174
H            1.29742657167482        3.05447528110938        1.51963244767698
H            0.42870650808941        2.49531189313273        2.66408189314880
O            2.93171751086230       -2.94501102992616       -1.66865564024569
H            3.66276848156751       -3.49823462089083       -1.94225705487386
H            3.22753447571402       -2.45923726700308       -0.86955285852379
O            3.48052488143006       -1.88956856890845        0.74177960933652
H            2.95969386798460       -2.50330984699942        1.27679092472244
H            3.27042006559933       -1.01282867778139        1.08391550053475
60
 energy: -101.733788643852 gnorm: 0.005613826210 xtb: 6.7.1 (edcfbbe)
O           -1.27809165668456       -2.09339659987726       -2.75060668075362
H           -1.91373821496379       -2.59077910446936       -3.26522910178698
H           -1.56340720046853       -1.15703126802078       -2.77577191257733
O           -2.27867968297851       -2.19405471704662        0.05148612170657
H           -2.32010440304242       -1.22560168464766        0.04477000739932
H           -1.55085827529486       -2.43360665780946       -0.54284025708810
O           -1.49530153818186       -2.65437112069440        2.50533846199307
H           -1.79272558685157       -2.50846891868753        1.56190209580829
H           -2.12160893660626       -3.26551720555007        2.89313705927769
O           -1.73093806652698        0.59987461829051       -2.58473515769696
H           -0.74980060613806        0.71439494185386       -2.66786654527964
H           -1.88687307536871        0.51391345360570       -1.61306193476004
O           -1.83329342732435        0.53678706071023        0.06379701895559
H           -0.86391650394514        0.34892220406716        0.12793643352729
H           -1.92636475282306        1.48730745808771        0.24602642196531
O           -0.52134988290932       -0.28874352219540        3.56203071879614
H           -0.98645979297630       -1.06505399403894        3.20431996703633
H           -1.00172013115443        0.49729564098970        3.26733445946601
O           -2.17897545097024        3.20433558041239       -2.50392760973164
H           -2.09730014234832        2.22112541482725       -2.62577357582423
H           -2.79632790841235        3.51332327104319       -3.16611330102309
O           -1.81059565409853        3.28180079590668        0.26589167988606
H           -2.11277503652039        3.37574972827462       -0.65225458453938
H           -0.88029241431164        3.59254163248117        0.24808134975927
O           -1.43553617548698        2.31296255701634        2.82405085760719
H           -1.86120836735611        2.85555606701975        3.48807273669525
H           -1.70980819069959        2.66152263696854        1.95824415781448
O            1.32970543996904       -1.57050006115616       -3.51942822658046
H            0.44789967632293       -1.90068861009065       -3.26837522779629
H            1.95970990013940       -2.02763052253609       -2.94237890729989
O            0.47924711854522       -2.73934671138707       -0.37219746560244
H            0.76097082827412       -2.97094307456854        0.53227536542622
H            1.19288607163781       -3.01044108452100       -0.96313023039479
O            1.21386973928291       -2.91285285625665        2.26542046146353
H            0.26657216527542       -2.97634976581091        2.48508515848079
H            1.48665912058955       -2.05103078508180        2.60101576978657
O            0.90933192364631        0.85255571325941       -2.53133564596846
H            1.18476285873298        0.04482517665374       -3.02495171512073
H            0.99637193196429        0.60814718937721       -1.58920772509863
O            0.71218204131413       -0.11160920343624       -0.03003627342644
H            0.61472681488556       -1.07125894067752       -0.22597930201483
H            1.17271201346470       -0.05335682257965        0.83828376576480
O            1.84073534560796       -0.02632119072935        2.37708268817637
H            1.02081212254280       -0.14429700491565        2.91490817085950
H            1.97442240009772        0.94192739974226        2.42018101008676
O            0.60311879011987        3.55423197339825       -2.48909979149532
H            0.87090937385421        2.62683169237655       -2.62782848410276
H           -0.36234956000133        3.55929969792459       -2.60076998278952
O            0.76457155003044        4.07273985237064        0.05898099568055
H            0.81177669375567        3.86181428228758       -0.91687127349752
H            1.04557019435605        4.98335934256891        0.14817140995863
O            1.37410820185718        2.61523204203280        2.37287969029289
H            1.31394905343603        3.06391958743756        1.51624234883155
H            0.45725671095674        2.49925909243774        2.66674146264726
O            2.93558516650238       -2.90646704675660       -1.65005957445646
H            3.66878758542813       -3.46457029300717       -1.90970695235961
H            3.22097222854898       -2.42124028659711       -0.84646355753152
O            3.47147933235802       -1.88510696953767        0.77779767262966
H            2.95666080345474       -2.51487842569644        1.29813164863603
H            3.26513996744656       -1.01936639501231        1.15629895013985
60
 energy: -101.733911953869 gnorm: 0.005849508715 xtb: 6.7.1 (edcfbbe)
O           -1.26661362414958       -2.09377894458344       -2.76194173482143
H           -1.90326635415017       -2.59177407724590       -3.27439309292968
H           -1.55556763259934       -1.15880093060742       -2.78444114006951
O           -2.27950979815432       -2.20743054075956        0.04458990535018
H           -2.32742056421786       -1.23987382173385        0.03068236317439
H           -1.53775464827113       -2.44692554388412       -0.53305544810353
O           -1.52473448838291       -2.64230599952435        2.51220069025688
H           -1.81309790511496       -2.50466792689904        1.56540120650917
H           -2.15634644722873       -3.24709120266520        2.90112879246369
O           -1.73297878911909        0.59893215709318       -2.59332860143084
H           -0.75151261425354        0.71392594476969       -2.67248135494841
H           -1.89459065971578        0.50911935494086       -1.62326055152522
O           -1.85166622674636        0.52857175145154        0.05581306323256
H           -0.88333614905024        0.34055030543080        0.12365689243046
H           -1.94454661447450        1.47926359410211        0.23849262286134
O           -0.48326601577982       -0.29410314168586        3.55165098188464
H           -0.96603886019405       -1.06240006652116        3.20220099970109
H           -0.96117781750872        0.49863076263566        3.27271821829806
O           -2.17972821273028        3.20232256909643       -2.51027245466760
H           -2.09821248210659        2.21903468683595       -2.62861116792955
H           -2.79318075938994        3.50764935699035       -3.17766311057226
O           -1.81262849292554        3.27159259221950        0.26707687421123
H           -2.11677765136842        3.36963804650310       -0.64965800830700
H           -0.88365579021405        3.58654797629091        0.24801004841736
O           -1.41466026716889        2.30551253778156        2.82708558374789
H           -1.84129822513740        2.85225888796828        3.48777238755609
H           -1.68659546054481        2.65136126563031        1.96194618137384
O            1.34026818523148       -1.56296914648083       -3.52818711552421
H            0.45824077016517       -1.89607818399807       -3.28320943943635
H            1.96795982498773       -2.01148215507320       -2.94198142138423
O            0.47473318169307       -2.74851927055892       -0.36652240764812
H            0.75074798450391       -2.97837991012178        0.54001344635180
H            1.19566065894344       -3.00999018950357       -0.95307570618887
O            1.17933691956230       -2.92956809817787        2.27646526721594
H            0.23083433733925       -2.98920376123766        2.49256976523716
H            1.45524289324365       -2.07038941119028        2.61512608340494
O            0.90470006640354        0.85540339661691       -2.53553979460225
H            1.18583427805989        0.05108012086182       -3.03208229065834
H            0.98410826103679        0.60332047456779       -1.59466894317220
O            0.69671860066763       -0.11653399253632       -0.03932198487077
H            0.60363196968732       -1.07760737464946       -0.23077317470866
H            1.17851104959791       -0.05118481846913        0.81583504408824
O            1.87063147204349       -0.01415880116644        2.34954176860292
H            1.05614586393848       -0.14026044986382        2.89279831217759
H            1.99533320252281        0.95605977967907        2.39113375575157
O            0.59768961330834        3.55717553698297       -2.48732791366804
H            0.86741585863338        2.63056699942452       -2.62596767633672
H           -0.36763462536369        3.55944484069261       -2.59998469390138
O            0.75682639575619        4.07589837036898        0.05960471712102
H            0.80629577375685        3.86378281925471       -0.91658880747259
H            1.02867381701750        4.98988580907933        0.14365624127225
O            1.39300973597920        2.62427489642909        2.36790182388120
H            1.32472095599865        3.07280505904307        1.51196540921384
H            0.47886900072974        2.50454532769222        2.66795638736260
O            2.93827998432309       -2.86876294015647       -1.63226316469786
H            3.67054779093326       -3.43038030252938       -1.88518387900160
H            3.21611044914165       -2.39397964262475       -0.82068956751122
O            3.46574869858439       -1.89009374496596        0.81393899041004
H            2.96042227332469       -2.53115561930702        1.32668513014545
H            3.25760983889974       -1.03262995168518        1.21277081233721
60
 energy: -101.734093234022 gnorm: 0.005756353170 xtb: 6.7.1 (edcfbbe)
O           -1.25162104520601       -2.08883367088749       -2.77612960897403
H           -1.89117553704778       -2.58765837467290       -3.28325483122887
H           -1.54398536585041       -1.15530872923046       -2.79587019378341
O           -2.28218544403946       -2.22206699815304        0.03642012923850
H           -2.33407312723123       -1.25529818374974        0.01216135567823
H           -1.52685883278167       -2.46335818924242       -0.52282928729460
O           -1.55882601029946       -2.62904882455736        2.51767169983876
H           -1.83692895107730       -2.50157065903424        1.56708889929218
H           -2.19824868573969       -3.22408964749270        2.90873298985222
O           -1.73396680898543        0.60209130938025       -2.60360871374582
H           -0.75192855519993        0.71857706952167       -2.67889089160286
H           -1.90010588845223        0.50784266379064       -1.63509042281515
O           -1.86724351511029        0.51851002763427        0.04483909291612
H           -0.90047981432422        0.32831680950520        0.11697460904772
H           -1.95966395175676        1.46906341507315        0.23050856060609
O           -0.43628210087543       -0.30340063700014        3.53461171646686
H           -0.94425682797590       -1.06018229758061        3.19554056393874
H           -0.91026724482851        0.50011712114487        3.27900519557294
O           -2.18388804253310        3.20321051695579       -2.51455302769346
H           -2.10012330180504        2.22012291707570       -2.63198261319045
H           -2.79469095547921        3.50403765587842       -3.18623353632707
O           -1.81718682426250        3.25901691297582        0.26949531673198
H           -2.12597376822650        3.36477842901030       -0.64429486041450
H           -0.88968749531225        3.57711041495138        0.24843816276942
O           -1.38204382074993        2.29928456819874        2.83337887264478
H           -1.81587519271198        2.84503889075532        3.48953087958608
H           -1.67170304216954        2.62716091890930        1.96399335920003
O            1.35646612163921       -1.54970077443345       -3.53759334814417
H            0.47359992308899       -1.88422574435997       -3.30071716831885
H            1.97818975801845       -1.98769436782816       -2.93780797574324
O            0.46639356465016       -2.76612224442869       -0.35433253951821
H            0.73664989528324       -2.99195615448296        0.55503205023165
H            1.19565997072847       -3.01578967193882       -0.93594018402948
O            1.13995806159359       -2.94904770145927        2.29580335764948
H            0.18909539881658       -3.00220853366825        2.50608405438935
H            1.41872040278422       -2.09268158887007        2.63987835321458
O            0.90060545692890        0.86101047731065       -2.53796477178274
H            1.18935593853719        0.06249319529341       -3.04047031458660
H            0.97138108254346        0.59805170808116       -1.59937392401231
O            0.68330759640283       -0.13018417664727       -0.05093702525857
H            0.59201601457274       -1.09387222959417       -0.23412874974801
H            1.18849879258703       -0.05510756040572        0.78819676479967
O            1.90823050400066        0.00643852980750        2.31573898751553
H            1.10060032602486       -0.13335524958709        2.86470260036259
H            2.01813515554420        0.97914840939221        2.35337384543212
O            0.58825478770294        3.56165557005076       -2.48968775514550
H            0.86201625798887        2.63656652881227       -2.62543053121452
H           -0.37721015183508        3.55952237532628       -2.60062862312056
O            0.74761006446783        4.08035396832107        0.05571268557002
H            0.79880622695376        3.86608191576132       -0.92052573846464
H            1.00823358313419        4.99808034965930        0.13315424563955
O            1.41581096708009        2.63833137384447        2.35641846788076
H            1.33482428100674        3.08611342631954        1.50132537156599
H            0.50605391387581        2.51372000222090        2.66697844656186
O            2.93853666752623       -2.82864232007187       -1.60811675583051
H            3.67469574934699       -3.38662766760429       -1.85834770153223
H            3.20724719655370       -2.36631758006396       -0.78513181574632
O            3.45865544130864       -1.90363312997958        0.85959896642167
H            2.96992127167336       -2.56190852904370        1.36528356842488
H            3.23201245945703       -1.05528077486853        1.27011486017597
60
 energy: -101.734298494956 gnorm: 0.006731943769 xtb: 6.7.1 (edcfbbe)
O           -1.23785506021245       -2.07724098265343       -2.79009707765055
H           -1.88416705875017       -2.57925046856004       -3.28417986449905
H           -1.53459284483570       -1.14534127715841       -2.80722807744989
O           -2.28633246748126       -2.23432867923202        0.03099081542538
H           -2.33719410076364       -1.26779867888583       -0.00647639471989
H           -1.52568530041464       -2.47969248878784       -0.51494508382590
O           -1.58847251482029       -2.62233946706498        2.51966441824603
H           -1.85651495924325       -2.50280896509325        1.56597036851167
H           -2.23797192891197       -3.20586475028663        2.91085697843575
O           -1.73731535352152        0.61004756583217       -2.61295805326248
H           -0.75472379117882        0.73020419386390       -2.68718262234654
H           -1.90291455786679        0.51100328120761       -1.64509874568751
O           -1.87214344142299        0.50863267070432        0.03387915805086
H           -0.90705980555782        0.31463546953226        0.10797767386229
H           -1.96377233590373        1.45911978911519        0.22181947484471
O           -0.39576910135544       -0.31834130353822        3.50755322664267
H           -0.92540314068072       -1.06397232003392        3.18230146996268
H           -0.86344516298219        0.49380915333888        3.27250489171051
O           -2.19366175210270        3.20859011403142       -2.51294861511721
H           -2.10879099171858        2.22580929427403       -2.63192852354723
H           -2.80391541997411        3.50720869166502       -3.18607589725302
O           -1.81888698682256        3.24510235490515        0.27289004824343
H           -2.13998865943009        3.36260375248916       -0.63478992689479
H           -0.89254147113989        3.56522224354621        0.24551551557981
O           -1.35982443105219        2.28664907846512        2.83603232992776
H           -1.79177677141182        2.82908729908841        3.49639318786824
H           -1.65185655365514        2.61619230048872        1.97229780043235
O            1.37450018933791       -1.53178617940180       -3.54667234383326
H            0.48837042942018       -1.86875667361190       -3.32380517509775
H            1.98462541813208       -1.95893920772686       -2.92681008624910
O            0.45914214896200       -2.78686779889793       -0.33559009301303
H            0.72358789984049       -3.00649251305304        0.57763893741935
H            1.19890747652157       -3.02220684530756       -0.91111004648670
O            1.10683203857960       -2.96417194676646        2.32149750237336
H            0.15400208977654       -3.01689920090024        2.52264360593151
H            1.37788178478034       -2.10964112658548        2.67419848798742
O            0.89438317988928        0.86790392266155       -2.54113158681473
H            1.19050020959631        0.07702648718533       -3.05210458688495
H            0.96010261017693        0.59413444908806       -1.60562592331530
O            0.67910766099315       -0.14897927264645       -0.06490384537489
H            0.58563817047745       -1.11682384550153       -0.23439138310342
H            1.20426005279453       -0.06082683214348        0.75763628389592
O            1.94224034214559        0.03919572456447        2.27988473609709
H            1.14158369633200       -0.12076551416230        2.83213864270435
H            2.03237258366502        1.01429295607440        2.31431042721047
O            0.57447482154592        3.56484134838304       -2.50175669824285
H            0.85340075490965        2.64162514605246       -2.63218331325375
H           -0.39178375465370        3.55810348407305       -2.60515223639071
O            0.74583114997493        4.07594450090520        0.04302265613320
H            0.79437018911264        3.86272729099261       -0.93333027338420
H            0.99711395825411        4.99635041547043        0.11671410233696
O            1.42913073735434        2.65724848924331        2.34491461219429
H            1.33658741196339        3.10408150934634        1.49000568537369
H            0.52387284614806        2.52807797227061        2.66500337050898
O            2.94024236922792       -2.78342672942268       -1.57708556431000
H            3.68217764409358       -3.32882151392534       -1.83929371215697
H            3.20442589324948       -2.34488970295605       -0.73734167357595
O            3.46127278680871       -1.93372607872116        0.91626623544097
H            2.99464939894528       -2.61516830010172        1.41542005152792
H            3.19183430480913       -1.09262702571018        1.32016984880693
60
 energy: -101.734386500688 gnorm: 0.009760078739 xtb: 6.7.1 (edcfbbe)
O           -1.21976630746823       -2.06736959152860       -2.80628376342367
H           -1.86805033465399       -2.57606333175883       -3.29090010780939
H           -1.52345729278174       -1.13759050773992       -2.82255222889340
O           -2.29652696668655       -2.24828256086926        0.01966575126420
H           -2.34721564998420       -1.28163640068821       -0.02586002318836
H           -1.50847275139856       -2.49691179291540       -0.49965898753184
O           -1.62302913162765       -2.60868957716667        2.52346629565836
H           -1.88641240404153       -2.49894524719873        1.56613532376014
H           -2.28345674016103       -3.17669338078770        2.92152753987292
O           -1.73664260934651        0.61694799960685       -2.62325497344326
H           -0.75336752838803        0.73948592120416       -2.69448955305414
H           -1.90253185245930        0.51033985776929       -1.65582242894674
O           -1.87957196865987        0.49579216242445        0.02318466419692
H           -0.91552765895959        0.29724671059657        0.10237798605536
H           -1.96933148343953        1.44533082668665        0.21603353530412
O           -0.34702379644937       -0.32672003142957        3.48252651930456
H           -0.90848901697563       -1.05963319073057        3.17008655670275
H           -0.81126418183739        0.49735166527120        3.27317409400529
O           -2.20345331651299        3.21265871915501       -2.50696690824869
H           -2.11629944798576        2.23043121720617       -2.63293799943908
H           -2.80961898466219        3.51523630420006       -3.18250648505837
O           -1.82640349499016        3.23052357806842        0.27669106281090
H           -2.15579763943875        3.35511756844118       -0.62696423119563
H           -0.90183171465440        3.55616023216596        0.24612322435402
O           -1.32696401008823        2.27665816004192        2.83884608155747
H           -1.75572167994480        2.81698396195943        3.50308701459464
H           -1.63845078042014        2.59438157150788        1.97528052340126
O            1.39685637997562       -1.51572107773134       -3.54609783271795
H            0.50789630009138       -1.85285965709275       -3.33395573837963
H            1.99598900022797       -1.93549302363738       -2.91029812237406
O            0.44824695210180       -2.80348954652667       -0.32167517149293
H            0.70930216908404       -3.02217226401115        0.59335689284429
H            1.19327988307145       -3.03112750438905       -0.89405507056592
O            1.07050780888080       -2.98624522867673        2.34295232468495
H            0.11216367381990       -3.02818949396898        2.52866795351605
H            1.34703909446888       -2.13985315322388        2.71469727753496
O            0.89445440761389        0.87656428594557       -2.53783780976342
H            1.19740188766751        0.09210738438673       -3.05460850116209
H            0.95396466253918        0.59381418201818       -1.60368973637185
O            0.66931315415835       -0.16529282590585       -0.07519118998179
H            0.57806506529688       -1.13590677362050       -0.23428963330727
H            1.21747116628315       -0.06642460023985        0.73353988586771
O            1.98480755908340        0.05545667833165        2.24222469136536
H            1.19029588686339       -0.11429325286716        2.79899375609117
H            2.06361557546328        1.03179534504998        2.27202782109892
O            0.56503450061457        3.57013757514837       -2.50783497276616
H            0.84908192961590        2.64775010095186       -2.63253894166296
H           -0.40207101005937        3.55905856597114       -2.60621377341163
O            0.73357975394894        4.08981241708454        0.03518987460891
H            0.78522196628582        3.87259802946192       -0.94025785501745
H            0.96823743274025        5.01594497196938        0.10677485595651
O            1.45362854855228        2.66673206729451        2.32080330305305
H            1.34925021360671        3.12248601032301        1.47027427459849
H            0.55270946849393        2.53266746812255        2.65092029518650
O            2.93659362448046       -2.76291901186410       -1.54503720482087
H            3.68705770166285       -3.28983267330419       -1.82329216396005
H            3.19720401911336       -2.34167912778076       -0.69482194095951
O            3.44270083431436       -1.94735593149253        0.96096533776989
H            2.99521179972405       -2.64233415860236        1.45666724984446
H            3.13362986418564       -1.11117136059496        1.34954650202472
60
 energy: -101.734445589226 gnorm: 0.011468772068 xtb: 6.7.1 (edcfbbe)
O           -1.22511963229311       -2.05988160599077       -2.80556956036453
H           -1.87838549758532       -2.57487600967849       -3.27745831042617
H           -1.52994244949469       -1.13035459787551       -2.82566500124220
O           -2.29821558715044       -2.24330443777852        0.02415499431445
H           -2.33936209105674       -1.27650895999941       -0.01779236942723
H           -1.52207234742834       -2.49217018522586       -0.50398547908980
O           -1.61802170636613       -2.62363334531584        2.51955650843518
H           -1.88319580515011       -2.50706555546583        1.56362747619687
H           -2.28275833201277       -3.18802068248046        2.91366295200152
O           -1.74483668539820        0.62273044192646       -2.62081493238864
H           -0.76191315241771        0.74455407137269       -2.69817160166804
H           -1.90108353297363        0.51572596844922       -1.65151950648981
O           -1.86355128603230        0.49696589608325        0.02521362073887
H           -0.89872546356824        0.29810314575418        0.09758878450566
H           -1.95213115206773        1.44575671163300        0.22067163454193
O           -0.36311736048283       -0.33550776965652        3.46179453199088
H           -0.91447588120509       -1.06918120378928        3.15190870796326
H           -0.82642888801383        0.48342403299853        3.24737107985383
O           -2.21204823258742        3.21909145660921       -2.49593342160780
H           -2.13150412108919        2.23670177680875       -2.62402394618853
H           -2.81952026526686        3.53022208319604       -3.16649852760933
O           -1.82025076162043        3.23302086305499        0.27914732577311
H           -2.15512359469419        3.35822305402765       -0.62219831883417
H           -0.89314164653360        3.54794922009447        0.24456548854092
O           -1.33037302148579        2.27876486634068        2.83956941002807
H           -1.76524751508915        2.80984605880369        3.50666318139275
H           -1.65552585867149        2.58852728737220        1.97337877146188
O            1.39286475904924       -1.51844896294036       -3.54415925810713
H            0.50711516027456       -1.85212709752730       -3.32244336894593
H            1.99217395524240       -1.92375575340688       -2.90097210928916
O            0.45601656076088       -2.79656774491063       -0.31567873470314
H            0.71917259812306       -3.01433416505076        0.59928503931084
H            1.20345712685175       -3.01992378222400       -0.88716282155089
O            1.07752168836394       -2.98107077209601        2.34905842629545
H            0.11939294079294       -3.03389664313276        2.52679987768157
H            1.34030805552271       -2.13643121999050        2.73421407492869
O            0.88816299812906        0.87596037564348       -2.54507452893149
H            1.18855057391563        0.09106277368918       -3.06047659326615
H            0.95483719915867        0.59799865176720       -1.61033587432997
O            0.68255894885333       -0.16108881968421       -0.08061994867004
H            0.59033952456283       -1.13275359640517       -0.23273409646284
H            1.22472602965742       -0.05660820624872        0.72877603411602
O            1.97529987234337        0.06854214325457        2.23616463636736
H            1.17955141418605       -0.10532665344101        2.78728260566163
H            2.05317256608918        1.04437234014530        2.27124578809322
O            0.56153542206935        3.56641889918128       -2.52253714269611
H            0.84255191093834        2.64293423577287       -2.64825823487071
H           -0.40655783662741        3.55907873090395       -2.61133044064693
O            0.74681670017983        4.07272335214745        0.02278822517136
H            0.79104849540278        3.85960615856559       -0.95289228007367
H            0.98745995774635        4.99612775781645        0.10089052055989
O            1.44336471859350        2.67954844371123        2.32474261570158
H            1.34407890922742        3.12074806993411        1.46924827046763
H            0.54217762934589        2.53929843118706        2.64897824106729
O            2.94097567540467       -2.75119188903719       -1.53131389025561
H            3.68940960946084       -3.26457273341712       -1.84012552992656
H            3.21216301325836       -2.35814398448143       -0.67108555130810
O            3.45898796399993       -1.97754124606219        0.98252207235084
H            3.01161822148255       -2.65804617785844        1.48689082378481
H            3.13828203532968       -1.13501823705404        1.33498478001371
60
 energy: -101.734559655508 gnorm: 0.009112128856 xtb: 6.7.1 (edcfbbe)
O           -1.22196087946261       -2.06550649288026       -2.81273085289489
H           -1.87448408469353       -2.58609741876283       -3.28027738979657
H           -1.53200576541654       -1.13761019942813       -2.83325752306424
O           -2.29393963033588       -2.24932636028143        0.02879022141951
H           -2.34181972074777       -1.28209619399258       -0.01764965797130
H           -1.52956360370655       -2.49657019481418       -0.50425127075849
O           -1.62869876478866       -2.62399855884092        2.52810885125344
H           -1.88898074065725       -2.50740747596935        1.56973442918860
H           -2.29923695814482       -3.18265605818526        2.92080013414628
O           -1.75213241043654        0.61742903221720       -2.62281375439707
H           -0.76978315783768        0.73891631495009       -2.70055366048337
H           -1.90812290964655        0.50915501273373       -1.65363127256335
O           -1.87189610550540        0.49229375111663        0.02560684772880
H           -0.90561609961566        0.29915597512978        0.09249097286117
H           -1.96219565823389        1.44069562458161        0.22033146850964
O           -0.34865862056976       -0.33726170332027        3.44948838766271
H           -0.91061361421393       -1.06781263396365        3.14454021947691
H           -0.81443122769836        0.48419713848837        3.24285436923825
O           -2.21269463841124        3.21571610689288       -2.49318185581573
H           -2.13427739795158        2.23359819928204       -2.62548128074168
H           -2.81368688244938        3.53469447979941       -3.16652841946274
O           -1.81737187206099        3.23013815866501        0.27942612152316
H           -2.15220678196062        3.35147293384113       -0.62242723293472
H           -0.89020165992680        3.54515252182346        0.24285619464724
O           -1.32578744438896        2.27523477838297        2.83651404590170
H           -1.76047159537143        2.80711008031517        3.50311839730033
H           -1.63941335292013        2.59243429376868        1.97318364617572
O            1.39541073108931       -1.52274965450441       -3.54234028660087
H            0.50943614290280       -1.85929860712986       -3.32184279528960
H            1.99499996628679       -1.92155659010576       -2.89473070240470
O            0.45907919086743       -2.78366303654637       -0.32113198601306
H            0.71989090146283       -3.00394099817262        0.59391059967653
H            1.21106401210426       -3.00243015606619       -0.88952199139116
O            1.06347957231157       -2.98853006937596        2.34624911898082
H            0.10641861178210       -3.04388809758570        2.52206492863569
H            1.32668550787274       -2.15034889318236        2.74267774016912
O            0.88201267465131        0.87544054519635       -2.55213999487777
H            1.18478693486578        0.08914135243287       -3.06318637828328
H            0.95051389302372        0.60270742418518       -1.61575146895768
O            0.67539656482961       -0.14743218519680       -0.08666404569078
H            0.58862721910443       -1.11851135786875       -0.23852933029614
H            1.22239423915461       -0.04087619994031        0.72048188457396
O            1.98681213489690        0.06755951220783        2.21846439996614
H            1.19361458208108       -0.10857010487258        2.77222759205187
H            2.06741279444396        1.04243896336125        2.26373353769902
O            0.56316960283776        3.56500933910166       -2.52018373448894
H            0.84033299988782        2.64038444033857       -2.65027604379745
H           -0.40483917880523        3.56025244275359       -2.60865228973711
O            0.74619247196297        4.07338994904260        0.02477995997139
H            0.78933615529590        3.86180811341018       -0.95087938471808
H            0.98400665880428        4.99746119965038        0.10597419638398
O            1.45192498283188        2.68134891836952        2.32378549533370
H            1.35228168993240        3.12101175692004        1.46807930000169
H            0.55049661688968        2.53848444554922        2.64737211530328
O            2.94907896562415       -2.73523946080173       -1.52027189438303
H            3.69110319693750       -3.25497315624581       -1.82554661558138
H            3.21881824329293       -2.34543974494363       -0.65870463692402
O            3.45437889015672       -1.96857213055455        0.99942581273519
H            3.00871611614582       -2.67005323322962        1.49050023690565
H            3.13028102158037       -1.13474057772819        1.38148164483590
60
 energy: -101.734641664332 gnorm: 0.006540067622 xtb: 6.7.1 (edcfbbe)
O           -1.22287206438991       -2.06672131060300       -2.81054971122321
H           -1.87517239883913       -2.58941283550318       -3.27593789520225
H           -1.53384401387268       -1.13941942940051       -2.83314359498482
O           -2.29534482422816       -2.24849906673074        0.02427266171440
H           -2.34322603211535       -1.28155771497030       -0.01501706988896
H           -1.51345002527096       -2.49359269660150       -0.49768719494474
O           -1.63332401904637       -2.62736067076541        2.52633347185500
H           -1.89633721123764       -2.50844848792668        1.56925602353090
H           -2.30410114528834       -3.18447122205842        2.91978824679674
O           -1.75595944925609        0.61672073363376       -2.62226872262945
H           -0.77442676022248        0.74085033864279       -2.70152814645348
H           -1.91065515553482        0.50893974454632       -1.65287769874482
O           -1.87101033434606        0.49134495491485        0.02712721805103
H           -0.90371716669699        0.29978310136403        0.09044110063147
H           -1.96094163108003        1.43958071064227        0.22265365747614
O           -0.34882825795846       -0.33988206245433        3.44146179636684
H           -0.91313837422606       -1.06987225580044        3.13748515666021
H           -0.81513899869962        0.48245968861919        3.23670975660593
O           -2.21652884220130        3.21573440185399       -2.48879815707424
H           -2.13338520935485        2.23437804277971       -2.62795256606637
H           -2.81679406605951        3.53762729806391       -3.16090341089437
O           -1.81357257981632        3.22852871862344        0.28083303116258
H           -2.14964742633072        3.34943776334489       -0.62095017565495
H           -0.88704536640275        3.54834680951628        0.24177512841580
O           -1.33005737553991        2.27169349909614        2.83471031120199
H           -1.76360130673448        2.80285309666999        3.50289648100946
H           -1.63063153969847        2.60070839618169        1.97575534766508
O            1.39659024490572       -1.52676171274944       -3.53639475940939
H            0.50733133505203       -1.86591814340955       -3.32342775416062
H            1.99310010829854       -1.92764149410547       -2.88643374838389
O            0.46277193743249       -2.77727486331782       -0.32068862073571
H            0.72357747234863       -2.99709103378423        0.59398582464880
H            1.21465256994974       -2.99787194371809       -0.88766810267045
O            1.06221640327691       -2.99112580096498        2.34928555793147
H            0.10408609658762       -3.05016309749493        2.51877694511007
H            1.32118537026688       -2.15562380031547        2.75046887850636
O            0.87904944087547        0.87630251231499       -2.55770588860677
H            1.18378429138432        0.08860303109295       -3.06559637947638
H            0.94912526248166        0.60660922033209       -1.62003317235085
O            0.67659012213865       -0.13973594769337       -0.09021310181107
H            0.59040229202511       -1.10996854186893       -0.24253922300032
H            1.22240689090366       -0.03357052260345        0.71783682269653
O            1.98652558247402        0.06682351480201        2.21354097755297
H            1.19368662427106       -0.11116458366618        2.76734048931255
H            2.06985290875006        1.04139300564874        2.26402098394305
O            0.56136336660854        3.56581673476014       -2.52300859892623
H            0.83670790129614        2.64039173368558       -2.65532964608207
H           -0.40663658919335        3.56195520270227       -2.61104607554713
O            0.74604563223183        4.07396129841562        0.02179392125899
H            0.78814367218671        3.86473777376422       -0.95445539366817
H            0.98874205387730        4.99489886152671        0.10592781218394
O            1.45181913075321        2.67813885378351        2.32368246923576
H            1.35114832170160        3.12606893059900        1.46891017558425
H            0.54915907052915        2.54013503703879        2.64848728942347
O            2.94946656882945       -2.73786233536409       -1.51559421857537
H            3.70092943834464       -3.24864312989814       -1.82158834045621
H            3.21475480066009       -2.34068269562147       -0.65359282371472
O            3.45883454839614       -1.97525531353377        1.00344998184389
H            3.00714133612069       -2.67019905561076        1.49316919739276
H            3.14125989863620       -1.14235598040868        1.38666859550618
60
 energy: -101.734713325682 gnorm: 0.004589908605 xtb: 6.7.1 (edcfbbe)
O           -1.21964458259984       -2.06342929211424       -2.81311460184018
H           -1.87199219210380       -2.58920341533147       -3.27480939268186
H           -1.53324920307827       -1.13713631474836       -2.83612998294524
O           -2.29614255110559       -2.25002617041347        0.02158400621143
H           -2.34315448435696       -1.28278601059787       -0.01730823511892
H           -1.50922420986531       -2.49533751368618       -0.49458624673511
O           -1.64386759336130       -2.62876831428633        2.52572046944618
H           -1.90449375452438       -2.51041205891130        1.56745989283628
H           -2.32194107415286       -3.17667304427179        2.92226620260352
O           -1.75891325380355        0.62041511967474       -2.62499456987186
H           -0.77753346698365        0.74252879781508       -2.70571634191281
H           -1.91132991806144        0.50815276396273       -1.65542332310300
O           -1.86973709529536        0.48811480095531        0.02480495735275
H           -0.90163346349264        0.29646117948065        0.08725682332325
H           -1.95945645538811        1.43567568867848        0.22339132592547
O           -0.33960340078258       -0.34361738694700        3.42594874239733
H           -0.90786526439367       -1.07127597372657        3.12668975911519
H           -0.80183559792707        0.47977329747837        3.22226562373194
O           -2.22103630279475        3.21841993165218       -2.48352684246709
H           -2.13911515930801        2.23744125444903       -2.62429091796339
H           -2.82304338466885        3.54290232075957       -3.15219677344334
O           -1.81270378235825        3.22499343727425        0.28396006655241
H           -2.15000365388913        3.34654000615530       -0.61744693695274
H           -0.88644023218467        3.54483641519115        0.24344129203790
O           -1.31926219400059        2.26853201696752        2.83551302994216
H           -1.75537075887908        2.79642012321741        3.50460875603473
H           -1.63108935746192        2.59048353322144        1.97455810330520
O            1.40275575176656       -1.52683967135706       -3.52908216645869
H            0.51348534323292       -1.86346110701073       -3.31627760276516
H            1.99655932585390       -1.92429955832794       -2.87561015916965
O            0.46324721974149       -2.77552805744036       -0.31666664933471
H            0.72088612538042       -2.99539034276276        0.59868988174441
H            1.21694754659347       -2.99624353733112       -0.88040606096810
O            1.05156364408046       -2.99925144006027        2.35732138800474
H            0.09128916597123       -3.05815799049644        2.51838102774954
H            1.31094577513506       -2.17014465512244        2.77543563829765
O            0.87641408851283        0.88027111466830       -2.56246454056290
H            1.18458512932849        0.09271407507610       -3.06858211286097
H            0.94596849270859        0.61109150848776       -1.62408532973293
O            0.67756521347216       -0.13743509828138       -0.09533202669347
H            0.59101369798628       -1.10780751105634       -0.24560103524034
H            1.22946981600114       -0.02984676974582        0.70995666627173
O            1.99791882227859        0.07207103839360        2.20259069282002
H            1.20512078714295       -0.11109852724449        2.75362247248416
H            2.07792954195930        1.04741480223654        2.25325684884518
O            0.55716419845503        3.56876136543037       -2.52756939863173
H            0.83282806267557        2.64330939761147       -2.66046363062915
H           -0.41116454872842        3.56409371054045       -2.61289480211692
O            0.74503615438403        4.07634119736721        0.01700973898236
H            0.78611035849788        3.86660224956066       -0.95939533397302
H            0.98204864909707        5.00021086427251        0.10071585717937
O            1.45851722607138        2.68263954635898        2.31611745556720
H            1.35750245056823        3.12843326982337        1.46117243106150
H            0.55632405112385        2.54199807765917        2.64012659974151
O            2.95145282135411       -2.73019203763095       -1.50242467605211
H            3.70213731912427       -3.23544559671989       -1.81622566604762
H            3.21625143354094       -2.34377991798631       -0.63508648884420
O            3.45557845874917       -1.98399442997411        1.01866424216225
H            3.00737856385340       -2.68134915552680        1.50760799793655
H            3.12191423086281       -1.15203674529398        1.39348897538943
60
 energy: -101.734759425082 gnorm: 0.006767014667 xtb: 6.7.1 (edcfbbe)
O           -1.22046262811660       -2.06046435516001       -2.81236467314732
H           -1.87334303641599       -2.59057394794768       -3.26801747852531
H           -1.53645082169503       -1.13544780648974       -2.83777939898302
O           -2.29327505257941       -2.24731162444836        0.02057225776106
H           -2.33768042894190       -1.27952903053810       -0.01456737839387
H           -1.51096675171461       -2.49172380026767       -0.49658645788749
O           -1.65456443971253       -2.63873322919834        2.52364160807264
H           -1.91018551727874       -2.51790918157374        1.56379516937600
H           -2.33785478666528       -3.17988232998459        2.91723282720510
O           -1.76653068975813        0.62453372182895       -2.62597071876461
H           -0.78582082500760        0.74567389989091       -2.71137380924550
H           -1.91393114998539        0.50962931049607       -1.65581870070148
O           -1.86301962169694        0.48708773746761        0.02510645827601
H           -0.89288701988774        0.29866148054297        0.08052133970455
H           -1.95389188880818        1.43396994190034        0.22586308495017
O           -0.33365887631033       -0.35554093268430        3.39966970297634
H           -0.91666207133389       -1.07753387420746        3.10411931548425
H           -0.79564175695656        0.47566675949009        3.21031104367205
O           -2.22808726852577        3.22204811074454       -2.47468689380841
H           -2.14962876244748        2.24158699898180       -2.61638095199374
H           -2.83517535726609        3.55055944589354       -3.13605973485286
O           -1.80704230609597        3.22405051917324        0.28854242362153
H           -2.14531453247245        3.34411815042212       -0.61295099831962
H           -0.88028368775898        3.54114048551295        0.24490454696723
O           -1.31296244562511        2.26523006937022        2.83495442418934
H           -1.75438613665331        2.78693750246504        3.50564759226396
H           -1.63185866652453        2.58456602189262        1.97276850483267
O            1.40712518769765       -1.53280933202565       -3.51600867823898
H            0.51838611088085       -1.86487866459206       -3.30063208040115
H            1.99882443224772       -1.92206983811848       -2.85661963195929
O            0.46792611683623       -2.76601006854627       -0.31059135022378
H            0.72103388348274       -2.98557437434216        0.60566829667539
H            1.22418714829830       -2.98908208159212       -0.86941555427171
O            1.04329055955619       -3.00764957040923        2.36932698287240
H            0.08169088127829       -3.07249826445907        2.52037633891847
H            1.29602707252698       -2.18690199781334        2.80760756159593
O            0.87000926725807        0.88472013850024       -2.57628684601179
H            1.18137176618404        0.09486743646722       -3.07655201484028
H            0.94397731839559        0.62143865910213       -1.63630361962708
O            0.68514084186878       -0.12596895692943       -0.10536147960980
H            0.59836052829733       -1.09643202030473       -0.25326907723577
H            1.23864008774187       -0.01725814241743        0.69935004796953
O            2.00650715898266        0.07896884202809        2.18896249965320
H            1.21248933067340       -0.11519855927101        2.73354026643650
H            2.08232992774047        1.05485594545111        2.24709850837189
O            0.55077847457177        3.57231024704003       -2.53706335136629
H            0.82504599670905        2.64645362877022       -2.67320199583025
H           -0.41800337809907        3.56786311011630       -2.61737779937899
O            0.74875638298850        4.07481225396915        0.00782687806307
H            0.78557012948504        3.86642238137733       -0.96942067383238
H            0.98589802908089        4.99896245895013        0.09294163131182
O            1.46111097674278        2.68859178230669        2.31172990785102
H            1.36246783191397        3.12705546845749        1.45399617323038
H            0.55823433396424        2.54482866978875        2.63189410418157
O            2.95709811570213       -2.72271269305031       -1.48348231333701
H            3.70768953924206       -3.21721554219869       -1.81270524144187
H            3.22476592083665       -2.35162279508787       -0.61007704739247
O            3.45847590898225       -2.00080659484150        1.03922202694066
H            3.00836063393239       -2.69368351052692        1.52857024170244
H            3.11106254018788       -1.16791279935722        1.39707930442937
60
 energy: -101.734828434533 gnorm: 0.004055154889 xtb: 6.7.1 (edcfbbe)
O           -1.22328051872014       -2.06260399409814       -2.80878332951429
H           -1.87497475076298       -2.59689050238664       -3.26099278368709
H           -1.54227313166024       -1.13908449113627       -2.83691841380653
O           -2.29026291887093       -2.24417288677274        0.01827002273299
H           -2.33315418214470       -1.27594175906448       -0.01023257296877
H           -1.50401048302169       -2.48652399496660       -0.49496379153384
O           -1.66289942155761       -2.64967444674967        2.52089311928683
H           -1.91639012146907       -2.52427554471470        1.56107597163716
H           -2.35374861908182       -3.18169046451865        2.91440228972868
O           -1.77596959303137        0.62419391249097       -2.62582988884554
H           -0.79612926910647        0.74579512452970       -2.71620659500284
H           -1.91947049276929        0.50964585681455       -1.65538346767975
O           -1.85962952104781        0.48722115895523        0.02699125762462
H           -0.88721032559270        0.30426547443980        0.07496496169638
H           -1.95271376285413        1.43356049877218        0.22914689602121
O           -0.33494751554543       -0.36221623748484        3.38081380339273
H           -0.91099097478935       -1.08561137082275        3.08895999911873
H           -0.79426912458281        0.46505149180850        3.18445789679032
O           -2.23310890444982        3.22259672226475       -2.46654076347663
H           -2.15590480762780        2.24282235734153       -2.61197755047496
H           -2.84394901448869        3.55534813347393       -3.12251130331108
O           -1.79998834566335        3.22514937533857        0.29225084601869
H           -2.13800637000132        3.34203239596247       -0.61006064926583
H           -0.87277973372323        3.54066597016545        0.24553356310582
O           -1.30877225336584        2.26143539298990        2.83308747339650
H           -1.75589755642380        2.77802096936022        3.50402711439793
H           -1.62602733820807        2.58379950780747        1.97062688650134
O            1.40924067339231       -1.54116229758037       -3.50256239321984
H            0.51962024979936       -1.87198398537483       -3.28844075804255
H            1.99947069175483       -1.92452354405954       -2.83786731142182
O            0.47233885337253       -2.75042820505630       -0.30907070167598
H            0.71906730862487       -2.97029507567664        0.60856432894343
H            1.23218200229823       -2.97733204351244       -0.86204369638311
O            1.03587226351739       -3.01581429336711        2.37593567558805
H            0.07467191609626       -3.08725868451382        2.52188871336296
H            1.28231663925522       -2.20351605439123        2.83036697635963
O            0.86193152995103        0.88779320830705       -2.59287173782613
H            1.17572563132842        0.09420183665164       -3.08540273266449
H            0.94260083811042        0.63373205106498       -1.65087123954287
O            0.69137188598307       -0.10797745015134       -0.11569435784151
H            0.60592693066233       -1.07831434376491       -0.26358559053222
H            1.24294050767809       -0.00043468939722        0.69065680675735
O            2.01002842550228        0.08067039047216        2.17844925643014
H            1.21407533328660       -0.11983358100652        2.71835649243742
H            2.08727605596679        1.05601372704392        2.24618200767370
O            0.54596876678208        3.57523391171732       -2.54276232529011
H            0.81793487892350        2.64918801144463       -2.68440286638259
H           -0.42299132654808        3.57144266110535       -2.61954454273794
O            0.75353850624110        4.07378717333443        0.00209522828527
H            0.78557848125569        3.86739010236230       -0.97602547363558
H            0.99391872435479        4.99657418592297        0.08862985275163
O            1.46457264646265        2.69002176225730        2.31092587277352
H            1.36769666683970        3.12378989016762        1.45052194492149
H            0.56048907156940        2.54461754096506        2.62804140313623
O            2.96568562522265       -2.71904474108351       -1.46803686520939
H            3.71734241934435       -3.20628328871988       -1.80418391153161
H            3.23466412124508       -2.35306784996045       -0.59312970323351
O            3.45944229175829       -2.00597503940887        1.05519744377027
H            3.00384209757508       -2.70256565933542        1.53854436053271
H            3.10548087290691       -1.17488901624354        1.41295397149751
60
 energy: -101.734878142677 gnorm: 0.004381759859 xtb: 6.7.1 (edcfbbe)
O           -1.22467283641483       -2.06380398875554       -2.80412543051709
H           -1.87576996258333       -2.60044561771261       -3.25432953001558
H           -1.54684223314183       -1.14153620467348       -2.83297877483590
O           -2.28840008512710       -2.24095270464319        0.01501269814422
H           -2.32784984293336       -1.27248579409660       -0.00860198270694
H           -1.49964730574826       -2.48280433901191       -0.49516394548851
O           -1.66937683909678       -2.65854312585392        2.51666887825883
H           -1.92004507052827       -2.52980720223821        1.55691168864393
H           -2.36837368699104       -3.18175770478397        2.91115860661716
O           -1.78185050995186        0.62442333604426       -2.62566761808902
H           -0.80255594307610        0.74543070327520       -2.72101614081952
H           -1.92190914344498        0.50910431887840       -1.65515813028173
O           -1.85558684268478        0.48897472880152        0.02814764238618
H           -0.88229375826783        0.30957219704181        0.07200349360318
H           -1.95077603121776        1.43499902922356        0.23106134443852
O           -0.33315909903851       -0.37030128211026        3.36657369325568
H           -0.91199101963846       -1.09381012164389        3.07934586843738
H           -0.79285351937973        0.45676073782932        3.17210350664591
O           -2.23715308919236        3.22276978781685       -2.46189154370782
H           -2.15923553773723        2.24341218694112       -2.61011159503676
H           -2.85380514851405        3.55509677925256       -3.11291206978852
O           -1.79461457029422        3.22671953874621        0.29432493676575
H           -2.13445018579162        3.34274202262555       -0.60772307126410
H           -0.86767525567955        3.54390508371144        0.24448342342450
O           -1.30747061241287        2.25499822796221        2.83012062732440
H           -1.75570286731555        2.76793123295064        3.50312247104780
H           -1.61509387521212        2.58836273425213        1.97098758178716
O            1.41105891367784       -1.54479615336033       -3.49215594415294
H            0.52096824685540       -1.87741883636104       -3.28124330929965
H            2.00064513532703       -1.92599288503515       -2.82567579154942
O            0.47488508635538       -2.74011100258031       -0.30579533227586
H            0.71538946892616       -2.96003413572950        0.61326729971112
H            1.23632956302192       -2.97285693228662       -0.85454748057182
O            1.02890081304092       -3.02202119211161        2.38119038945289
H            0.06756284106054       -3.09721181774438        2.52388455750201
H            1.27423447269562       -2.21700043311929        2.85179239094131
O            0.85624120505079        0.89108116732259       -2.60642738508044
H            1.17171724405110        0.09489506797330       -3.09359124679534
H            0.94075157706400        0.64303861086860       -1.66328088379502
O            0.69785213961713       -0.09617391485016       -0.12479243664534
H            0.61167569880474       -1.06688304861174       -0.27127231718840
H            1.24948763028363        0.01078667794131        0.68204413708926
O            2.01375466122667        0.08261601943119        2.17181973447025
H            1.21555947263622       -0.12306974075847        2.70637094926845
H            2.08983826110145        1.05751827825167        2.24559850753894
O            0.53990801309050        3.57903326695711       -2.54737542233541
H            0.81178201661872        2.65399599843337       -2.69366190066865
H           -0.42916649603704        3.57457766796459       -2.62122733734457
O            0.75834417413574        4.07171592457895       -0.00234715592284
H            0.78567434684153        3.86833586150696       -0.98124874265597
H            1.00095837671471        4.99378184945703        0.08364597728227
O            1.46573379749057        2.68962456806121        2.31094216986963
H            1.36973702022024        3.12267064413847        1.44921533167326
H            0.56095638645887        2.54410191237984        2.62665530803607
O            2.97180065879562       -2.71935761426907       -1.45849960508443
H            3.72893085424380       -3.19897749848688       -1.79525419609082
H            3.23738190130689       -2.35304951452740       -0.58181600997019
O            3.45994796269984       -2.01034867694850        1.06752642546552
H            2.99871237454657       -2.70561209684309        1.54768878227172
H            3.10466358344372       -1.17913732146065        1.42213902855698
60
 energy: -101.734923819299 gnorm: 0.005668407801 xtb: 6.7.1 (edcfbbe)
O           -1.22967740334227       -2.06616570471576       -2.79152473238337
H           -1.88075830156209       -2.60422499166985       -3.23991734626690
H           -1.55407620200626       -1.14503771152834       -2.82258021177533
O           -2.28596893688117       -2.23129668685979        0.00796914503447
H           -2.31881946333783       -1.26228496673784       -0.00646730987835
H           -1.49262463133739       -2.47290530988145       -0.49858544484025
O           -1.67651342181229       -2.67205231909127        2.50900631538444
H           -1.92135130303129       -2.53833924428492        1.54873117875929
H           -2.37579938605727       -3.19519667297289        2.89514368473576
O           -1.78868246979405        0.62454201011427       -2.62289600052274
H           -0.81018327313594        0.74496397562830       -2.72784552419290
H           -1.92241025065924        0.51026079918538       -1.65212557823514
O           -1.84482144316242        0.49728916676470        0.03255111533133
H           -0.87112382797729        0.32253317287501        0.07039155937276
H           -1.94313484185930        1.44329989671272        0.23451893861547
O           -0.33890336152801       -0.38468540273454        3.35332121373811
H           -0.91958850918625       -1.10879318086610        3.06823765086609
H           -0.80097127442764        0.44297540937891        3.16312352342776
O           -2.24291553203950        3.22265732666872       -2.45754312894783
H           -2.16358463921030        2.24344859587001       -2.60705206551296
H           -2.87368918658604        3.54951553800373       -3.09835221474240
O           -1.78580019387022        3.23522273249260        0.29638045038176
H           -2.12703869927538        3.34922429472823       -0.60560260983355
H           -0.85835008511076        3.55120571944680        0.24303629283053
O           -1.30926582096438        2.24741767433629        2.82646954316563
H           -1.76016910935519        2.75528298438973        3.50159132684276
H           -1.60389550105268        2.59562280000492        1.97010358072304
O            1.40949997080100       -1.55070999856894       -3.47731081573087
H            0.52001129808852       -1.88621841534073       -3.26803896711866
H            2.00081724222732       -1.93004105219031       -2.81132490412434
O            0.48060819942543       -2.72527368570101       -0.29713716589418
H            0.71350585544208       -2.94508350603115        0.62365627383043
H            1.24125029167754       -2.97028493830544       -0.84204485694342
O            1.02729428718434       -3.02953457175202        2.39182162862413
H            0.06472596945967       -3.11053242746235        2.52789852695818
H            1.26483688795102       -2.23059818198220        2.86910360553056
O            0.84928362270060        0.89548130120039       -2.62876056928380
H            1.16438086542754        0.09439236035993       -3.10798859157138
H            0.94072026061581        0.65700622456402       -1.68403463933135
O            0.71234090788434       -0.07929045310609       -0.13928582372652
H            0.62193759273673       -1.05060561898213       -0.28212871153454
H            1.25999526783567        0.02623293484801        0.67044670378845
O            2.01073764818669        0.08401036747405        2.16863687753695
H            1.20799242615842       -0.12944610098231        2.69407706968932
H            2.08494620930594        1.05775497612596        2.25299221674275
O            0.52978571924016        3.58558897656868       -2.55530635734333
H            0.80263594052074        2.66285859355687       -2.70966044549611
H           -0.43947994639165        3.57979429811062       -2.62479938825856
O            0.76902082942010        4.06639587909997       -0.00950627321749
H            0.78810729696492        3.86760316754616       -0.98969413749446
H            1.01780181596433        4.98701493354551        0.07495820342410
O            1.46282384500830        2.68888090319017        2.31653121580205
H            1.37054394507967        3.11736405468280        1.45127417866070
H            0.55659227128604        2.54307844892416        2.62832187566335
O            2.98233205280522       -2.72542239914458       -1.45113013019983
H            3.74298391047665       -3.19984627833549       -1.78391905540299
H            3.24382924458331       -2.35799813149430       -0.57345010845527
O            3.46250905872758       -2.01405998498271        1.07890157024203
H            2.98948342897256       -2.70598340878517        1.55501256687464
H            3.10932538274758       -1.18033291189830        1.42772019561278
60
 energy: -101.734961422395 gnorm: 0.004551693968 xtb: 6.7.1 (edcfbbe)
O           -1.23046746834232       -2.06702499894174       -2.78494577659313
H           -1.88216533379950       -2.60708890200737       -3.23032388471963
H           -1.55545618596940       -1.14647395010539       -2.81942579266568
O           -2.28425274280041       -2.22541829816400        0.00462406356913
H           -2.31326495430430       -1.25581026481100       -0.00625160524326
H           -1.49383579157929       -2.46748355577415       -0.50299375769906
O           -1.68143202463455       -2.68294942563643        2.50372551950261
H           -1.92253717186255       -2.54408320551888        1.54344641743690
H           -2.39166911555975       -3.19577253592474        2.88935415476191
O           -1.79224325307531        0.62485687901632       -2.62221083854194
H           -0.81426072206595        0.74760890967583       -2.73319565221015
H           -1.92101475009341        0.51302424008808       -1.65081386686140
O           -1.83582723854536        0.50201530413942        0.03462508502311
H           -0.86196414615957        0.33001671235103        0.06780127642082
H           -1.93629490360630        1.44789825036588        0.23562651016492
O           -0.33828931706464       -0.39673204632504        3.34223258749811
H           -0.92039407096106       -1.11846654740617        3.05498245348432
H           -0.80030972031704        0.43380368240380        3.15800730024499
O           -2.24888454631001        3.22241939153704       -2.45343982293561
H           -2.16873567577658        2.24305512948746       -2.60350279008178
H           -2.88951534339934        3.54579903927006       -3.08679527277625
O           -1.78234263246373        3.24127569939787        0.29816693302774
H           -2.12482628631737        3.35318400570635       -0.60347548679270
H           -0.85427614626874        3.55419137149233        0.24297339572748
O           -1.30569442544198        2.24116996245500        2.82388533492406
H           -1.75712476494482        2.74488576280281        3.50187699850337
H           -1.59981004854772        2.59472307054240        1.96842191362512
O            1.41161527383745       -1.55338888074602       -3.46829645079821
H            0.52255869008401       -1.88780847291480       -3.25780583412706
H            2.00307625840546       -1.92913587428417       -2.79989426760097
O            0.48166284216297       -2.71659786629708       -0.29036400018527
H            0.71275592184931       -2.93554399642527        0.63080481713936
H            1.23960491289700       -2.96996719778880       -0.83471066843234
O            1.02133371063718       -3.03547080077706        2.39797412893313
H            0.05969766295219       -3.12211690060139        2.53150117138582
H            1.25646931228265       -2.24428964908542        2.89290767886109
O            0.84535254110433        0.89921714559427       -2.64204042573518
H            1.16098458000434        0.09558257077711       -3.11667192829645
H            0.94103736191269        0.66651701277502       -1.69636472984097
O            0.72219699981932       -0.07046327268383       -0.14957481207057
H            0.63068924906502       -1.04214299404921       -0.28948312732812
H            1.26844420674115        0.03454364028293        0.66087607625254
O            2.01343771656125        0.08591418101910        2.16311244087656
H            1.20869964129376       -0.13277453061838        2.68365064291177
H            2.08499059196334        1.05924756296871        2.25220480383950
O            0.52211080586943        3.59054568178446       -2.56217996135494
H            0.79654933158902        2.66930894121303       -2.72097693926651
H           -0.44759238929377        3.58326141434371       -2.62690496808506
O            0.77425114689696        4.06526150445426       -0.01556650904841
H            0.78960792523850        3.86666448980472       -0.99606156047805
H            1.02677389359822        4.98447621103430        0.06804987481703
O            1.46367554918539        2.69053838692434        2.31655027659161
H            1.37255378930622        3.11670534794001        1.44981668619574
H            0.55722501089229        2.54207342647192        2.62675142570963
O            2.98632804325079       -2.73275203364385       -1.44022846237288
H            3.75630062302112       -3.19408202343319       -1.77714883444438
H            3.24549247733018       -2.36410314112397       -0.56245712494938
O            3.45931548989495       -2.01774215219586        1.09062578640861
H            2.97986635982421       -2.70597087690212        1.56457097695330
H            3.10288577998543       -1.18145527392555        1.43087354067484
60
 energy: -101.734984202199 gnorm: 0.004844343477 xtb: 6.7.1 (edcfbbe)
O           -1.23029448898271       -2.06845019218852       -2.78074933554813
H           -1.88388615417674       -2.61020364998837       -3.22196547477944
H           -1.55576622647636       -1.14797135626158       -2.81690605070774
O           -2.28468238263480       -2.22075901138547        0.00307105790107
H           -2.31059794278345       -1.25119711984505       -0.00472721500566
H           -1.49644753665198       -2.46270632796440       -0.50633040737998
O           -1.68444410931535       -2.68921665195833        2.50080907426359
H           -1.92387692535286       -2.54646083761988        1.54077175304267
H           -2.39883233167779       -3.19898510017305        2.88357340553269
O           -1.79386983132881        0.62384392644803       -2.62166392655481
H           -0.81622175498750        0.74767731502763       -2.73649734943428
H           -1.91851789829228        0.51378267190644       -1.64938517774124
O           -1.82904882618908        0.50636658369048        0.03618822831096
H           -0.85542937901514        0.33456669031619        0.06776102017973
H           -1.92988142477080        1.45227234432550        0.23634889808216
O           -0.33902259828247       -0.40234518337591        3.33727133320236
H           -0.92376799047861       -1.12542930330724        3.05421528876527
H           -0.80031140480906        0.42650151053174        3.15147776863592
O           -2.25358614801044        3.22106245783703       -2.45148183696204
H           -2.17355851909438        2.24128729248611       -2.60036300183976
H           -2.90017521895070        3.54169440298289       -3.08016481286996
O           -1.77996578792688        3.24656285518757        0.29845838534450
H           -2.12457891126315        3.35793865778069       -0.60235487943683
H           -0.85116402864279        3.55698001075525        0.24183015452458
O           -1.30447551571989        2.23763115128209        2.82239553235180
H           -1.75627249479477        2.73850629219116        3.50209991246790
H           -1.60081337699985        2.59266652977963        1.96687373728733
O            1.41114568449073       -1.55452969890557       -3.46671263584466
H            0.52315366599336       -1.88876629633782       -3.25275914202091
H            2.00429604743115       -1.92822572847869       -2.79845089182717
O            0.48439661422236       -2.70984260894268       -0.28818618720716
H            0.71536076158067       -2.92780679629299        0.63342760956746
H            1.24069862454994       -2.96702697797118       -0.83259456433776
O            1.01837211362781       -3.03692316594734        2.39925732101400
H            0.05692521089785       -3.12756634527503        2.52972648642669
H            1.25185498504050       -2.25000728261001        2.90513367695242
O            0.84266296718574        0.90040462971427       -2.64938077469419
H            1.15817050910522        0.09561661745411       -3.12208843408159
H            0.94143685752546        0.67105335456779       -1.70330308632713
O            0.72855884799838       -0.06510522061945       -0.15554878242082
H            0.63626056733508       -1.03678738638335       -0.29305924611019
H            1.27552086490958        0.03960420150627        0.65447851707353
O            2.01348819865843        0.08798248560962        2.16092722442681
H            1.20836694835916       -0.13484497341741        2.67870066399910
H            2.08196992105018        1.06123223931331        2.25326107961353
O            0.51731873509676        3.59209071617841       -2.56682654305281
H            0.79247395711808        2.67180620314374       -2.72936619323711
H           -0.45266312351840        3.58473802399711       -2.62838591960518
O            0.78030651735536        4.06067293746740       -0.01905311285757
H            0.79235562312619        3.86286846032103       -0.99944607696149
H            1.03540254860854        4.97924246364940        0.06520842563024
O            1.46240664646243        2.69352542509768        2.31972459678011
H            1.37301405834796        3.11696409673943        1.45200722922460
H            0.55584749777579        2.54264667354776        2.62807465096008
O            2.99197945042279       -2.73063828073662       -1.43733322976882
H            3.75777676186971       -3.19570632160186       -1.77083530637114
H            3.24860924929782       -2.36718168810309       -0.55691026669402
O            3.45716324849576       -2.02110202627038        1.09835708399255
H            2.97297591500242       -2.70500698900720        1.57213660016461
H            3.10494526213684       -1.18232143985940        1.43517826589061
60
 energy: -101.735023376854 gnorm: 0.001429743339 xtb: 6.7.1 (edcfbbe)
O           -1.22858030418129       -2.06854528925991       -2.78029731117170
H           -1.88293955455812       -2.61027557540906       -3.21998344247689
H           -1.55349224795342       -1.14772775216061       -2.81636384043508
O           -2.28489416126489       -2.21967816027637        0.00366058799931
H           -2.31116312907615       -1.25020989350477       -0.00358503336745
H           -1.49765207947250       -2.46152138351975       -0.50893574980684
O           -1.68465438477688       -2.68917343140728        2.50133585541698
H           -1.92390500277791       -2.54615215493464        1.54106382464438
H           -2.39928061922345       -3.19775818890516        2.88354627774338
O           -1.79269043706518        0.62337004303321       -2.62164226782074
H           -0.81502536317227        0.74589011613618       -2.73684244060329
H           -1.91609761141408        0.51273506059187       -1.64900414160073
O           -1.82752189931551        0.50699025620733        0.03596898140739
H           -0.85387258432642        0.33426405319002        0.06793523585711
H           -1.92777883649668        1.45300486817684        0.23566172445281
O           -0.33774412951144       -0.40346551725058        3.33801604920208
H           -0.92123170177068       -1.12524494632106        3.05108016466138
H           -0.79854031590853        0.42603515374649        3.15285528462797
O           -2.25626001767013        3.21989454315053       -2.45074388440795
H           -2.17409107612344        2.24043071755783       -2.60046436514565
H           -2.90258190078195        3.54002728291693       -3.07937848468007
O           -1.78043327722210        3.24690876429178        0.29883358734373
H           -2.12608240267025        3.35903852971252       -0.60146783397681
H           -0.85179577534138        3.55776402701821        0.24190359297789
O           -1.30428335223460        2.23706365239560        2.82251010119726
H           -1.75537269860004        2.73781234370900        3.50260555856837
H           -1.60289179436790        2.59075733622519        1.96744056967743
O            1.41186852701401       -1.55422013501151       -3.46848207337054
H            0.52414024256922       -1.88796774151639       -3.25146940664176
H            2.00645329104548       -1.92766580607964       -2.80154464064079
O            0.48413595406216       -2.71033993218404       -0.28821728143863
H            0.71620641768508       -2.92696413350578        0.63366435586441
H            1.23996151337490       -2.96769897360559       -0.83276444934537
O            1.01983905095014       -3.03811454756163        2.40038035385638
H            0.05741319492857       -3.12769992480359        2.52508390939117
H            1.24975957374056       -2.24999845842412        2.90335746911129
O            0.84328415526830        0.90070269826036       -2.64866093193198
H            1.15928063222406        0.09636768838856       -3.12176352115224
H            0.94165012888946        0.67070359826730       -1.70263137639861
O            0.72920711317964       -0.06573157182833       -0.15530321720339
H            0.63602140443135       -1.03730624909579       -0.29204851770996
H            1.27812759926301        0.03914419335040        0.65315312628233
O            2.01537122237912        0.08965602573047        2.16048993308132
H            1.21148690797666       -0.13511683681488        2.67868663559087
H            2.08177436707233        1.06301928991720        2.25303059612989
O            0.51565697773457        3.59206557812621       -2.56757045067698
H            0.79063049836401        2.67173525920489       -2.73079189490571
H           -0.45428577849313        3.58497339252103       -2.62881211118203
O            0.78034602529118        4.06020913768682       -0.01962362947761
H            0.79131790991216        3.86203468611548       -0.99971896840908
H            1.03742275249427        4.97859299419294        0.06503947271312
O            1.46198267359436        2.69469281488967        2.31972996128135
H            1.37204786258195        3.11844150121510        1.45266382896360
H            0.55567246098055        2.54260366280707        2.62805831481676
O            2.99069470714567       -2.73045338729175       -1.43806410885634
H            3.75850917525482       -3.19448444328521       -1.77065019627940
H            3.24456084659337       -2.36759418672752       -0.55690429024020
O            3.45055027719333       -2.02587442784767        1.09823585112387
H            2.95963522671259       -2.70311896825396        1.57567489218073
H            3.11319627581453       -1.18015199193863        1.43797888511857
60
 energy: -101.735050016690 gnorm: 0.004244904608 xtb: 6.7.1 (edcfbbe)
O           -1.22380727995020       -2.06919112302480       -2.77559436484057
H           -1.87836673377276       -2.61168638898955       -3.21347581626830
H           -1.54695823384451       -1.14763978046715       -2.81528133949689
O           -2.28590182749188       -2.21618109438780        0.00327639418958
H           -2.31197535184263       -1.24684815747881       -0.00159586012171
H           -1.50138575754658       -2.45770822411267       -0.51595373888788
O           -1.68377285742081       -2.68988632376632        2.49945226307460
H           -1.92432569032481       -2.54548473253078        1.53935361744406
H           -2.39990484396234       -3.19425979929415        2.88226579772081
O           -1.78878651818245        0.62092380696857       -2.62171854044412
H           -0.81175683807475        0.74796016709049       -2.73605536672717
H           -1.91095373251044        0.51338794437509       -1.64799060860046
O           -1.82229835994859        0.50870482950062        0.03539956742527
H           -0.84841119863948        0.33523239860422        0.06768042378028
H           -1.92234237065394        1.45518748625096        0.23289233726307
O           -0.33210677186523       -0.40610032080694        3.33671392000747
H           -0.91548655515324       -1.12645013260488        3.04891458972325
H           -0.79408797151038        0.42401233526163        3.15587383154504
O           -2.26284594969751        3.21586061964085       -2.44953158077989
H           -2.17839957588287        2.23635537882680       -2.59764153277559
H           -2.91050281538571        3.53392194651398       -3.07708644455713
O           -1.78226190306522        3.24792196368362        0.30014319293060
H           -2.13004357693269        3.36028548493135       -0.59925018141045
H           -0.85376346660447        3.55878563130134        0.24224364663352
O           -1.30439192655975        2.23403264247866        2.82322669749474
H           -1.75234076347728        2.73490117717950        3.50511172096260
H           -1.60698753693912        2.58716270277255        1.96966041734474
O            1.41396074638484       -1.55236563434548       -3.47248501621430
H            0.52664975911915       -1.88627329455084       -3.25186217023099
H            2.01053967670121       -1.92704215128133       -2.80828449687107
O            0.48337420656371       -2.71094183121106       -0.28986001203924
H            0.71851324451707       -2.92703682489020        0.63150365270529
H            1.23744273285713       -2.96872648384100       -0.83606531358715
O            1.01900094294987       -3.03752309437518        2.40137631241702
H            0.05632217635877       -3.13127266396180        2.52243421086385
H            1.24276678454724       -2.25068035648112        2.90567841637069
O            0.84621702121628        0.90128892809109       -2.64653900753115
H            1.16209083165952        0.09826161496712       -3.12167544001149
H            0.94419709161680        0.66905314641850       -1.70084506195497
O            0.73248714124947       -0.06756726713402       -0.15403307825321
H            0.63860734776396       -1.03906063980107       -0.28966595803793
H            1.28597936198890        0.03828906185230        0.65083733760456
O            2.02297255114223        0.09572634898057        2.16037850648865
H            1.22161275987778       -0.13320337693069        2.67906033942620
H            2.08311169915613        1.06974267929364        2.25109420109601
O            0.51053129941615        3.59188643744556       -2.56999057998508
H            0.78609779460565        2.67154368741663       -2.73308133182655
H           -0.45927138431746        3.58430441096318       -2.63034332166957
O            0.78005242217597        4.05938976238086       -0.02157514811608
H            0.78851389877402        3.86132784432497       -1.00115990061619
H            1.04277567583476        4.97654134848850        0.06468529550673
O            1.46015578985114        2.69813554832659        2.31998166555001
H            1.36909081913485        3.12205570465957        1.45372715996055
H            0.55428945398755        2.54306895894062        2.62807440062585
O            2.98894457422337       -2.72855204847551       -1.44032242396432
H            3.75921139342782       -3.19218468706415       -1.77062476566730
H            3.23652773504620       -2.37270777057299       -0.55492502100129
O            3.43629551104217       -2.03743098608484        1.10118015933822
H            2.92081309299699       -2.69763732818781        1.57935739835807
H            3.12735478532149       -1.17693422126969        1.43885106856607
60
 energy: -101.735067356697 gnorm: 0.003067544460 xtb: 6.7.1 (edcfbbe)
O           -1.22183735401344       -2.06911872629633       -2.77395031862597
H           -1.87664375037718       -2.61187518541530       -3.21123764222746
H           -1.54537975718208       -1.14761761014333       -2.81310089970293
O           -2.28685036725115       -2.21465934557760        0.00267646991936
H           -2.31182717086237       -1.24528402986346       -0.00112925734049
H           -1.50324350719785       -2.45627090249048       -0.51753678694488
O           -1.68373532590335       -2.69003023740276        2.49822227893686
H           -1.92346668902725       -2.54542839204006        1.53791374308829
H           -2.40096515152861       -3.19333082762998        2.88084806496655
O           -1.78774968433469        0.62036326969696       -2.62116143975270
H           -0.81058205727138        0.74585162035174       -2.73632654884675
H           -1.90878384674082        0.51169922199477       -1.64736033790788
O           -1.82040400181247        0.50966724512006        0.03516429452635
H           -0.84674340533672        0.33489746622107        0.06834917491259
H           -1.91963327299388        1.45617715431640        0.23304817649986
O           -0.32972001955828       -0.40705553733606        3.33637813369952
H           -0.91352518712292       -1.12711636174724        3.04837613156237
H           -0.79127438625973        0.42314237155447        3.15528220785574
O           -2.26559369872526        3.21464310930568       -2.44850687267433
H           -2.17831241922588        2.23573332520470       -2.59854920177192
H           -2.91377107486557        3.53221329529850       -3.07590283652042
O           -1.78287786565643        3.24833503541284        0.30073056010336
H           -2.13129501023120        3.36067838762133       -0.59839293665934
H           -0.85456200278560        3.55945770604869        0.24249385861654
O           -1.30438606316062        2.23287692995340        2.82396880997698
H           -1.75148885539950        2.73386781481260        3.50637198504598
H           -1.60756615049834        2.58624334453283        1.97069301308597
O            1.41488832145144       -1.55160242661272       -3.47363313602150
H            0.52766486831888       -1.88546449280169       -3.25276759889033
H            2.01141691249744       -1.92607973128412       -2.80925107844841
O            0.48288915154203       -2.71075684223171       -0.29033185397438
H            0.71718184990563       -2.92814930081728        0.63081365022622
H            1.23677689472313       -2.96910451753705       -0.83663143414440
O            1.01822771361830       -3.03711614000455        2.40235857045368
H            0.05531879206788       -3.13327241823457        2.52026380134829
H            1.23856129676654       -2.25032191385292        2.90902068043666
O            0.84719673424353        0.90159263984694       -2.64605190025879
H            1.16339011126630        0.09905154061622       -3.12177081749872
H            0.94550668516091        0.66884078484798       -1.70049480006300
O            0.73420044945160       -0.06759074025169       -0.15366785820634
H            0.63950146342961       -1.03916565240880       -0.28876406736964
H            1.28794345737171        0.03866630934117        0.65093732484531
O            2.02605986955502        0.09857710450028        2.16023425733068
H            1.22538424475258       -0.13180957136905        2.67904278791478
H            2.08438287022759        1.07274552389442        2.25100501894589
O            0.50823100344241        3.59180401437509       -2.57075668351652
H            0.78474122379464        2.67164076051582       -2.73321233771675
H           -0.46154142863856        3.58338477606218       -2.63101529346347
O            0.77965533918000        4.05947389541294       -0.02235045193134
H            0.78745835391277        3.86168413808291       -1.00190844502598
H            1.04437222026089        4.97590527410270        0.06424005103215
O            1.45933929636761        2.70001082294266        2.32016668476767
H            1.36784386127858        3.12268824735217        1.45325109917370
H            0.55361329343767        2.54313588463567        2.62787240736915
O            2.98905550077115       -2.72817611249097       -1.44070638858224
H            3.75909093389159       -3.19194140374114       -1.77075465227029
H            3.23594821298768       -2.37463640438186       -0.55412366973051
O            3.43307662834640       -2.03971773779120        1.10224243689749
H            2.91155313063804       -2.69702088255858        1.57760703293260
H            3.12635134925274       -1.17866030965559        1.43768995954641
60
 energy: -101.735101004207 gnorm: 0.001581188945 xtb: 6.7.1 (edcfbbe)
O           -1.21476537778775       -2.06999198165688       -2.76659250082066
H           -1.86961676348863       -2.61370316521816       -3.20297041295227
H           -1.53928296940642       -1.14865224087186       -2.80578516107856
O           -2.29012466438334       -2.20831497155829       -0.00094876859111
H           -2.31116478264622       -1.23871671453303       -0.00076914751962
H           -1.50982811694226       -2.45012683958189       -0.52451393857532
O           -1.68402350345611       -2.69177940117416        2.49203114362905
H           -1.92362204380428       -2.54422198666519        1.53215284874877
H           -2.40546220835346       -3.18972833737710        2.87547779357992
O           -1.78271469927190        0.61700361315401       -2.61962161008000
H           -0.80586198268476        0.74533880638773       -2.73535517656112
H           -1.90258838204495        0.51113577665817       -1.64516356000654
O           -1.81237878261314        0.51253285118778        0.03520288059843
H           -0.83897021630212        0.33698620727314        0.06917269302208
H           -1.91154130940376        1.45937356671151        0.23244836870383
O           -0.31977508229698       -0.41183800241161        3.33286564046388
H           -0.90670981592656       -1.13044659744905        3.04599501789071
H           -0.78053813114009        0.41900501619302        3.15407455631675
O           -2.27381826714646        3.20915662160954       -2.44620199793487
H           -2.18325642522107        2.23066075201756       -2.59577434648120
H           -2.92656605194468        3.52359166521218       -3.07101571815816
O           -1.78523861981113        3.24918668609342        0.30301969405392
H           -2.13584977937741        3.36037506564442       -0.59537187711835
H           -0.85780931113424        3.56182537795442        0.24327754686390
O           -1.30424693068538        2.22775241393972        2.82640705597549
H           -1.74806063638814        2.72855114352468        3.51130524218316
H           -1.60940669260326        2.58329004288970        1.97465623360576
O            1.41835420968273       -1.54925157570172       -3.47767508137821
H            0.53154961040679       -1.88301039234267       -3.25591522092316
H            2.01479026645981       -1.92260761314395       -2.81247115182707
O            0.48052432448897       -2.71017733058002       -0.29217386143687
H            0.71269266846640       -2.93175037408756        0.62784301082217
H            1.23343873245402       -2.96985467031916       -0.83964115768366
O            1.01412697754686       -3.03537730696035        2.40571837002179
H            0.05098443406082       -3.14058597086761        2.51524759106990
H            1.22367534872823       -2.25155097785406        2.92457761903196
O            0.85208263545247        0.90252544440770       -2.64465648058008
H            1.16839251770691        0.10122750633566       -3.12227469002633
H            0.95141913966040        0.66832539715041       -1.69954383386289
O            0.74156799833826       -0.06773594211829       -0.15256675182955
H            0.64463908753702       -1.03961955925644       -0.28583645830707
H            1.29584676862120        0.04071548761076        0.65128207777802
O            2.03802937334598        0.11019347360044        2.15812064539691
H            1.24079057347229       -0.12598089765063        2.67871203256782
H            2.09019369797010        1.08475173718806        2.25033599849401
O            0.49989562402865        3.59148172174589       -2.57369689972637
H            0.77959311960975        2.67193122278656       -2.73379331555814
H           -0.46978563845806        3.58017066370734       -2.63312660732405
O            0.77778718145747        4.05995541162441       -0.02536316010465
H            0.78298130548631        3.86269715902748       -1.00484093448489
H            1.04987024607214        4.97378120357204        0.06165424093612
O            1.45574167404823        2.70726868872390        2.32063808100982
H            1.36307918459959        3.12626950993593        1.45160523737766
H            0.55042624856236        2.54533333087818        2.62732009411543
O            2.98881062150928       -2.72830043533507       -1.44211363087894
H            3.75871921918120       -3.19139347251723       -1.77116055412763
H            3.23342173955595       -2.38031644845017       -0.55236375625669
O            3.41892038946013       -2.04896590154168        1.10433531483973
H            2.87918759629681       -2.69579667701437        1.57297200558111
H            3.12453720040666       -1.18592252050128        1.43676384744522
60
 energy: -101.735114040799 gnorm: 0.001700266096 xtb: 6.7.1 (edcfbbe)
O           -1.20890651336037       -2.07145548351902       -2.76028866739376
H           -1.86355136363743       -2.61524623623923       -3.19690340505899
H           -1.53258879268826       -1.14972759897954       -2.80150354657985
O           -2.29325828801441       -2.20193966430369       -0.00491494143309
H           -2.31022219009892       -1.23213460345687       -0.00095643704003
H           -1.51573142553965       -2.44450593497753       -0.53200903216664
O           -1.68664433221221       -2.69281975845286        2.48620725507353
H           -1.92539169977007       -2.54290695197380        1.52655005911465
H           -2.41129471696674       -3.18635570022686        2.86950020616383
O           -1.77864307596921        0.61381015042956       -2.61671649360155
H           -0.80217155155899        0.74332035065713       -2.73467592035247
H           -1.89601991784388        0.50909111940108       -1.64172738995412
O           -1.80483960263392        0.51503225024662        0.03714695935118
H           -0.83154964609328        0.33903139580436        0.07122941902023
H           -1.90412150060024        1.46216006930370        0.23367676210958
O           -0.31029035246252       -0.41725968533934        3.32814924220809
H           -0.90039235427400       -1.13350693351655        3.04142427436094
H           -0.77034959899502        0.41475405013650        3.15329509886365
O           -2.28235327618469        3.20383469386721       -2.44262788594131
H           -2.18457316401474        2.22669224681220       -2.59607104133309
H           -2.93824138360753        3.51555534858068       -3.06560202875246
O           -1.78748225656097        3.24999445085647        0.30566749890761
H           -2.13975595089311        3.36019766506633       -0.59219717868066
H           -0.86072870362500        3.56392222599688        0.24454949701053
O           -1.30332569065001        2.22320318417248        2.82845557340019
H           -1.74547804800001        2.72260218961206        3.51547915731548
H           -1.61097511114533        2.58003563312331        1.97814942744292
O            1.42157926024831       -1.54706168899565       -3.48029760579286
H            0.53520669976931       -1.88112120124053       -3.25750094332392
H            2.01847518158616       -1.92035460020170       -2.81542423968851
O            0.47840199426648       -2.70939486762596       -0.29351249770156
H            0.71042208667227       -2.93259078925643        0.62552491723359
H            1.23022204612859       -2.96928985683096       -0.84244755592375
O            1.00939703889789       -3.03645554444130        2.41007105555012
H            0.04603472584776       -3.14508635294004        2.51332325956594
H            1.21263640910144       -2.25655524967347        2.93777612094866
O            0.85581426543796        0.90367437322964       -2.64373529622776
H            1.17229738629322        0.10326257411451       -3.12268855278236
H            0.95664832994414        0.66867309720649       -1.69895917312314
O            0.74844458698698       -0.06707203926482       -0.15149268843062
H            0.64990200743852       -1.03890289041840       -0.28406496587802
H            1.30468440701865        0.04243488545943        0.65100244663352
O            2.04992747967836        0.12050905063421        2.15571969861839
H            1.25529423813137       -0.12183323784052        2.67667767126431
H            2.09474106579626        1.09560468643767        2.24768397801010
O            0.49168839752557        3.59127470295040       -2.57569124893887
H            0.77406591974374        2.67246502555142       -2.73522374498536
H           -0.47797432021141        3.57758863888114       -2.63428613317834
O            0.77524703990383        4.06088971201035       -0.02806271487012
H            0.77786812791811        3.86309801318789       -1.00739710529603
H            1.05388721184071        4.97277848163100        0.05814650660739
O            1.45249360830023        2.71479156158158        2.32109593172022
H            1.35887474848337        3.13107152458042        1.45071165366975
H            0.54759747221216        2.54846877991179        2.62677144566030
O            2.98771943534632       -2.72946490987059       -1.44413362823491
H            3.75881809763245       -3.19194546486756       -1.77096384336071
H            3.22836008403323       -2.38512479177675       -0.55158443336455
O            3.40553008884023       -2.05942924395600        1.10591647160161
H            2.84866827552447       -2.69392315962788        1.57292610548313
H            3.12896964101521       -1.18968243161522        1.43674776640926
60
 energy: -101.735125654402 gnorm: 0.000787773322 xtb: 6.7.1 (edcfbbe)
O           -1.20501567121962       -2.07329177467953       -2.75930033847446
H           -1.86020054487277       -2.61676997446116       -3.19541199744674
H           -1.52998944716457       -1.15187101462867       -2.79768948630298
O           -2.29591652171740       -2.19691434815331       -0.00901600742477
H           -2.30904803267958       -1.22696393671180       -0.00173139007151
H           -1.51968970703089       -2.44044634204126       -0.53785879824359
O           -1.69130829180417       -2.69261419109105        2.48153362600123
H           -1.92878284999811       -2.54132442475608        1.52190119898944
H           -2.41755411536060       -3.18411143449929        2.86378560645176
O           -1.77508125829723        0.61146572995293       -2.61458553377203
H           -0.79921377158249        0.74417758120175       -2.73319486585823
H           -1.89214646896194        0.50882787616110       -1.63938151214966
O           -1.79904850515436        0.51636173536260        0.03982531842083
H           -0.82566639678018        0.34135355865067        0.07371509933934
H           -1.89963052909772        1.46356393146327        0.23581930809549
O           -0.30343070642435       -0.42201706673715        3.32233983713851
H           -0.89656083451959       -1.13540999769875        3.03494325039459
H           -0.76236855937562        0.41146745339106        3.15139288408731
O           -2.28588470720483        3.19997057459781       -2.44087088273338
H           -2.19007764225202        2.22210438824103       -2.58982978006062
H           -2.94639670674765        3.50847176400598       -3.06049918934615
O           -1.78905410111362        3.25038478723421        0.30804456381096
H           -2.14191213110291        3.35874563657386       -0.58988903981023
H           -0.86289911854046        3.56590143419839        0.24585848598621
O           -1.30152788751509        2.22030056507793        2.82980802084504
H           -1.74466194384029        2.71680762738553        3.51821636341424
H           -1.61103898908311        2.57795552883208        1.98055170903341
O            1.42410052170996       -1.54580855126259       -3.48033843945192
H            0.53821732154216       -1.88085969496819       -3.25720398297690
H            2.02173202311526       -1.92000140537199       -2.81656950890347
O            0.47738489614761       -2.70743926732137       -0.29330149956993
H            0.70771734950971       -2.93263928776936        0.62523140560608
H            1.22845536811491       -2.96858705547148       -0.84251953394976
O            1.00539977152534       -3.03986042746781        2.41510882069623
H            0.04129057620628       -3.14695236269795        2.51145692199825
H            1.20568148682280       -2.26369226701573        2.94839047041786
O            0.85875360336720        0.90489990103144       -2.64424088166053
H            1.17490485182632        0.10415680750118       -3.12288005810646
H            0.96058819484511        0.67067537294983       -1.69942095312711
O            0.75432810621395       -0.06481746926349       -0.15150714567681
H            0.65381732174084       -1.03628243597681       -0.28359160107022
H            1.31207808556719        0.04463968845344        0.65019761034136
O            2.05835288396782        0.12738827608063        2.15301372901099
H            1.26547439417065       -0.12023859257049        2.67368986620496
H            2.09799906561735        1.10260133772128        2.24573609011390
O            0.48637975940489        3.59134890799165       -2.57670151423370
H            0.77028432113340        2.67310887996122       -2.73660777465851
H           -0.48331372860355        3.57627876377626       -2.63418283657703
O            0.77259050957308        4.06251448381180       -0.03001599147537
H            0.77329146664949        3.86374245838603       -1.00934142344196
H            1.05436966521224        4.97364225456010        0.05430986878944
O            1.45061382384430        2.71999299467819        2.32068781094536
H            1.35624715404165        3.13588040960043        1.45025728399484
H            0.54609086351758        2.55201934051815        2.62639999325531
O            2.98648214792464       -2.73129963081969       -1.44558709716947
H            3.75803726171724       -3.19480093438583       -1.77044211652136
H            3.22457195083139       -2.38890231368339       -0.55151554784696
O            3.39776785010427       -2.06513439965044        1.10615759697312
H            2.83655592588695       -2.69308816584519        1.57567315935653
H            3.13092317614461       -1.19193602234712        1.43709594832848
60
 energy: -101.735134732094 gnorm: 0.001307405250 xtb: 6.7.1 (edcfbbe)
O           -1.20396582479879       -2.07610113321831       -2.75966153436534
H           -1.85863207914727       -2.61807321231786       -3.19830395134023
H           -1.52710850873003       -1.15411083941780       -2.79924183105885
O           -2.29805771443556       -2.19271495812470       -0.01462426133182
H           -2.30754944093797       -1.22269105718893       -0.00318041462305
H           -1.52150557181444       -2.43678906547918       -0.54317525432088
O           -1.69711172300909       -2.69193734336914        2.47636982150833
H           -1.93498076058459       -2.53897990571005        1.51722614099511
H           -2.42418749650363       -3.18195892099809        2.85821611956018
O           -1.77371076073225        0.60878642171078       -2.61021620019587
H           -0.79848332826174        0.74347763427992       -2.73139786595930
H           -1.88901212913317        0.50799144725924       -1.63483578199494
O           -1.79413904694697        0.51678859625286        0.04530015174632
H           -0.82025586045726        0.34484230711260        0.07688886980966
H           -1.89729102172422        1.46410048585203        0.23952057888478
O           -0.29813399990132       -0.42621337077845        3.31405117309317
H           -0.89469023794634       -1.13654125030274        3.02683797071683
H           -0.75591354918043        0.40892507584970        3.14772335971304
O           -2.28977136928046        3.19620641983119       -2.43653881256735
H           -2.18923171555780        2.21906778721347       -2.58810486573831
H           -2.95253604889356        3.50258059009313       -3.05451056899536
O           -1.78996029056533        3.25039073237983        0.31112488495311
H           -2.14323673878213        3.35742280105508       -0.58686680040351
H           -0.86444346491071        3.56802236952642        0.24789132016700
O           -1.29900352276651        2.21819426898776        2.83109549174633
H           -1.74496827909813        2.71034840429681        3.52074349918097
H           -1.60944639025730        2.57734440038612        1.98288018400471
O            1.42624758126556       -1.54550867663549       -3.47810973905776
H            0.54041067227191       -1.88128743870934       -3.25568948282099
H            2.02392921223053       -1.92060855933433       -2.81482799232011
O            0.47672056757280       -2.70397605626770       -0.29148017552769
H            0.70616155760877       -2.93149559973817        0.62639185252635
H            1.22644816977144       -2.96703560519689       -0.84141820659505
O            1.00114669328618       -3.04402973622468        2.41978871585579
H            0.03634864831369       -3.14877914457958        2.51077471375763
H            1.20082562298489       -2.27334480277074        2.96003342651378
O            0.85949462464360        0.90615220168094       -2.64653270362305
H            1.17582405856820        0.10439202660008       -3.12353777823684
H            0.96343633803542        0.67437640133165       -1.70139269777544
O            0.75956330621659       -0.06071742553827       -0.15267223683687
H            0.65866781790096       -1.03178974774316       -0.28427090463878
H            1.31898182587770        0.04890555727235        0.64807955713819
O            2.06475666545668        0.13151097172751        2.14950616660812
H            1.27313211039111       -0.12073470287190        2.66949385027410
H            2.10111734273776        1.10650814696734        2.24411398629158
O            0.48142547532225        3.59174106844121       -2.57672914658910
H            0.76696701986980        2.67422129426575       -2.73795323305329
H           -0.48838288040507        3.57500530079459       -2.63300141639522
O            0.76938738497244        4.06522470516678       -0.03150490820622
H            0.76841936716700        3.86502384458493       -1.01090368892778
H            1.05112342672206        4.97667283743465        0.05003506398419
O            1.45055126662181        2.72310082844002        2.31915164577492
H            1.35506476352610        3.14026951511054        1.44961725148315
H            0.54647903361907        2.55499402707861        2.62597882989321
O            2.98505196795034       -2.73491625850221       -1.44496231834117
H            3.75608760104022       -3.20031176502771       -1.76913648778937
H            3.22312170012269       -2.39211714187556       -0.55129681446716
O            3.39538073788990       -2.06730824179708        1.10685903945531
H            2.83578534549637       -2.69303368907613        1.57994918641056
H            3.13071437925988       -1.19280756018546        1.43635034197948
60
 energy: -101.735142660890 gnorm: 0.000928417515 xtb: 6.7.1 (edcfbbe)
O           -1.20240990002000       -2.07837888125985       -2.76365170263255
H           -1.85802962635917       -2.61901402819955       -3.20255726679262
H           -1.52682482787835       -1.15662796231713       -2.79752500365262
O           -2.30059899882159       -2.18897716527866       -0.01994618659666
H           -2.30647555226479       -1.21893727358799       -0.00408536799858
H           -1.52381655415519       -2.43334693845330       -0.54824281521726
O           -1.70197209612299       -2.69097727931836        2.47117280556559
H           -1.93786461728537       -2.53770534107101        1.51158932768622
H           -2.43099798680334       -3.17919696622716        2.85176436878652
O           -1.77210279290083        0.60664555460001       -2.60635672272934
H           -0.79715071629637        0.74097908801548       -2.72982133754777
H           -1.88525105629765        0.50451838455624       -1.63100669319113
O           -1.78961459737401        0.51779597874057        0.04978936632227
H           -0.81556420374465        0.34659364374154        0.08093862391190
H           -1.89371445071658        1.46499756640283        0.24380545158757
O           -0.29359902660518       -0.42907732229903        3.30612810075620
H           -0.89230787939661       -1.13702089062657        3.01800638105153
H           -0.74953248308005        0.40731749473024        3.14137147904938
O           -2.29259454019200        3.19282992961673       -2.43258568420063
H           -2.19160109800060        2.21537247309308       -2.58218983834257
H           -2.95874941884590        3.49679234646400       -3.04809070777147
O           -1.79116616465907        3.25152249896472        0.31462104647424
H           -2.14464019212260        3.35642447301980       -0.58359019821088
H           -0.86584344808295        3.56984956187805        0.25027299634468
O           -1.29621467133237        2.21664613704208        2.83284788996657
H           -1.74606334865527        2.70400187278264        3.52342407296709
H           -1.60763022135574        2.57653688388834        1.98530228794093
O            1.42881449550181       -1.54550891277731       -3.47572263666889
H            0.54282929339297       -1.88181221356273       -3.25464122286279
H            2.02579631477584       -1.92093658397897       -2.81196231524228
O            0.47611721144805       -2.69960679700622       -0.28921441173658
H            0.70498833485523       -2.92898983271538        0.62816506459778
H            1.22438579952111       -2.96553470581998       -0.83967544212404
O            0.99754555734382       -3.04773495885709        2.42362006119692
H            0.03201633319560       -3.15223188113989        2.50858118005653
H            1.19521645184522       -2.28202125820319        2.97176858200075
O            0.86016887145938        0.90758858477035       -2.64948189377769
H            1.17680090264919        0.10478778574789       -3.12471374481323
H            0.96611343094897        0.67821914323459       -1.70394717042536
O            0.76460228269524       -0.05565597770419       -0.15472719682075
H            0.66229773609319       -1.02659306204393       -0.28444594464129
H            1.32529637598291        0.05443282383682        0.64515326696125
O            2.07125870267635        0.13479364019068        2.14613888677289
H            1.27994792881354       -0.12192246632717        2.66410979367225
H            2.10413079303593        1.10972727956005        2.24230082796131
O            0.47697506462158        3.59236805834896       -2.57700772979389
H            0.76415201506355        2.67549413034452       -2.73921966554383
H           -0.49288311828084        3.57390184930755       -2.63211205273807
O            0.76614877633619        4.06865573212738       -0.03283131448237
H            0.76415767229915        3.86712788220834       -1.01217590573663
H            1.04635841051174        4.98082268053019        0.04650859678090
O            1.45174315147887        2.72596745084530        2.31759682380755
H            1.35437487200712        3.14320782802425        1.44836397128202
H            0.54829226394476        2.55567252694537        2.62526795605160
O            2.98421397657123       -2.73884408001850       -1.44289369910779
H            3.75384978816723       -3.20689354247414       -1.76671777873111
H            3.22296725335991       -2.39613693165612       -0.54959028663259
O            3.39449899597996       -2.06948904190512        1.10972062378384
H            2.83132664494999       -2.69294406718639        1.58337815286384
H            3.13089041607625       -1.19279966154013        1.43493707049235
60
 energy: -101.735147885857 gnorm: 0.000541387714 xtb: 6.7.1 (edcfbbe)
O           -1.20256014819984       -2.07975921377125       -2.76695486040123
H           -1.85805961254561       -2.61943718259062       -3.20733828241385
H           -1.52714602147632       -1.15801112091507       -2.79842416415481
O           -2.30170928978369       -2.18788061439901       -0.02338723708917
H           -2.30614486754076       -1.21792602568048       -0.00544098837460
H           -1.52446418391403       -2.43225121378918       -0.55064544527933
O           -1.70339958289501       -2.69082424743412        2.46762103008387
H           -1.93793913477463       -2.53802123090242        1.50760106838948
H           -2.43436098355226       -3.17688818333530        2.84798135374166
O           -1.77213414224020        0.60485263677455       -2.60362198832208
H           -0.79731183314663        0.73990021741226       -2.72846025381785
H           -1.88381411836366        0.50286136537514       -1.62810285015698
O           -1.78740728002769        0.51812782011993        0.05287761949854
H           -0.81307552701028        0.34816379108241        0.08274283199056
H           -1.89246280825707        1.46526357676134        0.24644558132059
O           -0.29248376827889       -0.42929036077156        3.30084934935482
H           -0.89160926968083       -1.13673747101192        3.01213520224633
H           -0.74777066899398        0.40757757496415        3.13682250717428
O           -2.29425410435076        3.19037949030721       -2.42917912341016
H           -2.19226582656914        2.21297139781606       -2.57885165093550
H           -2.96159537638559        3.49378209199112       -3.04379998041893
O           -1.79145414175832        3.25195067185132        0.31690383450578
H           -2.14588209164310        3.35613416854871       -0.58102097606369
H           -0.86673126129718        3.57197959306845        0.25175463548691
O           -1.29429965366928        2.21607944558833        2.83382241496343
H           -1.74642712194722        2.70004516076247        3.52533936657392
H           -1.60581877863348        2.57755229596560        1.98690955025136
O            1.43004593442758       -1.54593240927638       -3.47362567092103
H            0.54364734744697       -1.88267383418025       -3.25512229708954
H            2.02558211002182       -1.92162909874608       -2.80873302778478
O            0.47572984752970       -2.69557209572098       -0.28753710817229
H            0.70398831890364       -2.92524367220921        0.62998549798556
H            1.22337596127999       -2.96451785564076       -0.83749226448052
O            0.99597603013535       -3.04986265779946        2.42454064652409
H            0.03040344885303       -3.15452282186180        2.50779857529731
H            1.19331592670478       -2.28593172452268        2.97575087918137
O            0.85973869837973        0.90836509768234       -2.65227863788640
H            1.17669371441413        0.10510779435381       -3.12651727975252
H            0.96717439278533        0.68041709302501       -1.70652061087604
O            0.76706895257662       -0.05205222054521       -0.15698385890083
H            0.66375163766805       -1.02318716872503       -0.28504267673637
H            1.32842260246142        0.05826336896170        0.64228181863122
O            2.07363335354339        0.13548044705772        2.14389276340139
H            1.28187803716447       -0.12250775472816        2.66049806388312
H            2.10656497575374        1.11022868440149        2.24171871707920
O            0.47462684768037        3.59304670308895       -2.57706924188224
H            0.76259912756459        2.67662759595335       -2.74027538025543
H           -0.49524395507029        3.57352608143731       -2.63141614866446
O            0.76441056795221        4.07093456181709       -0.03305195540642
H            0.76259337258909        3.86931763976316       -1.01232918603524
H            1.04111798335663        4.98414508535004        0.04607178719083
O            1.45394985706422        2.72566502336087        2.31588814663945
H            1.35572243249933        3.14404719664109        1.44722657123855
H            0.55083566648730        2.55605815335590        2.62485473661015
O            2.98398431301807       -2.74181611895154       -1.43999943999067
H            3.75188632705825       -3.21242451970742       -1.76359868861014
H            3.22387037376763       -2.39907648105932       -0.54699356703952
O            3.39478707350538       -2.06964445748651        1.11188148248747
H            2.83374939677048       -2.69473364399525        1.58580327215894
H            3.12976345259445       -1.19382116487873        1.43773065736171
60
 energy: -101.735152817826 gnorm: 0.000677516212 xtb: 6.7.1 (edcfbbe)
O           -1.20322652409816       -2.08156918074820       -2.77124738657597
H           -1.85817709804682       -2.61941760778034       -3.21473426302023
H           -1.52723863243721       -1.15949752214182       -2.80000365011511
O           -2.30229053153193       -2.18690835548106       -0.02791729260823
H           -2.30582417503911       -1.21707167685927       -0.00751016625134
H           -1.52461211637796       -2.43090610318126       -0.55445420113117
O           -1.70353504009454       -2.69182539961773        2.46251366950652
H           -1.93891336930523       -2.53842365861492        1.50274141267151
H           -2.43709527357879       -3.17319938688836        2.84417000942290
O           -1.77232917849650        0.60221766076682       -2.60018614571456
H           -0.79767371651049        0.73816162914882       -2.72686380710703
H           -1.88188922419208        0.50111791670750       -1.62424563125194
O           -1.78456616244084        0.51877181459750        0.05657923484165
H           -0.80977672032957        0.35070700127914        0.08433478520399
H           -1.89093409411462        1.46589869640096        0.24939009842649
O           -0.29172231951901       -0.42924504310784        3.29368875034005
H           -0.89094997853960       -1.13624817106505        3.00386099376274
H           -0.74646415271257        0.40831013632263        3.13113902572063
O           -2.29709909344947        3.18695539334284       -2.42445472916031
H           -2.19351522249332        2.20968810280245       -2.57435610130016
H           -2.96544798898034        3.48972319367023       -3.03833748464415
O           -1.79246081474792        3.25365019301163        0.32060634450249
H           -2.14766933639204        3.35525739368906       -0.57730999646313
H           -0.86759575911917        3.57292660979472        0.25390794307001
O           -1.29120807943272        2.21596518926498        2.83510423755358
H           -1.74659432886239        2.69515015594089        3.52780481169096
H           -1.60388109971602        2.57845191456379        1.98896279030882
O            1.43153599603599       -1.54722052588825       -3.47148939420717
H            0.54457371661442       -1.88371413461595       -3.25511823503312
H            2.02544807544434       -1.92247789826198       -2.80493875069015
O            0.47485045029360       -2.68978292836658       -0.28504979753531
H            0.70305952983003       -2.91863298638858        0.63288796854776
H            1.22190382422717       -2.96210134929176       -0.83424105505880
O            0.99479483539684       -3.05245748838363        2.42539128739093
H            0.02926636691303       -3.15775791174920        2.50720446765893
H            1.19093573791505       -2.28774255771352        2.97581288021984
O            0.85883276133084        0.90921242996233       -2.65612210703993
H            1.17662870794382        0.10565733472552       -3.12915139507091
H            0.96782525518148        0.68283353592587       -1.71007449352434
O            0.77003726763236       -0.04763475993210       -0.15975899396292
H            0.66623586726124       -1.01913431722066       -0.28650223220026
H            1.33316093811583        0.06255878598355        0.63809872582644
O            2.07698525382257        0.13572479307920        2.14193072362388
H            1.28364561584248       -0.12257584896071        2.65590162448792
H            2.10980969025732        1.11056595752806        2.23993165928062
O            0.47150052072083        3.59424669770195       -2.57702479169716
H            0.76055490628989        2.67846024710472       -2.74162836796650
H           -0.49838246070640        3.57307422253449       -2.62996660662514
O            0.76217618496306        4.07408367771627       -0.03270021775411
H            0.76090966868692        3.87154602130616       -1.01155222140096
H            1.03358077980783        4.98894147989547        0.04612234851285
O            1.45764742955871        2.72577566931557        2.31388880984079
H            1.35813625437105        3.14428537997975        1.44539155795633
H            0.55507937251152        2.55592614625637        2.62417288187852
O            2.98330482168512       -2.74619635413875       -1.43491476051456
H            3.74956673353179       -3.22001204313904       -1.75734934628013
H            3.22377945484685       -2.40253334449203       -0.54231683116618
O            3.39546201976831       -2.07144387854953        1.11598859741238
H            2.83429231928601       -2.69754298922200        1.58879092979575
H            3.12861466513080       -1.19589669851644        1.44111700354497
