16
 energy: -17.823060060894 xtb: 6.7.1 (edcfbbe)
C           -0.77642953624656        0.89702890687839       -0.32060262143208
C            0.00816557551852       -0.15558769203142       -0.52496702788729
C            1.46191320149470       -0.15574024646723       -0.52466471807902
C            2.24666655458871        0.89680022310019       -0.32043156570965
C            1.39307411369811        1.43230708368322        2.87442385207250
C            0.07664051257712        1.43214708465822        2.87445065192926
H           -0.38269071300746        1.87989731637194       -0.12906950917919
H           -1.84943096983287        0.81004728597027       -0.33599330631741
H           -0.44778457884664       -1.12048138324514       -0.71092563093485
H            1.91771964525942       -1.12079758842738       -0.71011131468848
H            3.31965504338540        0.80960052946900       -0.33539013588045
H            1.85306231171560        1.87981938207351       -0.12958524910724
H            1.96271753065483        0.53788025393037        2.68590786515960
H            1.96459208802875        2.32699226354777        3.06020459262390
H           -0.49497029758831        2.32683686001306        3.06051116297353
H           -0.49290048139984        0.53772826047443        2.68624295445655
16
 energy: -17.823042492310 xtb: 6.7.1 (edcfbbe)
C           -0.77154399339898        0.89907505481800       -0.29719367850753
C            0.01034446987121       -0.15253933663884       -0.51670157860555
C            1.46403869319818       -0.15471704826996       -0.52469534643579
C            2.25116637920750        0.89651070900366       -0.32301527599482
C            1.38705804461893        1.43046251563412        2.86930811738532
C            0.07067487955970        1.42943301325238        2.85288675457021
H           -0.37563451459848        1.87974690868135       -0.09921395354807
H           -1.84472461982327        0.81312942269377       -0.30576006242923
H           -0.44810128110780       -1.11536877140724       -0.70681950767779
H            1.91753329411143       -1.12000258344092       -0.71427725113667
H            3.32395861231216        0.80828297956236       -0.34394681357239
H            1.85958183514231        1.87966483233227       -0.12877755107668
H            1.95957753096323        0.53477808288790        2.69506329002525
H            1.95574348219590        2.32765349674842        3.05315058396214
H           -0.50356759892998        2.32572797963620        3.02370587040024
H           -0.49610521332254        0.53264128450575        2.66628640264104
16
 energy: -17.823012260547 xtb: 6.7.1 (edcfbbe)
C           -0.76623349314773        0.90154183907643       -0.27401979603815
C            0.01272808015488       -0.14930775236976       -0.50733797239324
C            1.46627279782308       -0.15334374721512       -0.52434050787147
C            2.25594658004287        0.89655913293366       -0.32567017856174
C            1.38038783852554        1.42812114592296        2.86393034721950
C            0.06426552183694        1.42611065508083        2.83151208347870
H           -0.36762409824094        1.88030689897368       -0.07219490429561
H           -1.83956911504978        0.81714762830539       -0.27616979364254
H           -0.44828650441777       -1.11014535085524       -0.70131920147198
H            1.91737549546538       -1.11885360194963       -0.71841419869904
H            3.32847802671956        0.80695444826161       -0.35298181744471
H            1.86675897424545        1.88000754560284       -0.12819584032342
H            1.95541384744822        0.53066611375306        2.70802587244677
H            1.94643514263894        2.32806186452643        3.04251378397963
H           -0.51245708824313        2.32415436825942        2.98397455127157
H           -0.49989200580203        0.52649735169242        2.65068757234537
16
 energy: -17.822968313963 xtb: 6.7.1 (edcfbbe)
C           -0.76028981229169        0.90477197867048       -0.25149332032652
C            0.01548008259159       -0.14569476274592       -0.49701845332601
C            1.46879474692934       -0.15163497938710       -0.52362079654031
C            2.26113893443464        0.89690266708039       -0.32832409949335
C            1.37287718095081        1.42504632019811        2.85833165987136
C            0.05720023072682        1.42197095683785        2.81009717922190
H           -0.35875424545358        1.88202959590134       -0.04827710826755
H           -1.83373654037409        0.82202803066335       -0.24651719154794
H           -0.44825886538918       -1.10485838777077       -0.69282507468576
H            1.91736468734584       -1.11742339650075       -0.72210221777136
H            3.33335096455169        0.80583094111183       -0.36239765182251
H            1.87452885726600        1.88068535325866       -0.12755455816136
H            1.94997662259414        0.52538759423258        2.72436224502054
H            1.93660287241622        2.32826756512786        3.02763934215041
H           -0.52160680362623        2.32216721622946        2.94059848437014
H           -0.50466891267285        0.51900184709159        2.63910156130771
16
 energy: -17.822965761842 xtb: 6.7.1 (edcfbbe)
C           -0.72719038138592        0.94402272138763       -0.25582636823825
C            0.03847384616271       -0.12438006131192       -0.45000462028168
C            1.48997656048103       -0.13713515692581       -0.52280551715340
C            2.29339624131603        0.90227365443425       -0.32424451003211
C            1.32559870530599        1.39447287867183        2.84487394007821
C            0.01021373912390        1.38411369032260        2.78982868786819
H           -0.31830613549634        1.93265718951039       -0.14320460520899
H           -1.80002414233314        0.86561839466936       -0.21122175100539
H           -0.43293422318943       -1.09242585885533       -0.56804373866529
H            1.92726803190461       -1.10067251943909       -0.75448122334533
H            3.36362667280984        0.80751039948054       -0.39257282629461
H            1.91747161801576        1.88110804573683       -0.08342225916005
H            1.90302439605859        0.48535062713827        2.85839723447677
H            1.88961719267954        2.31223748826770        2.87569587293307
H           -0.56805928784062        2.29339591913323        2.77628441443438
H           -0.55215283361369        0.46633112777848        2.76074726959330
16
 energy: -17.822912687279 xtb: 6.7.1 (edcfbbe)
C           -0.72170644812670        0.94712140224693       -0.23445964116968
C            0.04111049352888       -0.12181822020892       -0.43717258085798
C            1.49192659116126       -0.13604318375108       -0.52040138166038
C            2.29777680002119        0.90259249163224       -0.32742524404136
C            1.31875424574280        1.39209446055518        2.83872093653968
C            0.00412605797792        1.38067792560894        2.76675008542505
H           -0.31041814113085        1.93505438615381       -0.12519668760359
H           -1.79423205282148        0.87038351007236       -0.18071708108524
H           -0.43224492665174       -1.08933586499799       -0.55161658676594
H            1.92658223204830       -1.10014054183464       -0.75463257439894
H            3.36742849976040        0.80669368687157       -0.40271810265743
H            1.92448068899358        1.88182536017056       -0.08412295287575
H            1.89682233686468        0.48328084848224        2.85548574039100
H            1.88154304667426        2.31051580953443        2.87930499377166
H           -0.57512022161549        2.28949673460579        2.74962917933363
H           -0.55682920242815        0.46207973485761        2.72857189765359
16
 energy: -17.822837531877 xtb: 6.7.1 (edcfbbe)
C           -0.71541005997638        0.95080744918082       -0.21336594045499
C            0.04430457468119       -0.11896572725959       -0.42370095773670
C            1.49430492769564       -0.13475362659605       -0.51812852857659
C            2.30267874962398        0.90290027170014       -0.33024516265085
C            1.31086608352060        1.38925546192288        2.83240274791275
C           -0.00283024352055        1.37661798181560        2.74399129567796
H           -0.30208512848126        1.93846190228664       -0.10981406400024
H           -1.78756726837306        0.87546252048970       -0.15091508148254
H           -0.43107731415765       -1.08597324608544       -0.53402338370649
H            1.92622642577959       -1.09921279977908       -0.75588923261191
H            3.37166657381338        0.80582568193102       -0.41309895443904
H            1.93222117548732        1.88247322433168       -0.08402407018812
H            1.88943503641913        0.48095454818873        2.85719858624040
H            1.87242184387550        2.30817926696107        2.87817757280217
H           -0.58260666567204        2.28493413926618        2.71955055869670
H           -0.56254871071653        0.45751149164473        2.70188461451537
16
 energy: -17.822742017871 xtb: 6.7.1 (edcfbbe)
C           -0.70722293205322        0.95619512208118       -0.19313294545232
C            0.04911207438879       -0.11537687689222       -0.40715679049240
C            1.49798839035577       -0.13282770012967       -0.51537196089185
C            2.30933738437391        0.90338807991639       -0.33218589276241
C            1.30014131518524        1.38490928256203        2.82568232189054
C           -0.01249974177810        1.37091484733546        2.72200366527204
H           -0.29173361415962        1.94429053605704       -0.10347951799555
H           -1.77891963133608        0.88311956237847       -0.12120812762611
H           -0.42831192444343       -1.08234500577343       -0.50888899460833
H            1.92657299273225       -1.09726087567949       -0.75921680658343
H            3.37743877180751        0.80500944963454       -0.42460754820039
H            1.94238497158083        1.88306832250012       -0.08125858746040
H            1.87872622169688        0.47712416968652        2.86439594582492
H            1.86088324878386        2.30445891193828        2.86906470073625
H           -0.59252731389808        2.27856412581955        2.68304122963059
H           -0.57137021323761        0.45124658856423        2.68231930871671
16
 energy: -17.822666148719 xtb: 6.7.1 (edcfbbe)
C           -0.67589722478698        0.98420859082992       -0.19487696962973
C            0.07337455107603       -0.10076699934731       -0.35905441642314
C            1.51796006556842       -0.12404500066038       -0.51230227235906
C            2.33857140362597        0.90442226854898       -0.32755775968084
C            1.25478897020017        1.36428720251240        2.80872528202649
C           -0.05719429072381        1.34634918220675        2.69656988133797
H           -0.25706342219105        1.97494684608678       -0.19173334932167
H           -1.74474364589338        0.91923594638941       -0.08411218071864
H           -0.40534987935040       -1.07219304306545       -0.38336340686605
H            1.93466708290590       -1.08572759956267       -0.78589357091242
H            3.40318933509116        0.80481877995064       -0.45323747879771
H            1.98243765962935        1.87786364748132       -0.03944345286872
H            1.83059463054779        0.45984196002471        2.91130135851856
H            1.81755233336186        2.28339785778234        2.80009698724242
H           -0.63503871774759        2.25063974633260        2.59931238814815
H           -0.61784885131462        0.42719915448905        2.71556896030227
16
 energy: -17.822521298379 xtb: 6.7.1 (edcfbbe)
C           -0.66941500013763        0.98727437816570       -0.17245649165272
C            0.07644159559060       -0.09800189644272       -0.35167689150051
C            1.52009724850675       -0.12327877696572       -0.51171929916388
C            2.34268294276055        0.90405877848483       -0.32897140130604
C            1.24716875135015        1.36289773520145        2.80343301603295
C           -0.06351592616692        1.34255995328879        2.67473268751530
H           -0.24917598551468        1.97739095279699       -0.16607062551915
H           -1.73754046214431        0.92301113306144       -0.05411058544997
H           -0.40420327004142       -1.06828927325849       -0.37641848118694
H            1.93407906364122       -1.08505427307975       -0.78890421204489
H            3.40668995510809        0.80392045723126       -0.45904141187033
H            1.98844768578332        1.87708433286830       -0.03729118717155
H            1.82400103285232        0.45915090839959        2.90792018290301
H            1.80845149563058        2.28298963731258        2.80042375682110
H           -0.64153054868998        2.24636897815930        2.57332431968922
H           -0.62267857852984        0.42239551477553        2.68682662390206
16
 energy: -17.822338658519 xtb: 6.7.1 (edcfbbe)
C           -0.66184697201209        0.99073347726038       -0.15019979535791
C            0.08037572541343       -0.09495369651191       -0.34284624783327
C            1.52283871272535       -0.12199074848136       -0.51139124199911
C            2.34797778732742        0.90368253843000       -0.33024818456489
C            1.23794018053314        1.36102335266542        2.79725290500720
C           -0.07131483512026        1.33816457644025        2.65351756023876
H           -0.24001059603994        1.98009421088512       -0.14453829132897
H           -1.72940598512657        0.92787052469237       -0.02613420714809
H           -0.40232646364197       -1.06415331235738       -0.36955464081248
H            1.93392720478269       -1.08360941972630       -0.79335932492178
H            3.41115829895516        0.80224928805647       -0.46591557343165
H            1.99671159494370        1.87667164263425       -0.03492841740005
H            1.81506042240812        0.45844068217127        2.90970339805682
H            1.79785228130648        2.28194933049983        2.79770650565670
H           -0.64974397619772        2.24100831795522        2.54622657108820
H           -0.62919338025814        0.41729777538545        2.66470898474825
16
 energy: -17.822116218739 xtb: 6.7.1 (edcfbbe)
C           -0.65153540504040        0.99572967824241       -0.12820062884529
C            0.08648153999294       -0.09094614960899       -0.33227555586920
C            1.52744041142338       -0.12009378790098       -0.51126514045995
C            2.35584793556647        0.90304729139793       -0.33015770400702
C            1.22491775119161        1.35802072402425        2.79018382371404
C           -0.08297684852449        1.33218501070927        2.63387025698894
H           -0.22791509430219        1.98432979027443       -0.12920956159981
H           -1.71869262333980        0.93541242430414        0.00014382543751
H           -0.39869762645139       -1.05887619177521       -0.36024734192414
H            1.93486812337598       -1.08112725279311       -0.80045762257509
H            3.41796964899660        0.79998507861528       -0.47283346257172
H            2.00839540263275        1.87580859731490       -0.02971814693636
H            1.80217451832376        0.45704419436273        2.91403523442983
H            1.78353945537921        2.27971530351304        2.78957302605586
H           -0.66204139577200        2.23351079852769        2.51776007752209
H           -0.63977579345362        0.41073303079131        2.64879892063801
16
 energy: -17.821872578679 xtb: 6.7.1 (edcfbbe)
C           -0.61359429360574        1.02031358115546       -0.11664027844244
C            0.11310490601947       -0.07370594891809       -0.32245645501074
C            1.55138754432144       -0.11226584969847       -0.51913228612308
C            2.39045179766951        0.89794742089560       -0.31594334087232
C            1.17222693293672        1.34427960057971        2.77268768447557
C           -0.13627951944193        1.30866562493796        2.62077179201043
H           -0.18221478725050        2.00535504172381       -0.13445390944232
H           -1.67946651798858        0.96937540342181        0.02536056921287
H           -0.37836949184616       -1.03863302370789       -0.33541340754065
H            1.94660628514913       -1.06858319021573       -0.83918023928613
H            3.45013029409566        0.79099608532525       -0.47316545360785
H            2.05380860340018        1.86323575633553        0.01882357947876
H            1.75581263827154        0.44826647203475        2.90278974634192
H            1.72480692532269        2.26943500185942        2.76148792278994
H           -0.72135598476889        2.20574116589495        2.50282355794128
H           -0.68705533228567        0.38405539837505        2.65164051807193
16
 energy: -17.821548857488 xtb: 6.7.1 (edcfbbe)
C           -0.60783163287102        1.02279164923742       -0.09281660195459
C            0.11474053278025       -0.07067595031088       -0.31775030117920
C            1.55191300684338       -0.11067018905129       -0.51989179831668
C            2.39329377129261        0.89787986596392       -0.31719893887135
C            1.16647777288809        1.34313365117794        2.76814731914171
C           -0.14026191054334        1.30423653995440        2.59973418947128
H           -0.17472337182559        2.00711800659930       -0.10598812525705
H           -1.67334635461444        0.97287181076340        0.05231070951882
H           -0.37912275838986       -1.03430698181257       -0.33720609639804
H            1.94475489345801       -1.06665480951797       -0.84385102648984
H            3.45234679127713        0.78930023773402       -0.47762115583273
H            2.05954644858136        1.86304294114959        0.02075985800083
H            1.75105344678204        0.44810855721779        2.90039819302182
H            1.71689917038493        2.26966698446099        2.76415190238656
H           -0.72668846637437        2.20033500052766        2.48127024807934
H           -0.68905133967031        0.37830122590544        2.62555162467627
16
 energy: -17.821157034672 xtb: 6.7.1 (edcfbbe)
C           -0.60039389539990        1.02635299447580       -0.06987765088826
C            0.11765977688051       -0.06703090737169       -0.31132034580646
C            1.55349378582475       -0.10879376572241       -0.52022758000687
C            2.39759626766739        0.89777882359150       -0.31812708235293
C            1.15846511375788        1.34101052116515        2.76257600077559
C           -0.14646135245806        1.29880929425717        2.57876867820088
H           -0.16565779639098        2.00985524835881       -0.08329584323409
H           -1.66561236863174        0.97790615645541        0.07794412292624
H           -0.37868837700105       -1.02927229188850       -0.33518249520317
H            1.94347555763249       -1.06443428302556       -0.84860354237059
H            3.45584302327730        0.78751979484402       -0.48261423741607
H            2.06706811218662        1.86286255708310        0.02316054452321
H            1.74367575512073        0.44735460061342        2.90096604283901
H            1.70698532202353        2.26866814731629        2.76274009139208
H           -0.73390130364361        2.19392917120491        2.45826732367362
H           -0.69354762084702        0.37196247864172        2.60482597294497
16
 energy: -17.820690810267 xtb: 6.7.1 (edcfbbe)
C           -0.59121067010521        1.03106264175248       -0.04774535710597
C            0.12190568800056       -0.06275466319888       -0.30383378905394
C            1.55623497887828       -0.10667563443028       -0.51998187885627
C            2.40334406722337        0.89766807295241       -0.31841363080010
C            1.14806926343257        1.33801192131731        2.75615907886950
C           -0.15506153422578        1.29241057350196        2.55788786112630
H           -0.15471994804670        2.01367672753941       -0.06448978001916
H           -1.65614734693209        0.98470707325877        0.10276604197285
H           -0.37698170722043       -1.02362178838145       -0.32943913404295
H            1.94299443009031       -1.06198957095862       -0.85306134875232
H            3.46067538315677        0.78559847489500       -0.48747208052213
H            2.07637048541969        1.86259951373805        0.02665489709933
H            1.73385742923308        0.44581506387036        2.90120138192698
H            1.69488509510299        2.26665139071846        2.75805179860791
H           -0.74353331247510        2.18649179894214        2.43503589643096
H           -0.70068230153346        0.36482694448202        2.58668004311619
16
 energy: -17.820172887166 xtb: 6.7.1 (edcfbbe)
C           -0.55789242610383        1.05772379302934       -0.02901256698499
C            0.14141015856744       -0.04167023107140       -0.30078405949889
C            1.57363721693827       -0.09655875323564       -0.52594530749156
C            2.43214179559622        0.89445184249697       -0.30643311493823
C            1.10556344850264        1.32124640990478        2.73995648288513
C           -0.19829014719705        1.26335526557070        2.54648609356135
H           -0.11128744250742        2.03577269511926       -0.04780141352927
H           -1.62325481668046        1.02232387059521        0.12064239044728
H           -0.36714982064539       -0.99719902448552       -0.33164452073188
H            1.94864722621479       -1.04830881738803       -0.88204441900384
H            3.48732492740527        0.77533653244299       -0.48426950540322
H            2.11705321159653        1.85516587628764        0.06054799579721
H            1.70118209697177        0.43415864039854        2.87641655622127
H            1.64231715712580        2.25569258134139        2.74551158293643
H           -0.79699231471936        2.15271873263080        2.43969002144001
H           -0.73441027106636        0.33026912636218        2.57868378429001
16
 energy: -17.819543972588 xtb: 6.7.1 (edcfbbe)
C           -0.55305951922703        1.06036362136618       -0.00496861517384
C            0.14134345959259       -0.03758478106058       -0.29795443732190
C            1.57227178282626       -0.09412271599351       -0.52771408847443
C            2.43325947709354        0.89486105972267       -0.30775064640629
C            1.10231815959827        1.31945312562584        2.73707121049016
C           -0.19919065025434        1.25755466889701        2.52512597241860
H           -0.10528186743797        2.03784809112755       -0.02108321919880
H           -1.61847055017489        1.02580571456779        0.14495835661001
H           -0.36996666156537       -0.99140085468470       -0.33538813449340
H            1.94482786549755       -1.04545242579497       -0.88731308293218
H            3.48787508679298        0.77411464170286       -0.48759142854184
H            2.12086698186340        1.85499032069345        0.06305754174564
H            1.69963391103282        0.43378933705340        2.87451610762130
H            1.63628979143117        2.25537337322320        2.74948865867165
H           -0.79984097582332        2.14582384647447        2.42093270552884
H           -0.73287629124675        0.32306151707853        2.55461309945329
16
 energy: -17.818813289237 xtb: 6.7.1 (edcfbbe)
C           -0.54588716954234        1.06469920961952        0.01798552943276
C            0.14318382634062       -0.03284562612286       -0.29215067611071
C            1.57252216459419       -0.09150380201917       -0.52780977196999
C            2.43652636815216        0.89532567583735       -0.30863025892518
C            1.09584910670969        1.31621454268274        2.73241157707357
C           -0.20338581275352        1.25034100199460        2.50377122338354
H           -0.09685859599109        2.04147081775756       -0.00221790311924
H           -1.61155668603360        1.03211605299878        0.16666160325776
H           -0.37099361230065       -0.98494821845784       -0.33331211671443
H            1.94201987737860       -1.04249325124057       -0.89142616993509
H            3.49028538658540        0.77256580185743       -0.49197082849488
H            2.12756555752529        1.85549322282485        0.06491836836952
H            1.69440435144715        0.43213494449714        2.87434378841344
H            1.62722493801592        2.25351343493434        2.74929484620966
H           -0.80592408719908        2.13760705234028        2.40227291245233
H           -0.73497561292986        0.31478768049504        2.53585787667373
16
 energy: -17.817983430093 xtb: 6.7.1 (edcfbbe)
C           -0.53478104200865        1.07276465584164        0.04107108004951
C            0.14746240543865       -0.02543951882847       -0.28524302835259
C            1.57498060783582       -0.08773066313331       -0.52702412857172
C            2.44323850614582        0.89566527649719       -0.30766904669291
C            1.08459292744443        1.31018041020942        2.72625293711255
C           -0.21282276242050        1.23913688141085        2.48433437437400
H           -0.08354063102917        2.04837527638889        0.01347970160419
H           -1.60125901080747        1.04445681130298        0.18478572831517
H           -0.37100021939991       -0.97500856294430       -0.33049522822114
H            1.94027185148502       -1.03829827133551       -0.89597089046354
H            3.49582641359070        0.76986842888269       -0.49562793547322
H            2.13903942404027        1.85630460267752        0.06848288325741
H            1.68577183013669        0.42814648421631        2.86947641894438
H            1.61235492716271        2.24939680140571        2.74629774252236
H           -0.81874981250944        2.12472830152635        2.38845945503699
H           -0.74138541510611        0.30193162588119        2.51938993655534
16
 energy: -17.817153629480 xtb: 6.7.1 (edcfbbe)
C           -0.50170708990091        1.20309252632060        0.08610301204987
C            0.12205367469942        0.10902711866492       -0.35604385626489
C            1.54540277966839       -0.00862592363935       -0.59745323178151
C            2.46462193766146        0.90049265060984       -0.28362236024399
C            1.07235968967417        1.21761675834887        2.74678187172080
C           -0.21464935165631        1.05443324284368        2.48818943333408
H           -0.00093655134751        2.15219225983681        0.15529472328524
H           -1.57054632984335        1.21751309846079        0.21390978717315
H           -0.44758231843687       -0.80113394056662       -0.49827888981885
H            1.86135503069007       -0.93958538108896       -1.05223715960559
H            3.51045053171700        0.73292693676061       -0.47668376813076
H            2.21088122972288        1.83691748251286        0.18070590972943
H            1.75388708763480        0.38523743301466        2.79599340186215
H            1.50969505690913        2.19505432802500        2.87020098430901
H           -0.90015838577552        1.88533249729987        2.50129716574560
H           -0.65512699141800        0.07398745259562        2.42584297663383
16
 energy: -17.816103033900 xtb: 6.7.1 (edcfbbe)
C           -0.49492377773184        1.20039838899998        0.10963439972693
C            0.12485402952169        0.11029903062114       -0.35153629496605
C            1.54660755941899       -0.00795898139982       -0.59686038442770
C            2.46770380862172        0.90009543412997       -0.28421722418824
C            1.06596098721159        1.21772636966833        2.74174387917000
C           -0.21910280626714        1.05525035666362        2.46669246375875
H            0.00522093632850        2.15008503281770        0.17375840221968
H           -1.56434310351650        1.21585298293512        0.23307720801282
H           -0.44688773354415       -0.79763124656804       -0.49756421606205
H            1.86081163037574       -0.93804807250460       -1.05445722702287
H            3.51295429674025        0.73147642359893       -0.47934727773766
H            2.21598019128029        1.83621072692269        0.18178013254744
H            1.74739755242941        0.38553709651427        2.79313974045063
H            1.50261820436185        2.19501632629206        2.86741381675064
H           -0.90507526046903        1.88560862016067        2.48650492510992
H           -0.65977651476252        0.07456005114718        2.41023765665533
16
 energy: -17.814941112862 xtb: 6.7.1 (edcfbbe)
C           -0.48629556378441        1.19958927438115        0.13198924744909
C            0.12933161159710        0.11157483705825       -0.34414894513728
C            1.54914012173957       -0.00743482506386       -0.59442170129645
C            2.47238739010824        0.90012791774592       -0.28496670857086
C            1.05711381816981        1.21657906134355        2.73478272747915
C           -0.22628424638563        1.05509531414839        2.44436402662186
H            0.01300413761217        2.15047568854690        0.18534851737231
H           -1.55655935653264        1.21720123006208        0.24841992426308
H           -0.44441451477735       -0.79500402487715       -0.49057306743533
H            1.86142872469805       -0.93750119620110       -1.05338269561612
H            3.51690876629002        0.72985697571324       -0.48238382222042
H            2.22324566295497        1.83655894564290        0.18175869962553
H            1.73778532375951        0.38409158684912        2.79013855952802
H            1.49350004442110        2.19370927888967        2.86223188785352
H           -0.91227055869038        1.88529454600188        2.47312353090068
H           -0.66802136118126        0.07426392975828        2.39771981918082
16
 energy: -17.813672315448 xtb: 6.7.1 (edcfbbe)
C           -0.47662697472246        1.19964122403889        0.15425422394615
C            0.13460146581265        0.11311126578329       -0.33632405871151
C            1.55241834512174       -0.00728641849164       -0.59026149261157
C            2.47779813091153        0.90029849041270       -0.28515151332931
C            1.04698168098611        1.21462468214564        2.72746418667716
C           -0.23506030724974        1.05440738109330        2.42202593514819
H            0.02206477367599        2.15159829549616        0.19586379934949
H           -1.54791626487920        1.22028178368229        0.26155012024241
H           -0.44140688417369       -0.79206280119763       -0.48228815858817
H            1.86300009552150       -0.93798210038549       -1.04913288730614
H            3.52155537203167        0.72819657717990       -0.48486456104988
H            2.23115416761227        1.83815413316566        0.18000261138344
H            1.72699534097297        0.38181162746948        2.78469471190539
H            1.48351089052002        2.19157946127963        2.85520125212246
H           -0.92087720835794        1.88451139807895        2.46109985739448
H           -0.67819262378457        0.07359354024807        2.38586597342503
16
 energy: -17.812308033537 xtb: 6.7.1 (edcfbbe)
C           -0.46693254729217        1.20014492177615        0.17649557258625
C            0.13981504935513        0.11484330781601       -0.32868853490532
C            1.55560722973270       -0.00738639327957       -0.58502101415364
C            2.48297934744983        0.90091307975939       -0.28555680181713
C            1.03714348987965        1.21211582972993        2.72017669938129
C           -0.24372799234016        1.05324951249229        2.39948225493474
H            0.03116948807017        2.15310072972632        0.20548509603308
H           -1.53942275877241        1.22447916578674        0.27214343842312
H           -0.43877675232995       -0.78862988027461       -0.47459981443212
H            1.86488994853875       -0.93953368887260       -1.04185723636351
H            3.52607868467376        0.72653974658232       -0.48655875397774
H            2.23854841299745        1.84125101738728        0.17570991249607
H            1.71654914047231        0.37898021375959        2.77848793444666
H            1.47380462866673        2.18886979627198        2.84828769191782
H           -0.92941058726030        1.88303733972788        2.45107714276976
H           -0.68831478184263        0.07250384161010        2.37493641265827
16
 energy: -17.810864252561 xtb: 6.7.1 (edcfbbe)
C           -0.45941581013908        1.19936990785684        0.19945464409651
C            0.14343206944159        0.11582505501246       -0.32130031020015
C            1.55692730576477       -0.00718538643820       -0.58121597069122
C            2.48610406247960        0.90186209296073       -0.28664468451563
C            1.03071600419672        1.21030791655052        2.71469236888945
C           -0.24870159174573        1.05250007694973        2.37712323132144
H            0.03669204119797        2.15408240901329        0.21219398876760
H           -1.53337778426133        1.22726993444846        0.27994680438697
H           -0.43740523176000       -0.78585717302388       -0.46900314849635
H            1.86491681112786       -0.94030586746671       -1.03690887501403
H            3.52877055241304        0.72540356324955       -0.48781680293143
H            2.24337154015392        1.84400281292357        0.17182686189622
H            1.70942090624890        0.37690150527260        2.77572883892918
H            1.46726751569057        2.18690159420037        2.84384038303002
H           -0.93436400326898        1.88172880379031        2.44219331731441
H           -0.69435438754095        0.07167129469959        2.36588935321464
16
 energy: -17.809364477110 xtb: 6.7.1 (edcfbbe)
C           -0.44880400554797        1.20211319400266        0.22087379477348
C            0.14921261779759        0.11867338462738       -0.31465515117039
C            1.56054688684200       -0.00779994670842       -0.57296671089729
C            2.49160378189686        0.90346045024569       -0.28726077078866
C            1.02005678950900        1.20591012453857        2.70679888554335
C           -0.25888426996286        1.04970397721720        2.35339181816752
H            0.04789215371274        2.15692025907424        0.22182060314549
H           -1.52382520697618        1.23502237669652        0.28705019811955
H           -0.43534191902273       -0.78072903930074       -0.46104389550604
H            1.86862091266762       -0.94441586210203       -1.02156354287777
H            3.53367612944816        0.72345777468773       -0.48812600473058
H            2.25089515956524        1.85055215718332        0.16194816462900
H            1.69841659748856        0.37222553409574        2.76610622910592
H            1.45655657323248        2.18231077052637        2.83623479033304
H           -0.94444290565192        1.87787359678349        2.43603318381484
H           -0.70617929499975        0.06919978843153        2.35535840833605
16
 energy: -17.807835641417 xtb: 6.7.1 (edcfbbe)
C           -0.44338803137868        1.20058681713256        0.24406565352336
C            0.15123625390975        0.11918310540749       -0.30852902939000
C            1.56026081194840       -0.00725292592789       -0.57095572929917
C            2.49267401828796        0.90507706992164       -0.28948284337454
C            1.01681978336499        1.20467851471310        2.70264591757953
C           -0.26088983218343        1.04928952991578        2.33073283067127
H            0.05028485015149        2.15740315668324        0.22671405966865
H           -1.51977579102732        1.23719286913665        0.29246339329423
H           -0.43472161743298       -0.77883528876209       -0.45742824231449
H            1.86718084866594       -0.94466396738291       -1.01854103715648
H            3.53482871687513        0.72268019955321       -0.48756726689800
H            2.25318422046706        1.85252153822530        0.15963825149531
H            1.69469013700064        0.37090902713926        2.76542597226129
H            1.45318919863180        2.18090512973522        2.83367494655597
H           -0.94668449643960        1.87611913053813        2.42893287938196
H           -0.70888907084233        0.06868463397054        2.34821024399852
16
 energy: -17.806299746985 xtb: 6.7.1 (edcfbbe)
C           -0.43411899088817        1.20367629527803        0.26626271388698
C            0.15621627603866        0.12194578113350       -0.30267463295586
C            1.56209519956636       -0.00775077815833       -0.56277130667044
C            2.49677624147101        0.90672240448249       -0.28936386553428
C            1.00868999636374        1.19993047669498        2.69731061908022
C           -0.26882859520422        1.04547959534404        2.30706314474044
H            0.05974505501762        2.16053986235833        0.23375888843137
H           -1.51144729288161        1.24577212403629        0.29502056587822
H           -0.43457488965970       -0.77270124270953       -0.45201542638570
H            1.86959184930090       -0.94776729362375       -1.00469744401001
H            3.53817236893459        0.72122781208099       -0.48800880238795
H            2.25883961119879        1.85965562567194        0.14876579686552
H            1.68658330702484        0.36620780884820        2.75751424710139
H            1.44421658464330        2.17630033104692        2.82811915974168
H           -0.95460888300135        1.87029866950829        2.42626251044700
H           -0.71734783792594        0.06494106800682        2.33945383176874
16
 energy: -17.804764626212 xtb: 6.7.1 (edcfbbe)
C           -0.42715533442097        1.20583949464887        0.28907825527410
C            0.15916398212257        0.12458703854834       -0.29795012814114
C            1.56211470490878       -0.00749108858541       -0.55755034306697
C            2.49882357233691        0.90870473731039       -0.29045349930016
C            1.00396358758120        1.19604246304593        2.69334252275056
C           -0.27327202320750        1.04173911922381        2.28359731449261
H            0.06592142343048        2.16319108695741        0.24030218996567
H           -1.50528292708928        1.25361417117190        0.29709811432393
H           -0.43529687243217       -0.76707351449192       -0.44984471473977
H            1.86935677847387       -0.94951716976358       -0.99538069942775
H            3.53997871329510        0.72002045297744       -0.48699813505049
H            2.26215372712208        1.86517301278078        0.14055326190466
H            1.68250309212092        0.36292714979309        2.75261239427191
H            1.43812415895935        2.17267094570285        2.82563238076894
H           -0.95991567179558        1.86328519846295        2.42461205891758
H           -0.72118091140692        0.06076544221638        2.33134902705361
16
 energy: -17.803263669526 xtb: 6.7.1 (edcfbbe)
C           -0.42053671907510        1.20799748521869        0.31230682690007
C            0.16204383736017        0.12702381989159       -0.29347357583041
C            1.56152735960457       -0.00689728671573       -0.55362728698344
C            2.50069106303584        0.91040378999166       -0.29133292727219
C            0.99985826063664        1.19257414682784        2.68988659476598
C           -0.27749245910835        1.03786959034732        2.26021941225503
H            0.07166719031721        2.16564553408091        0.24647752850901
H           -1.49908328490551        1.26137970099613        0.29854949930343
H           -0.43641574489185       -0.76134511894411       -0.44816929684396
H            1.86841865454616       -0.94980543007858       -0.98988546530645
H            3.54140955951003        0.71879511897362       -0.48690295012110
H            2.26566064326036        1.86931397818028        0.13507454660441
H            1.67935781554491        0.36035073064990        2.74821086576426
H            1.43203005987666        2.16969995146810        2.82368316649732
H           -0.96514987483855        1.85518288638199        2.42490698972076
H           -0.72398636087437        0.05628964272961        2.32407607203450
16
 energy: -17.801928387104 xtb: 6.7.1 (edcfbbe)
C           -0.41409379600553        1.21050539915438        0.33597184629366
C            0.16484632658708        0.12932928357542       -0.28913695738656
C            1.56031400650012       -0.00609003961724       -0.55055755556026
C            2.50227118027705        0.91206915016640       -0.29224065204547
C            0.99633406141685        1.18928582454755        2.68679241730441
C           -0.28167023000644        1.03355943985751        2.23683587659661
H            0.07758708999889        2.16800933531909        0.25276425440825
H           -1.49259924909208        1.26988208034118        0.29915941773990
H           -0.43806115524265       -0.75528472908143       -0.44713239884334
H            1.86676571177848       -0.94917646419701       -0.98685612002523
H            3.54244210815275        0.71762818165474       -0.48740559953385
H            2.26909888687867        1.87278266994834        0.13105490441402
H            1.67712127683475        0.35825970706080        2.74423276794837
H            1.42581102755931        2.16716641396475        2.82225685790120
H           -0.97050502189030        1.84546240427205        2.42716394464390
H           -0.72566222374814        0.05108988303269        2.31709699614154
16
 energy: -17.800853939145 xtb: 6.7.1 (edcfbbe)
C           -0.40499188201359        1.22286699201107        0.36311209463578
C            0.16465275077886        0.14262675496292       -0.28853667189333
C            1.55555402531226       -0.00042579577710       -0.54918671583652
C            2.50371643264766        0.91515677113751       -0.29436130183375
C            0.99299272673849        1.17918030526416        2.68340344090820
C           -0.28540531003270        1.01455839052307        2.21440189760747
H            0.09269423132341        2.17759622814393        0.27323481411649
H           -1.48228604539051        1.29612959497149        0.30098396999966
H           -0.44859361739616       -0.73308716467641       -0.45526944143032
H            1.85966990450196       -0.94531270982033       -0.98348479815236
H            3.54262097871896        0.71275762032332       -0.48751421171315
H            2.27597433525109        1.87998454606756        0.12231039221371
H            1.68365965593849        0.35590912223328        2.72976153889608
H            1.40927448913932        2.16109838078238        2.82928366360232
H           -0.98343966061754        1.80993217222154        2.44284304372766
H           -0.71609301490115        0.02550733163083        2.29901828514905
16
 energy: -17.799993713411 xtb: 6.7.1 (edcfbbe)
C           -0.40177588994665        1.22217039816908        0.38701858703934
C            0.16711504307551        0.14175226668310       -0.28379938369330
C            1.55345828813455       -0.00011290586533       -0.54932821162868
C            2.50460934228322        0.91548985802733       -0.29493216887083
C            0.99244746099688        1.17968483657277        2.68194394593423
C           -0.28752203602679        1.01391471276460        2.19149493550663
H            0.09210681902565        2.17800324772163        0.27562754598413
H           -1.47857446824864        1.29820985635687        0.30255277100010
H           -0.44803890676979       -0.73158287764668       -0.45493414819992
H            1.85501816075461       -0.94214510545933       -0.99147592585516
H            3.54297716304528        0.71246135544956       -0.49002186824884
H            2.27855454886433        1.87897664383592        0.12582254956584
H            1.68323220335592        0.35699209066016        2.73294435988939
H            1.40766096022408        2.16209913302786        2.82628306690544
H           -0.98521282665260        1.80395587119361        2.44376703361698
H           -0.71605586211664        0.02460915850809        2.29703691105163
16
 energy: -17.799275538465 xtb: 6.7.1 (edcfbbe)
C           -0.39635198455584        1.22422524206712        0.41176631123694
C            0.17015105005703        0.14213710953570       -0.27825998755355
C            1.55061653226600        0.00114812819254       -0.54989382578104
C            2.50557327091786        0.91669813901319       -0.29627476918238
C            0.99051327073991        1.17872472882131        2.67926321419549
C           -0.29188474536882        1.01017989791867        2.16908395079946
H            0.09804550826213        2.17876215529853        0.28302448817022
H           -1.47152224561770        1.30584141662883        0.30192685877826
H           -0.45080909562989       -0.72614737412424       -0.45283567287528
H            1.85174744855437       -0.93825058224170       -0.99813178699018
H            3.54282212018612        0.71165514366162       -0.49428542762309
H            2.28210387362715        1.87876287362699        0.12888970649926
H            1.68212555740303        0.35726348609768        2.73284736361514
H            1.40159084281282        2.16263594747820        2.82306376641139
H           -0.99024554205957        1.79186363814525        2.44921978662742
H           -0.71447586159567        0.01897858987955        2.29059602366887
16
 energy: -17.798603949832 xtb: 6.7.1 (edcfbbe)
C           -0.38861861338688        1.23864067470007        0.44328463876693
C            0.16625354878289        0.15953620399090       -0.27870083289511
C            1.54076003984817        0.01016659559684       -0.55585583231269
C            2.50524781258662        0.91805195636992       -0.29901000244440
C            0.99087081745173        1.17129089958466        2.67758108058561
C           -0.29164157054599        0.98412655757003        2.14877987861345
H            0.11410528743894        2.18995898805651        0.31332829032066
H           -1.46081395699583        1.33809890823133        0.30984423582488
H           -0.46665237347039       -0.69763726148826       -0.46421451942786
H            1.83478457611511       -0.92662675730803       -1.01434413241433
H            3.53994485962271        0.70480992819177       -0.50115868408708
H            2.29080386590817        1.88038401477645        0.12994055799875
H            1.69913319539413        0.36386026666867        2.72175317252886
H            1.38049660966619        2.16252804756423        2.83009756296000
H           -1.00560655208239        1.73652781801249        2.47164978171583
H           -0.68906754633414       -0.01923830051829        2.26702480426339
16
 energy: -17.797788088954 xtb: 6.7.1 (edcfbbe)
C           -0.38616866423703        1.23739576494715        0.46710601627406
C            0.16942818995286        0.15718177457788       -0.27199925212696
C            1.53838986430643        0.01080133214235       -0.55736105323121
C            2.50637056167430        0.91869255924091       -0.30099785720623
C            0.99041670056555        1.17348836265069        2.67456668945105
C           -0.29488151029977        0.98487160097218        2.12667986205030
H            0.11365713755586        2.18889051886859        0.31754833885850
H           -1.45646683376384        1.33807944311636        0.31026543783456
H           -0.46660794156416       -0.69656210401566       -0.46150526166706
H            1.83068546276712       -0.92270662722032       -1.02370690197974
H            3.54022112047358        0.70437500075446       -0.50570699432514
H            2.29401154152840        1.87816353099858        0.13531915664675
H            1.69629142958829        0.36502481371895        2.72959146357504
H            1.37935032973953        2.16544918962735        2.82227054439813
H           -1.00666355555162        1.73048972876490        2.47403376681962
H           -0.68803383273646       -0.01915634914509        2.26389604462510
16
 energy: -17.796626710286 xtb: 6.7.1 (edcfbbe)
C           -0.38199326045078        1.23787687642851        0.49073175722511
C            0.17268564275665        0.15542427026682       -0.26428968940584
C            1.53617644033533        0.01118963666022       -0.55749996601077
C            2.50734572694599        0.91971172001196       -0.30269950262859
C            0.98831048548810        1.17463702124699        2.67121409889746
C           -0.29934727215341        0.98382202521370        2.10449257417043
H            0.11838759597433        2.18797752340812        0.32487014552526
H           -1.44936860609773        1.34333379739858        0.30901334216953
H           -0.46768538074810       -0.69433323882076       -0.45608569729119
H            1.82745830841168       -0.91921252863466       -1.03078113617755
H            3.54008416470015        0.70453000118294       -0.51144882327353
H            2.29712292983336        1.87752205248749        0.13808228134359
H            1.69168774701209        0.36527149245652        2.73852857621524
H            1.37638588348792        2.16761233185922        2.81260063435349
H           -1.01023128537776        1.72082044309711        2.47626349914904
H           -0.68701912011877       -0.02170488426347        2.25700790573502
16
 energy: -17.794868834969 xtb: 6.7.1 (edcfbbe)
C           -0.37778321009692        1.23912743259351        0.51423489756192
C            0.17549594891451        0.15465312009737       -0.25653433933861
C            1.53374664475449        0.01191578229923       -0.55751003974444
C            2.50824250947293        0.92081008777524       -0.30457734784540
C            0.98591794362384        1.17567162931485        2.66760064487348
C           -0.30355958576335        0.98165816276385        2.08240938765346
H            0.12420668475992        2.18750551545154        0.33422070246643
H           -1.44169495078439        1.35027982146892        0.30784687779850
H           -0.46931093708273       -0.69111758753891       -0.45017298737734
H            1.82359080884681       -0.91576020317933       -1.03712560117452
H            3.53980358708594        0.70448756902143       -0.51739214456031
H            2.30039328765449        1.87743697394925        0.13968590968397
H            1.68646944006269        0.36559350251163        2.75004233048171
H            1.37328290857700        2.16986312631997        2.80069253276702
H           -1.01435412858363        1.70844418443561        2.47874222222624
H           -0.68444695144256       -0.02609057728489        2.24783695452461
16
 energy: -17.792226177655 xtb: 6.7.1 (edcfbbe)
C           -0.37381861270218        1.24067506003382        0.53755882729498
C            0.17778507580585        0.15464399694608       -0.24886494957012
C            1.53101688108932        0.01303057612262       -0.55779820081164
C            2.50898610452049        0.92187117950736       -0.30666128283703
C            0.98349659483510        1.17711483100116        2.66381117796533
C           -0.30712169603163        0.97875398853186        2.06054943128168
H            0.13021376357464        2.18734023846656        0.34500685756453
H           -1.43389013417618        1.35786515394431        0.30712343400338
H           -0.47135043413783       -0.68733735329043       -0.44378310719745
H            1.81895830612074       -0.91200919464155       -1.04374816127881
H            3.53926931812926        0.70426447956211       -0.52384159574518
H            2.30381980564244        1.87732302061951        0.14115917975193
H            1.68037767934100        0.36639574718199        2.76559048687937
H            1.37082889453149        2.17262570061182        2.78542059866764
H           -1.01860798526702        1.69382886500283        2.48141846398138
H           -0.67996356127639       -0.03190774960076        2.23705884004670
16
 energy: -17.792231284559 xtb: 6.7.1 (edcfbbe)
C           -0.37369663097680        1.24161940364926        0.53774885191307
C            0.17705127741371        0.15624108834203       -0.24928222083306
C            1.53077236002127        0.01284671843855       -0.55688441987569
C            2.50927002055301        0.92085888831021       -0.30596030028823
C            0.98317528340455        1.17765576951135        2.66402906516944
C           -0.30622201954235        0.97685605659886        2.06023263813494
H            0.13067860811154        2.18842624580599        0.34659059225922
H           -1.43385890673581        1.35975085731601        0.30809286399248
H           -0.47252107225175       -0.68532954283154       -0.44464665853043
H            1.81781500434613       -0.91194391043590       -1.04387504198114
H            3.53933292895876        0.70280648063720       -0.52377536038882
H            2.30454630365025        1.87738020523963        0.13979523610587
H            1.68219544718800        0.36872863865088        2.76524567855180
H            1.36828462023987        2.17399741728085        2.78620158450825
H           -1.01985668518445        1.68950144630506        2.48152720372820
H           -0.67696653919685       -0.03491722281914        2.23496028753079
16
 energy: -17.792747864673 xtb: 6.7.1 (edcfbbe)
C           -0.38236711451173        1.24431492186988        0.53378137360479
C            0.16700879894798        0.16081629513118       -0.25731683072882
C            1.52328089800395        0.01213388345001       -0.54786153633989
C            2.50056827139481        0.91901990306260       -0.28587157080109
C            1.00025144580737        1.17897983309421        2.64461972567574
C           -0.29502661096402        0.97427686850461        2.05426557517145
H            0.11690463860163        2.19336322052495        0.34028037372032
H           -1.44491020312915        1.35949995682452        0.31394085500158
H           -0.48412583971902       -0.67765128806796       -0.46030324697392
H            1.81521678533249       -0.91601057178552       -1.02547855352424
H            3.53390769485634        0.69464009099005       -0.48029149768746
H            2.29058268375264        1.88134418384614        0.14461999777353
H            1.69993915773362        0.37105330445962        2.74876955918645
H            1.38483966879484        2.17642117890874        2.75998955285277
H           -1.00719380041162        1.68204099473479        2.48637004636403
H           -0.65887647449127       -0.03976423554852        2.23048617670120
16
 energy: -17.793310052684 xtb: 6.7.1 (edcfbbe)
C           -0.39109005871747        1.24492734212636        0.52998855013937
C            0.15781196957722        0.16365986029979       -0.26542342394436
C            1.51603147456642        0.01248491635984       -0.54100047145153
C            2.49136137842801        0.91849018057212       -0.26515214878636
C            1.01749224097569        1.17924850633432        2.62637881560973
C           -0.28383566782697        0.97334672094572        2.04888099998870
H            0.10153233881553        2.19662466173902        0.33229216153325
H           -1.45624939074105        1.35512893457526        0.32018240265710
H           -0.49410049717963       -0.67228297114631       -0.47574870597138
H            1.81373172998345       -0.91722238581634       -1.01187613019212
H            3.52734242472672        0.68989381952751       -0.43804253856804
H            2.27586734112565        1.88478684432913        0.15410640890461
H            1.71570758234271        0.37027976565977        2.73311956016721
H            1.40444726046273        2.17675437681674        2.73331355638645
H           -0.99200753318476        1.67966899578001        2.48991767196911
H           -0.64404259335516       -0.04131102810370        2.22906329155445
16
 energy: -17.793926022703 xtb: 6.7.1 (edcfbbe)
C           -0.39955993075098        1.24536471627557        0.52667493202510
C            0.14942090291702        0.16665460220874       -0.27315483296393
C            1.50919396213383        0.01304279385426       -0.53426247471510
C            2.48197419218244        0.91884369345067       -0.24545212801023
C            1.03502609930931        1.17831794072582        2.60752055467981
C           -0.27273926319008        0.97211725205617        2.04368232535511
H            0.08604805321233        2.19999137876350        0.32556067848520
H           -1.46713846796444        1.35005705221027        0.32654263249883
H           -0.50324909233458       -0.66640665675533       -0.49198302084899
H            1.81227385611585       -0.91770636272910       -0.99960062103173
H            3.52045453898356        0.68676438664419       -0.39767258411611
H            2.26080916289723        1.88972738658511        0.15969888292997
H            1.73008086649283        0.36780055574611        2.72092964083040
H            1.42361228415677        2.17552066387580        2.71027391994379
H           -0.97641651551952        1.67740335317358        2.49364973187565
H           -0.62979064864244       -0.04301421608611        2.22759236305837
16
 energy: -17.794603999210 xtb: 6.7.1 (edcfbbe)
C           -0.40781000357619        1.24576691188247        0.52364130244114
C            0.14136404343961        0.16986366632925       -0.28092660489761
C            1.50243054790882        0.01428948932987       -0.52778262431268
C            2.47219522645506        0.92036559671877       -0.22607147672564
C            1.05250376570093        1.17603539416665        2.58870574553462
C           -0.26172417913313        0.97033440357336        2.03843033543842
H            0.07084050937974        2.20331899191302        0.31954123535136
H           -1.47766101715868        1.34508231767387        0.33308276163980
H           -0.51188734245252       -0.66032701141025       -0.50834827432660
H            1.81119729627778       -0.91745622221798       -0.98734393434331
H            3.51285604950152        0.68507568896677       -0.35736127304593
H            2.24547693834861        1.89621379016449        0.16338601357815
H            1.74388193054665        0.36371154197033        2.70938333004107
H            1.44284166548770        2.17274693546548        2.68842219556528
H           -0.96050883507516        1.67465794097074        2.49761295181262
H           -0.61599659565186       -0.04520089549762        2.22562831624544
16
 energy: -17.795352939893 xtb: 6.7.1 (edcfbbe)
C           -0.41589803846791        1.24616415606160        0.52090344874818
C            0.13359805564387        0.17336906807316       -0.28883308385109
C            1.49567139537240        0.01619900613301       -0.52154550313978
C            2.46204046373007        0.92303857809719       -0.20711221068623
C            1.07005835934545        1.17240721277518        2.56988489306737
C           -0.25066844752451        0.96794545857454        2.03311287507642
H            0.05572862873039        2.20671137143174        0.31427227316014
H           -1.48790161228635        1.34012428732765        0.33988902738982
H           -0.52011398335477       -0.65386441755857       -0.52513569133618
H            1.81042114275803       -0.91657517091473       -0.97493051788649
H            3.50454073547940        0.68483027871070       -0.31705633348032
H            2.22984025659515        1.90435556767887        0.16456999812312
H            1.75708952614127        0.35798968612462        2.69898834781358
H            1.46222266794837        2.16842428021571        2.66799403817895
H           -0.94416167972820        1.67131748296417        2.50186504587536
H           -0.60246747038383       -0.04795830569564        2.22313339294303
16
 energy: -17.796183136890 xtb: 6.7.1 (edcfbbe)
C           -0.42377732425123        1.24651749892985        0.51848021223495
C            0.12614224789208        0.17708460998756       -0.29680900094916
C            1.48890776585673        0.01877053445627       -0.51568535965098
C            2.45149990946146        0.92684923162935       -0.18857027089086
C            1.08767976752835        1.16747698310342        2.55104212764915
C           -0.23961919315519        0.96499113022363        2.02777331391728
H            0.04082151277849        2.21009118265298        0.30973811967910
H           -1.49779985585747        1.33518386122711        0.34692059943962
H           -0.52790347883516       -0.64713463507756       -0.54215755131723
H            1.80991171749043       -0.91498092361349       -0.96264846039951
H            3.49548169365493        0.68610550862892       -0.27702611038161
H            2.21402545009795        1.91401159597433        0.16335103741302
H            1.76959386569233        0.35068764735040        2.68994918472246
H            1.48172357585199        2.16260448120268        2.64903444799306
H           -0.92740304220254        1.66744806974972        2.50640217712340
H           -0.58928461200410       -0.05122823642618        2.22020553341299
16
 energy: -17.797106478588 xtb: 6.7.1 (edcfbbe)
C           -0.43142555753333        1.24681304913160        0.51634674181272
C            0.11903799250285        0.18090464815632       -0.30475539573380
C            1.48216726434316        0.02190986881843       -0.51018312176696
C            2.44059411827781        0.93175161290245       -0.17045416010402
C            1.10536496518432        1.16131527319658        2.53211989072647
C           -0.22862531709982        0.96156220969012        2.02241638990238
H            0.02616879877832        2.21341651313386        0.30583040731471
H           -1.50733196892207        1.33023043458353        0.35411367545698
H           -0.53524296149591       -0.64020816621329       -0.55933629684999
H            1.80968013166275       -0.91268442335918       -0.95065084710810
H            3.48570928719620        0.68891062870308       -0.23736086421372
H            2.19812282124130        1.92505016537107        0.15964313016007
H            1.78125430090650        0.34187849209762        2.68249675828629
H            1.50130936376258        2.15535333031773        2.63167387687648
H           -0.91025482621520        1.66317685899138        2.51118401496738
H           -0.57652841259044       -0.05490195552206        2.21691580026861
16
 energy: -17.798138274187 xtb: 6.7.1 (edcfbbe)
C           -0.43846962363144        1.24704394884086        0.51469643874960
C            0.11295657229094        0.18446114814888       -0.31164983216820
C            1.47620808313862        0.02564574012588       -0.50488881803250
C            2.42940734149920        0.93851686442161       -0.15333325967379
C            1.12281235905575        1.15303880456425        2.51243511296308
C           -0.21852210665327        0.95759620750574        2.01739110772652
H            0.01277236151312        2.21645591654584        0.30322645231647
H           -1.51591490774383        1.32557140570785        0.36072355304007
H           -0.54135835719905       -0.63362849136120       -0.57527958144511
H            1.81041880926017       -0.90875161477316       -0.94078099343370
H            3.47576173411938        0.69512461076804       -0.20097735563856
H            2.18204445024536        1.93743758337844        0.15349798235762
H            1.79051577518031        0.33036479228320        2.67772002497799
H            1.52042975665235        2.14557780117189        2.61754600801836
H           -0.89339272922506        1.65885950793989        2.51617220322516
H           -0.56566951850358       -0.05883568526858        2.21350095701252
16
 energy: -17.799292153055 xtb: 6.7.1 (edcfbbe)
C           -0.44559175442614        1.24689870286468        0.51311020779604
C            0.10676215534604        0.18797971415797       -0.31921254573963
C            1.46976278368749        0.03002771012028       -0.50046424088570
C            2.41782836580196        0.94580053550568       -0.13594904121382
C            1.14047809507196        1.14422535796097        2.49328481368410
C           -0.20799514060925        0.95366517861420        2.01221825517659
H           -0.00121713561672        2.21922870975545        0.30015888771252
H           -1.52464634297433        1.32021668509328        0.36799445011318
H           -0.54738551236974       -0.62714069863754       -0.59191834832758
H            1.81119680320922       -0.90447382545793       -0.93053787817438
H            3.46474728447865        0.70163828595025       -0.16300916924118
H            2.16607297273306        1.95073839560750        0.14610807125892
H            1.79994445749797        0.31819118246804        2.67277367727705
H            1.54021232192258        2.13511082248541        2.60397398614507
H           -0.87534844037085        1.65490883015105        2.52124079828873
H           -0.55482091338297       -0.06253704663982        2.21022807612540
16
 energy: -17.800586134859 xtb: 6.7.1 (edcfbbe)
C           -0.45241412123512        1.24652769076673        0.51174619442034
C            0.10094460504443        0.19110305140188       -0.32645704914034
C            1.46331574004858        0.03447678016520       -0.49662728068944
C            2.40600546195055        0.95345774809558       -0.11880107499840
C            1.15821012722211        1.13501219084169        2.47395787841126
C           -0.19760709894729        0.94986610526044        2.00716953816653
H           -0.01484845955731        2.22166356255967        0.29716612468376
H           -1.53294750363245        1.31461491033124        0.37524324466702
H           -0.55306079191642       -0.62091472972643       -0.60824193196647
H            1.81206581441099       -0.89969194540669       -0.92157278378305
H            3.45318765471808        0.70898699260680       -0.12593529941259
H            2.15043131912024        1.96427035860658        0.13707715594614
H            1.80839701603921        0.30556677777704        2.66959236553717
H            1.55977522584750        2.12410922976351        2.59208192817772
H           -0.85697229273893        1.65136803553553        2.52634557579455
H           -0.54448269637549       -0.06593821857912        2.20725541418110
16
 energy: -17.802040128582 xtb: 6.7.1 (edcfbbe)
C           -0.45892007258217        1.24592103250652        0.51056471414166
C            0.09549907173854        0.19369257682027       -0.33326518588912
C            1.45687752969386        0.03879453012578       -0.49334913946991
C            2.39404756254796        0.96115085666521       -0.10174479975249
C            1.17590691581771        1.12577610303600        2.45442483315194
C           -0.18745357216339        0.94638168441205        2.00228098449541
H           -0.02801458068433        2.22368421269562        0.29408390162728
H           -1.54079444256721        1.30882177368302        0.38236805484940
H           -0.55842368321449       -0.61507943797386       -0.62408170159025
H            1.81294632986093       -0.89455853845871       -0.91404221487479
H            3.44119781905757        0.71666832548080       -0.08981627051013
H            2.13546014935860        1.97761520106618        0.12676405792279
H            1.81595667316796        0.29305429639441        2.66781330308962
H            1.57878842112967        2.11302140877355        2.58182760946513
H           -0.83842431918761        1.64840192066122        2.53144218179872
H           -0.53464980197492       -0.06886740588843        2.20472967154004
16
 energy: -17.803676222178 xtb: 6.7.1 (edcfbbe)
C           -0.46511567365163        1.24507754559984        0.50954132453856
C            0.09041385011046        0.19564892911990       -0.33956075587817
C            1.45045314964786        0.04276307520243       -0.49056901416298
C            2.38206391469427        0.96852859964414       -0.08463080726741
C            1.19349200540175        1.11689948413244        2.43469235710012
C           -0.17758820412282        0.94337813593797        1.99759234567267
H           -0.04070018524017        2.22525747959882        0.29077294156486
H           -1.54819525963252        1.30284017291362        0.38929957951255
H           -0.56354665677018       -0.60966926149670       -0.63940468490782
H            1.81375139286906       -0.88924722347897       -0.90808121248238
H            3.42890416110070        0.72417561802464       -0.05463358761132
H            2.12143949215468        1.99036430910150        0.11545746237702
H            1.82271808283318        0.28120543815074        2.66719593633165
H            1.59700373386410        2.10229300400894        2.57304604786424
H           -0.81984434614576        1.64614282893186        2.53649491764391
H           -0.52524945711434       -0.07117959539151        2.20278714969994
16
 energy: -17.805518531346 xtb: 6.7.1 (edcfbbe)
C           -0.47101516694706        1.24401366766438        0.50865045578092
C            0.08567320912638        0.19691645801148       -0.34527992596681
C            1.44404579399631        0.04619426985254       -0.48818968998155
C            2.37015310961257        0.97527741940879       -0.06728557787450
C            1.21087072713519        1.10872474563923        2.41481250280829
C           -0.16806728060768        0.94097293002349        1.99313006115193
H           -0.05289473439737        2.22637671686916        0.28713731266516
H           -1.55516792856339        1.29669975751859        0.39597512878949
H           -0.56850227629173       -0.60465985244278       -0.65423353176910
H            1.81440715071801       -0.88392790637838       -0.90371928682474
H            3.41642270918560        0.73102878379247       -0.02028286541111
H            2.10864956941598        2.00217637936330        0.10338815647266
H            1.82882096180554        0.27051638705480        2.66740951358229
H            1.61419495947801        2.09232767053492        2.56550429214328
H           -0.80140274995948        1.64463717978716        2.54148139683215
H           -0.51618805370826       -0.07279606669965        2.20150205759696
16
 energy: -17.807589029489 xtb: 6.7.1 (edcfbbe)
C           -0.47692757001353        1.24281320208316        0.50784325978064
C            0.08076834974270        0.19772595802604       -0.35110227785774
C            1.43682525662898        0.04897395018523       -0.48661856718678
C            2.35822897032364        0.98084129919353       -0.04957390354345
C            1.22848329402076        1.10212290528599        2.39512616506743
C           -0.15818791893491        0.93911527478083        1.98859499417324
H           -0.06557426797993        2.22736244167968        0.28263615676739
H           -1.56217476568156        1.29011909555081        0.40327773818726
H           -0.57400375827044       -0.59921264304079       -0.67043858979803
H            1.81390050996510       -0.87974824741908       -0.89928020905321
H            3.40308032805487        0.73558908147899        0.01593622946255
H            2.09786527418061        2.01308780576070        0.08910391378568
H            1.83528958016182        0.26237034540146        2.66934550624493
H            1.63078359513326        2.08425446071085        2.55787514749283
H           -0.78252273421990        1.64320164841860        2.54681753732129
H           -0.50583414311303       -0.07413803809667        2.20045689915133
16
 energy: -17.809921732787 xtb: 6.7.1 (edcfbbe)
C           -0.48219819222162        1.24143307616763        0.50720596492935
C            0.07670162293346        0.19738952105976       -0.35538295773400
C            1.43044256455705        0.05069402058501       -0.48475095831124
C            2.34672898994136        0.98544731311239       -0.03131773310321
C            1.24517462585706        1.09633820198943        2.37511495364935
C           -0.14956277154800        0.93815775500847        1.98470277113923
H           -0.07658496367063        2.22757715782863        0.27813483160369
H           -1.56823732225168        1.28391214988554        0.40921010849168
H           -0.57891588878542       -0.59480357957964       -0.68436979643333
H            1.81409608940537       -0.87483531186451       -0.89847622300696
H            3.39057617495593        0.73991016901846        0.04864802769511
H            2.08823327922211        2.02190894446312        0.07622569144494
H            1.84026275151715        0.25548058486298        2.67113292339466
H            1.64539710838177        2.07704425448908        2.55162008244007
H           -0.76500410265156        1.64312055736849        2.55173255287062
H           -0.49710996564394       -0.07429627439552        2.20056976092529
16
 energy: -17.812540010438 xtb: 6.7.1 (edcfbbe)
C           -0.48734600343633        1.23982316199438        0.50665516614665
C            0.07295469096462        0.19641699573722       -0.35905821455279
C            1.42420798837777        0.05177832940710       -0.48288048889048
C            2.33556292012641        0.98908772588272       -0.01230286125626
C            1.26125136213240        1.09163899880866        2.35521942929568
C           -0.14151461530599        0.93790516365940        1.98110432689696
H           -0.08735388336096        2.22735659093086        0.27320181440041
H           -1.57408170196698        1.27746385206239        0.41484374913686
H           -0.58358970324665       -0.59063389045665       -0.69816117711593
H            1.81422505831023       -0.86998451766290       -0.89899586808791
H            3.37820853065903        0.74279398440766        0.08094504906289
H            2.08059336491756        2.02935637120801        0.06331747644866
H            1.84494939353007        0.25027451700596        2.67241373569792
H            1.65873933734367        2.07102459236738        2.54573207152675
H           -0.74802169423771        1.64386932605121        2.55652714879644
H           -0.48878504480890       -0.07369266140409        2.20143864248938
16
 energy: -17.815469184902 xtb: 6.7.1 (edcfbbe)
C           -0.49236628378362        1.23798465939922        0.50620677914297
C            0.06951255722868        0.19480327782674       -0.36213688597691
C            1.41812083089902        0.05212498335287       -0.48095699722247
C            2.32474309219695        0.99161624277781        0.00755596968598
C            1.27667345635670        1.08818411404416        2.33551953494763
C           -0.13406112357692        0.93837771192482        1.97784295539545
H           -0.09785334860611        2.22668310663503        0.26786071602486
H           -1.57969815105363        1.27078452796293        0.42010956977589
H           -0.58810965091544       -0.58661932248694       -0.71181010756929
H            1.81433477811958       -0.86514579671054       -0.90101447859157
H            3.36604438256769        0.74403535086419        0.11279945498097
H            2.07496912065651        2.03521717775840        0.05048117891764
H            1.84936953468605        0.24693292434532        2.67333033687167
H            1.67081437871099        2.06639707312205        2.53990613674962
H           -0.73170625844007        1.64542965000187        2.56118632766090
H           -0.48078731504831       -0.07232714081862        2.20311950920175
16
 energy: -17.818732541984 xtb: 6.7.1 (edcfbbe)
C           -0.49732656156211        1.23594475562738        0.50584279868619
C            0.06631864299889        0.19265341790281       -0.36468436584462
C            1.41218449185103        0.05173909425955       -0.47883497835945
C            2.31432156670613        0.99295897070788        0.02832110675857
C            1.29136067087578        1.08607599216792        2.31604046158600
C           -0.12720899843692        0.93952601561795        1.97488885519519
H           -0.10818431570894        2.22560808118702        0.26215092102648
H           -1.58516602396936        1.26388511058294        0.42502935874859
H           -0.59248701657504       -0.58263428936569       -0.72545127630676
H            1.81439797790120       -0.86034268026463       -0.90428714194314
H            3.35413437356105        0.74337787710837        0.14431088771534
H            2.07160072478607        2.03937642046369        0.03784166692346
H            1.85363808578965        0.24560958956827        2.67383070838422
H            1.68159568482961        2.06331902902930        2.53379312806501
H           -0.71617470075315        1.64767609549852        2.56568053409689
H           -0.47300460229583       -0.07029494009206        2.20552733526300
16
 energy: -17.822350005183 xtb: 6.7.1 (edcfbbe)
C           -0.50228320814539        1.23372380705115        0.50555286813020
C            0.06331612022881        0.19004970261382       -0.36674875631476
C            1.40639991220185        0.05063529762830       -0.47638255403283
C            2.30432179117051        0.99308288430460        0.05001683794662
C            1.30526582356700        1.08535066934554        2.29679730534848
C           -0.12094364829015        0.94129216951813        1.97221194659703
H           -0.11843680340275        2.22417330401661        0.25610717842059
H           -1.59055141029883        1.25677162580276        0.42963751310592
H           -0.59672906735860       -0.57857592348954       -0.73919671599912
H            1.81441292572809       -0.85553218075048       -0.90867208695802
H            3.34251163803421        0.74067507669282        0.17549565845071
H            2.07062313401982        2.04173107583289        0.02555579593375
H            1.85780407293572        0.24639247892663        2.67402603916756
H            1.69112467080745        2.06188379448537        2.52703740222770
H           -0.70149088781827        1.65050896139320        2.56997697236086
H           -0.46534506338141       -0.06768420337260        2.20858459561005
16
 energy: -17.826336772761 xtb: 6.7.1 (edcfbbe)
C           -0.50728116582812        1.23136812925984        0.50531597007371
C            0.06045060799063        0.18708182133914       -0.36837100840814
C            1.40076821161029        0.04885172898765       -0.47348721109025
C            2.29475840752912        0.99199621999904        0.07259456993675
C            1.31837238788958        1.08599080000662        2.27774820597742
C           -0.11523713270695        0.94360737034673        1.96975978953171
H           -0.12868988671542        2.22244924728829        0.24976422630506
H           -1.59590806409788        1.24948484904004        0.43397615057586
H           -0.60082864053938       -0.57436378681475       -0.75309596177004
H            1.81437881953127       -0.85069305321603       -0.91393583413076
H            3.33120343050305        0.73586691463509        0.20629180215959
H            2.07206908420762        2.04219920575449        0.01388626024628
H            1.86190634716553        0.24931796804231        2.67400206281143
H            1.69944846269301        2.06212676885834        2.51935229295838
H           -0.68769700774523        1.65379678744091        2.57406060223796
H           -0.45771386148907       -0.06460243096839        2.21213808257977
16
 energy: -17.830702340221 xtb: 6.7.1 (edcfbbe)
C           -0.51234325070485        1.22892063742250        0.50509950957612
C            0.05766993904224        0.18384386505959       -0.36960483106501
C            1.39530656870280        0.04646435077414       -0.47009283858790
C            2.28563294286619        0.98973787414337        0.09594409855249
C            1.33068471085493        1.08791826572060        2.25879834587897
C           -0.11004411095257        0.94639882321618        1.96746656288406
H           -0.13898700732621        2.22049974573976        0.24316402802715
H           -1.60126558692467        1.24207532450998        0.43808169016641
H           -0.60476322915164       -0.56997874919081       -0.76709937286862
H            1.81431407971805       -0.84579252286339       -0.91984506157575
H            3.32024398734107        0.72898426529830        0.23657716319555
H            2.07579762152180        2.04073240576455        0.00331705179778
H            1.86595456382649        0.25434771209023        2.67380208082782
H            1.70663978262793        2.06401483485006        2.51046231630854
H           -0.67478386054883        1.65744778961065        2.57788458409893
H           -0.45005715089482       -0.06113608214650        2.21604467277832
16
 energy: -17.835449582614 xtb: 6.7.1 (edcfbbe)
C           -0.51749045782580        1.22643055934805        0.50487203379589
C            0.05491757913773        0.18049805093235       -0.37057035907844
C            1.39002678478985        0.04360442787429       -0.46616317728167
C            2.27690648291389        0.98642628345831        0.11990786281456
C            1.34225116119874        1.09096729835915        2.23983800436915
C           -0.10528058967959        0.94954825483306        1.96524648663310
H           -0.14937959635411        2.21841344750903        0.23641295586241
H           -1.60665247135151        1.23459330263459        0.44201005876689
H           -0.60850735358388       -0.56538807872487       -0.78114462283620
H            1.81424032731211       -0.84081880784895       -0.92603127842426
H            3.30960729911342        0.72016088873024        0.26634715373711
H            2.08157019037760        2.03741837848907       -0.00585335118164
H            1.86998228573425        0.26132177254172        2.67338863812811
H            1.71280382612382        2.06740260788476        2.50021227974915
H           -0.66268156475040        1.66131376822286        2.58141306699879
H           -0.44231390315809       -0.05741361424440        2.22011424794174
16
 energy: -17.840579629928 xtb: 6.7.1 (edcfbbe)
C           -0.52312541200468        1.22400660113539        0.50465984035893
C            0.05196891943211        0.17764778456986       -0.37152818112459
C            1.38483698978718        0.03976611436551       -0.46102393658120
C            2.26907713687090        0.98095189210703        0.14453092486805
C            1.35308557718863        1.09625214217585        2.22051142968726
C           -0.10075261223657        0.95287737108921        1.96287262738610
H           -0.16049476580677        2.21657587141842        0.23041311581429
H           -1.61248665704175        1.22651638068671        0.44577513034256
H           -0.61253205359724       -0.55967176028443       -0.79561222678154
H            1.81379636593538       -0.83613729374258       -0.93231318669580
H            3.29923008627428        0.70661427797065        0.29755244201229
H            2.09100650944181        2.03123707495223       -0.01404831781168
H            1.87454701122447        0.27238934929504        2.67386594101721
H            1.71749489718415        2.07424644306056        2.48605653941844
H           -0.65200992113435        1.66495931341465        2.58397229888087
H           -0.43364207151951       -0.05375302221499        2.22431555920335
16
 energy: -17.846070128273 xtb: 6.7.1 (edcfbbe)
C           -0.52869076648083        1.22167215794166        0.50442395300860
C            0.04888065281605        0.17454350529878       -0.37241885973630
C            1.37938112039326        0.03545819421784       -0.45583639306135
C            2.26138938300551        0.97447097366513        0.16971558619692
C            1.36346661919684        1.10267108604228        2.20132852259499
C           -0.09642453630662        0.95653666514006        1.96052769665183
H           -0.17168747083575        2.21460268443043        0.22345749198535
H           -1.61821250289969        1.21881010476604        0.44977408873577
H           -0.61651797318175       -0.55361286841073       -0.81070596590828
H            1.81293258835246       -0.83183526622088       -0.93830038635754
H            3.28880085165066        0.69150388028748        0.32819572999062
H            2.10229701107919        2.02319085928751       -0.02137579164554
H            1.87910948248222        0.28581184481628        2.67508350159280
H            1.72117640059959        2.08266420595841        2.47099005338482
H           -0.64165910759202        1.66817702186646        2.58723507281901
H           -0.42424175228108       -0.05018650908762        2.22790569974274
16
 energy: -17.851898113843 xtb: 6.7.1 (edcfbbe)
C           -0.53449582986188        1.21939694165882        0.50414657017389
C            0.04565722034703        0.17170519499913       -0.37334981362437
C            1.37394677063843        0.03073250875747       -0.44996324544963
C            2.25412733152065        0.96678798575276        0.19538119426427
C            1.37330270690767        1.11024665714009        2.18197269676856
C           -0.09223336131337        0.96035526092077        1.95804411988545
H           -0.18349389484623        2.21275719961451        0.21648773114547
H           -1.62413967266094        1.21086068946654        0.45387738637963
H           -0.62038998550263       -0.54688183020352       -0.82623205350836
H            1.81191094856513       -0.82761204681378       -0.94387780758640
H            3.27845006253635        0.67390170341221        0.35887906212220
H            2.11585190513459        2.01307285496170       -0.02733913875996
H            1.88381111927432        0.30175424558365        2.67670976751766
H            1.72383641413955        2.09290957362425        2.45384268038064
H           -0.63188396079650        1.67117580773839        2.59027403833737
H           -0.41425777408402       -0.04668420661391        2.23114681194798
16
 energy: -17.858025294338 xtb: 6.7.1 (edcfbbe)
C           -0.54049917616446        1.21726105976232        0.50380437619102
C            0.04228117226197        0.16924428973899       -0.37439698607621
C            1.36851339641351        0.02570174197932       -0.44342152948915
C            2.24719821965958        0.95805868266774        0.22141565626293
C            1.38267833245197        1.11878347220804        2.16238913011580
C           -0.08809064931716        0.96420959921926        1.95534919233631
H           -0.19583693549973        2.21111756722890        0.20954766239669
H           -1.63022269587488        1.20284173051210        0.45812083386908
H           -0.62410374174666       -0.53947149827546       -0.84212304133792
H            1.81071535203078       -0.82354845556866       -0.94869990251397
H            3.26808966027450        0.65413571170901        0.38951617764111
H            2.13135409929505        2.00099752304970       -0.03195976810722
H            1.88861325688388        0.32008747531484        2.67879051788280
H            1.72548053795862        2.10476252074915        2.43472362429442
H           -0.62256512986095        1.67371501599173        2.59318395424989
H           -0.40360569876787       -0.04341789628792        2.23376010227883
16
 energy: -17.864398003579 xtb: 6.7.1 (edcfbbe)
C           -0.54675778135903        1.21582933915537        0.50342891018856
C            0.03837346355755        0.16821252607871       -0.37624309254111
C            1.36243529348606        0.01900263134810       -0.43574585304229
C            2.24165638565647        0.94482021641092        0.24860271082221
C            1.39107335178007        1.13226086779913        2.14189097699330
C           -0.08383037250215        0.96801818527328        1.95230869966331
H           -0.20939640226328        2.21063705273027        0.20348090059914
H           -1.63646604787037        1.19467761678785        0.46282790392953
H           -0.62855484258775       -0.52939980676477       -0.85966827256248
H            1.80738290928590       -0.82218483662506       -0.95159096599088
H            3.25732834140240        0.62497476167010        0.42244608570458
H            2.15472240758023        1.98306116158186       -0.03741022655495
H            1.89391289594034        0.34869449550051        2.68541568599945
H            1.72275938050328        2.12424785013167        2.40896778221538
H           -0.61550447221486        1.67334797447951        2.59696300753715
H           -0.38913451039681       -0.04172149555851        2.23432574703338
16
 energy: -17.870912335828 xtb: 6.7.1 (edcfbbe)
C           -0.55227968216755        1.21444851197584        0.50266537304604
C            0.03487298799177        0.16628027089872       -0.37689235513415
C            1.35765327808053        0.01527348104753       -0.42783477833721
C            2.23332192702224        0.93897457706589        0.27357829108690
C            1.40011479694725        1.13738315134785        2.12217820373858
C           -0.07948358461228        0.97037878326394        1.94875136502126
H           -0.21922451006431        2.20931026895501        0.19742842559795
H           -1.64201961072539        1.18981426952118        0.46623431080825
H           -0.63109180784568       -0.52324501513342       -0.87304485707312
H            1.80705830766288       -0.81743141183382       -0.95301952870590
H            3.24679559490403        0.61129117677467        0.44964237403284
H            2.16542184473992        1.97238029185947       -0.03770938291137
H            1.89873746513381        0.36315634232748        2.68409813592663
H            1.72520462367150        2.13206432128518        2.39022407517960
H           -0.60545013252415        1.67427030871966        2.59925949056771
H           -0.37963149821651       -0.03987078807624        2.23444085715017
16
 energy: -17.877477301935 xtb: 6.7.1 (edcfbbe)
C           -0.55906279700789        1.21210382672505        0.50235118792989
C            0.03162374572780        0.16557612700684       -0.37891320274671
C            1.35269817068802        0.01082009818693       -0.42004514583938
C            2.22718537406461        0.92891871804409        0.30009182966910
C            1.40846835019675        1.14666039271850        2.10173824239026
C           -0.07539027322004        0.97447525936451        1.94568551750058
H           -0.23499309193831        2.20822887272527        0.19110992197719
H           -1.64868820532186        1.17939776630787        0.47161217158919
H           -0.63322201250186       -0.51370305339039       -0.89048772125731
H            1.80651884128333       -0.81271829458369       -0.95532363510597
H            3.23612124646762        0.58724767771531        0.47967558199790
H            2.18575279163056        1.95597607538016       -0.03911685321612
H            1.90229024388054        0.38528532026697        2.68669382212189
H            1.72534411617105        2.14553618433367        2.36702966712064
H           -0.59620517254911        1.67706165946818        2.60147747989140
H           -0.36844132757320       -0.03638809027033        2.23642113597158
16
 energy: -17.884099355093 xtb: 6.7.1 (edcfbbe)
C           -0.56746161405031        1.21532972518368        0.50216867299566
C            0.02361374546012        0.16927677149472       -0.38175695209685
C            1.34090006002373       -0.00675142284643       -0.40531666804540
C            2.22866226501293        0.88911369273772        0.33649560629807
C            1.41267426358157        1.18831485314689        2.07573332614177
C           -0.06967512240023        0.97609166471492        1.94013684273280
H           -0.25027648554331        2.21287074461225        0.18792947935716
H           -1.65697987062723        1.17693145795644        0.47732427782359
H           -0.64299646408466       -0.48972660422844       -0.91716001629187
H            1.78830167041165       -0.82497723294568       -0.95403081123838
H            3.21922568929239        0.50489852731570        0.53648605425496
H            2.25235430933620        1.90253533731604       -0.04542432764707
H            1.91433914219583        0.48128744461365        2.72069885347359
H            1.69728812609798        2.20961158385404        2.29193203261879
H           -0.59977232377411        1.65577654552901        2.61244765169952
H           -0.33019739093444       -0.04610454845558        2.22233597791779
16
 energy: -17.890675550242 xtb: 6.7.1 (edcfbbe)
C           -0.57312962028321        1.21290230682713        0.50140502010778
C            0.02130432952496        0.16770289914627       -0.38263236285418
C            1.33777345088454       -0.00747374142403       -0.39746729894406
C            2.21884890981847        0.88911435479497        0.35950846879885
C            1.42218417088704        1.18658218014904        2.05639996453953
C           -0.06533677160951        0.97910218168952        1.93658303376461
H           -0.26254510354952        2.21094326267582        0.18165005630769
H           -1.66247907803657        1.16884415471942        0.48143331123143
H           -0.64270953585092       -0.48468368073963       -0.92926019971045
H            1.79318178341446       -0.81591890633528       -0.95344152346212
H            3.20927147905540        0.50099939202366        0.55659834933852
H            2.25530147632882        1.89589940090332       -0.04184338125022
H            1.91657368720643        0.48248003958984        2.71149006805385
H            1.70390694458182        2.20720114409523        2.28268183534994
H           -0.58616741666354        1.66213270385266        2.61218099507413
H           -0.32597870571055       -0.04134915196902        2.22471366364890
16
 energy: -17.897150959483 xtb: 6.7.1 (edcfbbe)
C           -0.57969546729537        1.20972447983936        0.50080763375810
C            0.01927046041073        0.16700901907096       -0.38432598464954
C            1.33480631391460       -0.00812312196871       -0.38996633109180
C            2.21032724778722        0.88637122251434        0.38354491947148
C            1.43138893450989        1.18674050467246        2.03665422870796
C           -0.06095247465309        0.98329972830453        1.93308569256898
H           -0.27922754898846        2.20912639234727        0.17514508063671
H           -1.66872384809001        1.15686321792566        0.48702586743760
H           -0.64141478517753       -0.47780185733535       -0.94378585390561
H            1.79731010190338       -0.80654820982598       -0.95396487182862
H            3.19915663363356        0.49095321340429        0.57839303678122
H            2.26367154489339        1.88575590811938       -0.03687857260437
H            1.91798755030892        0.48831489484458        2.70505259014214
H            1.70991257697133        2.20760331535231        2.26952359689043
H           -0.57269528231455        1.67033129829212        2.61114195938439
H           -0.32112195781590       -0.03514146555824        2.22854700829523
16
 energy: -17.903343044599 xtb: 6.7.1 (edcfbbe)
C           -0.58624460003044        1.20701080100849        0.50016314159716
C            0.01709606451218        0.16692493624602       -0.38614795145992
C            1.33162172707523       -0.00922077671496       -0.38184947926601
C            2.20216481278818        0.88242049732142        0.40779531544496
C            1.44034310938300        1.18815617508900        2.01667551136067
C           -0.05638160612955        0.98723225475858        1.92924897977622
H           -0.29601806009032        2.20779802076422        0.16903888497314
H           -1.67484537027627        1.14535691791746        0.49272193304165
H           -0.64013734281295       -0.46996744462625       -0.95855269076953
H            1.80062901350844       -0.79821256071221       -0.95321197549728
H            3.18893613372508        0.47846135662190        0.60037876721604
H            2.27370709093682        1.87367811690488       -0.03170213673060
H            1.91943041866348        0.49750695668014        2.70004510464506
H            1.71437033646617        2.21012221157363        2.25412084251564
H           -0.55986131708934        1.67700092625019        2.61029776810601
H           -0.31481041063158       -0.02978984908354        2.23097798504102
16
 energy: -17.909086990144 xtb: 6.7.1 (edcfbbe)
C           -0.59267586326089        1.20464151407703        0.49947547520069
C            0.01488144147014        0.16727769815768       -0.38805149886499
C            1.32834611893023       -0.01048883001608       -0.37336222932791
C            2.19412983404121        0.87795892237700        0.43203103153252
C            1.44916858885206        1.19001713130705        1.99664415553611
C           -0.05167383350402        0.99091210507613        1.92515877537797
H           -0.31267284091188        2.20678979818511        0.16328958664592
H           -1.68075020262077        1.13431242572500        0.49843743791195
H           -0.63876996999717       -0.46159480689683       -0.97323430958512
H            1.80356899374105       -0.79052285698742       -0.95139986603192
H            3.17870695325512        0.46491857028029        0.62195576899547
H            2.28415848367084        1.86055192684229       -0.02614323424273
H            1.92074567969737        0.50845942489760        2.69590704122932
H            1.71795021146292        2.21361967832801        2.23742622173852
H           -0.54737834544961        1.68267578213057        2.60948383443280
H           -0.30773524937847       -0.02504994348448        2.23238180944566
16
 energy: -17.914193866200 xtb: 6.7.1 (edcfbbe)
C           -0.59678979561405        1.20326976950465        0.49834803295998
C            0.01292040297070        0.16670061933257       -0.38910205510309
C            1.32593700490260       -0.01022227838436       -0.36627778335151
C            2.18421306554149        0.87744007852816        0.45424027552219
C            1.45743242649407        1.18762758751435        1.97729261304218
C           -0.04778038106893        0.99308026850577        1.92138631947313
H           -0.32149051233057        2.20557728649133        0.15842009274424
H           -1.68448370943187        1.12960375670758        0.50162641331482
H           -0.63746765767367       -0.45818767475781       -0.98211161594065
H            1.80686806141666       -0.78373197518468       -0.94778220064179
H            3.17075934651242        0.46209532293441        0.63571981312713
H            2.28284787502729        1.85468094837957       -0.01589553028842
H            1.92264581714091        0.51078057245641        2.68695913837863
H            1.72349731658527        2.21135587947346        2.22550579079843
H           -0.53560921427471        1.68633847601651        2.60964196141628
H           -0.30350004619948       -0.02193009751896        2.23202873454270
16
 energy: -17.918513531442 xtb: 6.7.1 (edcfbbe)
C           -0.60171969891349        1.20156382972436        0.49732600023533
C            0.01113061931884        0.16668353860918       -0.39052028186306
C            1.32344181149008       -0.01020393346086       -0.35806204320732
C            2.17446751432599        0.87781735845099        0.47599344555098
C            1.46660853171975        1.18460093971289        1.95848942311096
C           -0.04313349826335        0.99578265843978        1.91717269845450
H           -0.33376635277881        2.20460071420070        0.15331223846904
H           -1.68891502414139        1.12194311663510        0.50601393915209
H           -0.63564255977871       -0.45275444282835       -0.99304901136847
H            1.81115226871251       -0.77633674907501       -0.94320456294351
H            3.16243485262100        0.45961027578095        0.64988940368318
H            2.28249969354154        1.84803513745692       -0.00955041997119
H            1.92311944853927        0.51123561987504        2.67894843719455
H            1.72998233602497        2.20782702983504        2.21649546074636
H           -0.52255592705633        1.69177834347870        2.60819249855505
H           -0.29910401536370       -0.01770489683647        2.23255277419575
16
 energy: -17.921851577946 xtb: 6.7.1 (edcfbbe)
C           -0.60820093138460        1.19860573514429        0.49661333649354
C            0.00983455419231        0.16784173133514       -0.39322169386761
C            1.32104183194348       -0.01027997129758       -0.34923023249370
C            2.16576269083094        0.87757609134675        0.49800747860787
C            1.47672843888731        1.18175425393808        1.94008461022409
C           -0.03787472219728        1.00020393565419        1.91275214741372
H           -0.35352365222331        2.20338499830681        0.14719307904761
H           -1.69450935893413        1.10769988377173        0.51299195232999
H           -0.63249972151018       -0.44329376247736       -1.00872022622157
H            1.81643694495847       -0.76822062484270       -0.93810743528376
H            3.15375068966679        0.45433614670944        0.66586576238171
H            2.28570334990593        1.83894902774867       -0.00576119514823
H            1.92164366406183        0.51128618831529        2.67247637373827
H            1.73832003142729        2.20387771767745        2.20868160201434
H           -0.50783873554722        1.70137693889800        2.60448184156852
H           -0.29477507407951       -0.01061975022926        2.23589259918937
16
 energy: -17.923961655259 xtb: 6.7.1 (edcfbbe)
C           -0.61214720918982        1.19741000911838        0.49542684216707
C            0.00842907674246        0.16784012871763       -0.39411904547105
C            1.31910389127616       -0.00968622205626       -0.34156385982934
C            2.15566444153865        0.87930785532917        0.51854363658566
C            1.48544396745952        1.17740633939499        1.92171223989380
C           -0.03350193295296        1.00228666279268        1.90854187509501
H           -0.36285681290340        2.20257698214482        0.14318625854565
H           -1.69790380100855        1.10222456160005        0.51616091537100
H           -0.63037652502470       -0.43972052220593       -1.01677756150098
H            1.82030825149863       -0.76156592605068       -0.93288965292531
H            3.14670819735008        0.45523112021165        0.67593657013490
H            2.28167314846328        1.83472513769808        0.00160957215435
H            1.92180006720097        0.50899036033114        2.66335520555190
H            1.74447901167320        2.19855357084969        2.20230851558953
H           -0.49552320152342        1.70592069621894        2.60293552441938
H           -0.29130057060198       -0.00702221409540        2.23563296421260
16
 energy: -17.924631927047 xtb: 6.7.1 (edcfbbe)
C           -0.61627689940557        1.19596003402320        0.49430987930021
C            0.00727238267326        0.16796907896029       -0.39534082089021
C            1.31725895270676       -0.00921703303484       -0.33349328013763
C            2.14562876121962        0.88192934160423        0.53853692862387
C            1.49483516334715        1.17201700122038        1.90412713328156
C           -0.02882645241749        1.00496167972895        1.90427541703212
H           -0.37406534683528        2.20169461379324        0.13847823111783
H           -1.70137949959933        1.09508737749103        0.52022068634666
H           -0.62777038270610       -0.43494289208767       -1.02623683371283
H            1.82512232123207       -0.75482737964419       -0.92666173906257
H            3.14032476714050        0.45840218391508        0.68427891622534
H            2.27529671498306        1.83122329635925        0.00759658385314
H            1.92067951144389        0.50342158235016        2.65408676157192
H            1.75240783506675        2.19107666520710        2.19918214685354
H           -0.48230837137533        1.71208469781887        2.60040714375145
H           -0.28819945747589       -0.00236170770614        2.23623284583976
