24
 energy: -46.149433096534 gnorm: 0.018219070615 xtb: 6.7.1pre (5071a88)
O            2.89823805000000        2.89823805000000        2.89823805000000
H            2.42384527000000        2.87663839000000        2.06576252000000
H            3.71713667000000        3.35285579000000        2.69511662000000
O            2.89823805000000        2.89823805000000        8.69471415000000
H            2.21193120000000        3.43662172000000        9.09177396000000
H            3.30722936000000        3.47260322000000        8.04559065000000
O            2.89823805000000        8.69471415000000        2.89823805000000
H            3.60046678000000        8.72488739000000        2.24670528000000
H            2.56083426000000        7.79925624000000        2.84490544000000
O            2.89823805000000        8.69471415000000        8.69471415000000
H            3.71214701000000        9.15432297000000        8.48295366000000
H            3.03615333000000        8.36078324000000        9.58240784000000
O            8.69471415000000        2.89823805000000        2.89823805000000
H            7.90700455000000        2.44125707000000        3.19692271000000
H            8.69548024000000        3.72039899000000        3.39076354000000
O            8.69471415000000        2.89823805000000        8.69471415000000
H            9.37337803000000        2.28025518000000        8.41895508000000
H            8.55844042000000        3.46044618000000        7.93059240000000
O            8.69471415000000        8.69471415000000        2.89823805000000
H            8.09862432000000        8.39721743000000        3.58722511000000
H            8.49127434000000        9.62514900000000        2.79130912000000
O            8.69471415000000        8.69471415000000        8.69471415000000
H            8.60285521000000        8.82684015000000        7.74992041000000
H            9.52616546000000        9.11714875000000        8.91554956000000
24
 energy: -46.150311168266 gnorm: 0.013882750047 xtb: 6.7.1pre (5071a88)
O            2.89682767604044        2.92614752905149        2.89965506283919
H            2.41902070466535        2.85869003270580        2.06944744618929
H            3.73060747620839        3.34686109954998        2.67971087264594
O            2.89878201155567        2.90558150562742        8.69906700842182
H            2.20436033784283        3.43744346141138        9.09219393831036
H            3.30720356020888        3.46809893383723        8.03824653789291
O            2.92333368431901        8.68914428446588        2.90741145583520
H            3.59709612953512        8.72101229564254        2.22484631530827
H            2.54615444939730        7.80789707694338        2.85301033175349
O            2.90938702990338        8.67734921189371        8.69560229621322
H            3.70988182996812        9.16036784140176        8.48002146079224
H            3.03625548235844        8.36346253815856        9.59315944088515
O            8.68791698774958        2.89759880791497        2.90061581543719
H            7.90539869268053        2.43279710296780        3.20299053034132
H            8.69851565914957        3.72537234928758        3.38483242826598
O            8.70008543984381        2.89871690260000        8.69147714902528
H            9.37483684353623        2.27255910809072        8.42240379254245
H            8.55928173201746        3.46616145371068        7.93163115004820
O            8.68995086957059        8.69376370069456        2.91261276932001
H            8.08197806855458        8.40085376629240        3.59370018425019
H            8.49704033070468        9.62446213563421        2.78067506477767
O            8.68339364148780        8.71099845172511        8.68681007008652
H            8.61327326442335        8.82812922871165        7.73758044307480
H            9.52419334827176        9.10502169168220        8.93056113574575
24
 energy: -46.151028006249 gnorm: 0.014465895703 xtb: 6.7.1pre (5071a88)
O            2.90530280255465        2.96592090079847        2.89667743059392
H            2.40628960139591        2.83439534131651        2.08293889552536
H            3.75289220307357        3.34309238128869        2.64464129788258
O            2.89509663504292        2.91879625671841        8.70444750778323
H            2.19185972672886        3.44238386786975        9.09253346694103
H            3.30584132956987        3.45877821781016        8.02591601073717
O            2.96360095297549        8.68555631041579        2.90923271258359
H            3.59417151103720        8.70387708722587        2.18274159526689
H            2.52798631489697        7.82676513306418        2.88278123658397
O            2.92667967531938        8.65228616797299        8.70513057507187
H            3.70650934855938        9.16168567748969        8.47132489672798
H            3.04454407346552        8.36337853326679        9.61257066115363
O            8.67296347681320        2.89467245545695        2.90578005541240
H            7.90305224624106        2.41791931604500        3.22159644879307
H            8.70181273908297        3.73489269295384        3.36806164171603
O            8.71325744880545        2.89976674558944        8.68631541192108
H            9.37613569767482        2.25720034272760        8.42660824386612
H            8.56393301072127        3.47660344922638        7.93565496077331
O            8.67711605211180        8.69002021824301        2.94417736842785
H            8.04094354807865        8.41428088427049        3.60742223911363
H            8.51048643821375        9.61955369559339        2.76079199030514
O            8.66435029358400        8.73514865050394        8.66678800387716
H            8.63741526821241        8.83730785639289        7.71236828568922
H            9.51253485581650        9.08420832776515        8.96176176326296
24
 energy: -46.151209661095 gnorm: 0.006759771114 xtb: 6.7.1pre (5071a88)
O            2.91342356533264        2.97015094555854        2.88903256093334
H            2.40401505743762        2.83931615350611        2.08639521369959
H            3.75918284140576        3.34272624749541        2.63361209010766
O            2.89385844836429        2.92461432322828        8.70825557138641
H            2.18584259198065        3.44622650895863        9.08948942169745
H            3.30171480461532        3.45477325955312        8.02077180429091
O            2.97071705705768        8.68570363657863        2.90147415614263
H            3.59510508231920        8.69837913399274        2.17356066442037
H            2.53365477589786        7.83081831882774        2.89385790046179
O            2.93492407980390        8.63875085307598        8.70987798802862
H            3.70559754897073        9.15790050551670        8.46935107963716
H            3.05165966153923        8.36399071420516        9.62159437702445
O            8.66485753831384        2.89299454693356        2.90604463324473
H            7.90206906646404        2.41371213488491        3.23417852688568
H            8.70109888596535        3.73686120610443        3.35999885537793
O            8.72150607502631        2.90093430598114        8.68662683358827
H            9.37603100639933        2.25108619732396        8.42554187626367
H            8.56797522326572        3.47906572766485        7.93838523491506
O            8.67110316490167        8.68986957956191        2.96022300878902
H            8.01872879040515        8.42093668958437        3.61053085567042
H            8.51146279892104        9.61573161341985        2.75857701490587
O            8.66134698800298        8.74063119246376        8.65913509985693
H            8.64514034381455        8.83844695439997        7.70507094039055
H            9.50375985375994        9.08486976118932        8.96667699229517
24
 energy: -46.151552970329 gnorm: 0.013119821490 xtb: 6.7.1pre (5071a88)
O            2.91998204778957        3.02053401844463        2.88392878882026
H            2.40470725073462        2.82601777217455        2.09623440320733
H            3.78456816852944        3.32829582731373        2.58863504557952
O            2.89196006787242        2.93890305009972        8.71885152250398
H            2.17109113480695        3.45737414535493        9.07873332080206
H            3.28886851918802        3.44609909949552        8.00853456505753
O            3.01633847881932        8.68044183138114        2.90710266487169
H            3.58540815714383        8.67879970796035        2.13022712443686
H            2.53419695954634        7.85085308988432        2.91726218428530
O            2.95513513759318        8.60305338704812        8.72055938049285
H            3.70307959149399        9.14725266581739        8.46696603442686
H            3.07123916439911        8.36655578540251        9.64321633078868
O            8.64400145503716        2.88865232111549        2.90347831018435
H            7.89950361474175        2.40638722370809        3.26769790440230
H            8.69865114397571        3.73866405011883        3.34131510418836
O            8.74423971223719        2.90547548657692        8.69044608485191
H            9.37501178463438        2.23722201311031        8.41966202881894
H            8.57863264028514        3.48243429230493        7.94514524926158
O            8.65731953446510        8.68914257117799        3.00236702464033
H            7.96200920312857        8.43900238738643        3.61758721440019
H            8.50962315601256        9.60428951185932        2.75569672410034
O            8.64146321873166        8.76863067703664        8.64109222647918
H            8.67354602244085        8.83961328816155        7.68353830699383
H            9.48419908632878        9.07479630708408        8.97998515643081
24
 energy: -46.151873662635 gnorm: 0.027960818160 xtb: 6.7.1pre (5071a88)
O            2.94482841412826        3.07138966889445        2.86425408920550
H            2.41632599004305        2.81074546442315        2.10380574259053
H            3.80663553467358        3.33481089761490        2.53089175691129
O            2.89209654284157        2.96329096646698        8.74023505553362
H            2.14504989855685        3.47735676467036        9.05510914231458
H            3.26241185898474        3.43295780479217        7.98803065816455
O            3.08628127120281        8.67539587294119        2.90952372744493
H            3.58340813825733        8.63947280883882        2.07850014900437
H            2.53341350971592        7.88653288095051        2.94306266824945
O            2.98839729816122        8.54072876381892        8.73790196891688
H            3.69831506825900        9.12767308666860        8.46599837860303
H            3.10905869380994        8.36901520287051        9.67694074477054
O            8.60614166986958        2.88057418182023        2.89375458179000
H            7.89222371537955        2.40168199480468        3.32746454678217
H            8.69606683506501        3.73643888190309        3.31293775929418
O            8.79038653869537        2.91847235508459        8.70423382667490
H            9.37088911771637        2.21420107976742        8.40334836657451
H            8.59325104664333        3.48139629236157        7.95603839791228
O            8.62990702187918        8.68672770989342        3.07157192039674
H            7.87434188187564        8.47223806793774        3.63493157910283
H            8.49500366519245        9.58253430403586        2.75320846829144
O            8.59971509555038        8.82438909571156        8.61017432103486
H            8.72339296759400        8.84751116680959        7.64785538126321
H            9.45723347578860        9.04295519695311        8.99848946921853
24
 energy: -46.152361269122 gnorm: 0.022663272672 xtb: 6.7.1pre (5071a88)
O            2.95952199329753        3.12096921766411        2.85214858919025
H            2.43498786691537        2.79475330511041        2.10610191424050
H            3.82316980560326        3.33644877757988        2.48467085119795
O            2.88774570319195        2.97787084344419        8.74975613288957
H            2.12897903661344        3.49371514277265        9.03541748209845
H            3.24066301872757        3.42848247245590        7.97869854340497
O            3.11508555976964        8.67589853375750        2.89359665472305
H            3.59916312133119        8.61130093609708        2.07322772090516
H            2.54636244184318        7.90597652119573        2.94620880764951
O            3.00777612425960        8.50505167194858        8.75539167220797
H            3.69824135667686        9.10380262979978        8.46947673100676
H            3.14360206898685        8.36009513781290        9.69375721585969
O            8.58067941088870        2.86983375957367        2.88895163321209
H            7.88002598932444        2.41136753989109        3.36722440427310
H            8.69285766889834        3.72852932468464        3.29624330011084
O            8.82959436126544        2.92927121219914        8.72058536441949
H            9.37042361696171        2.20334914527795        8.38616294965153
H            8.60147194967087        3.47298147101771        7.96460655825771
O            8.59012151205483        8.68299639019646        3.10596540886401
H            7.83044399613655        8.49914757698387        3.65989694933759
H            8.46978503987717        9.56617444193711        2.76539481523410
O            8.60226115243047        8.82127003707546        8.58559438871747
H            8.72349730426702        8.87654367754480        7.64172025351046
H            9.43831515085010        9.04266074402570        8.98746435909925
24
 energy: -46.151357650585 gnorm: 0.050863551948 xtb: 6.7.1pre (5071a88)
O            2.99033148911383        3.08381555829956        2.81950777604942
H            2.43709941364326        2.85373118691274        2.10173742215024
H            3.82744135524322        3.34228485047975        2.48336881037334
O            2.85819907322947        2.97600192768916        8.72431200553249
H            2.13366792562963        3.50813533091149        9.03824466819924
H            3.23606398368238        3.43664169067856        7.98668524347321
O            3.15266501691536        8.67269256445409        2.89703750973110
H            3.59672586125787        8.59155527669785        2.04852416845787
H            2.55632242067452        7.92272238905120        2.95655582276083
O            3.01372612891075        8.49600347437237        8.77613195207960
H            3.70058067285250        9.07982852435061        8.46865701919271
H            3.17565632790136        8.33843735280101        9.69832722529573
O            8.58166617419655        2.84707608930492        2.91358886482243
H            7.85302968324232        2.43755606913993        3.36238831407677
H            8.68528319293114        3.72274073804222        3.28909788323831
O            8.82902359633118        2.90724107197664        8.71797186631396
H            9.39956093187265        2.22465085927298        8.38655656968978
H            8.60823595718688        3.46718684220261        7.97341230994221
O            8.55723617279915        8.67330338371981        3.13694272489709
H            7.79488434350115        8.53055797961263        3.69042701955863
H            8.45497916816151        9.54863972492554        2.75823724858260
O            8.59430232885586        8.82639365461257        8.56259719392042
H            8.73527988801860        8.90157242031234        7.62905180964973
H            9.42281414365772        9.02972155023855        8.98890127208798
24
 energy: -46.152189719733 gnorm: 0.040568023879 xtb: 6.7.1pre (5071a88)
O            2.99583213361278        3.13672608317689        2.82715440657615
H            2.42052183191028        2.83420599718206        2.12562657148080
H            3.85783710301708        3.32214954015730        2.43061244219010
O            2.85358094390397        2.98532362830789        8.73010745160000
H            2.12765274594079        3.52120819970281        9.03660179561206
H            3.23156727746272        3.42659673745206        7.97425720759172
O            3.14814517551432        8.67703648331203        2.87160330766585
H            3.60961274759896        8.58336241329613        2.04966224774502
H            2.57152925989236        7.92269214284929        2.97545837357096
O            3.02601110538341        8.46373640462079        8.78285069816659
H            3.69019983538764        9.07877808995034        8.45562371970974
H            3.19481695866521        8.34513202697407        9.71874079001080
O            8.56874078722375        2.84098197544964        2.91516538649528
H            7.84355881214432        2.43861980789830        3.38068591166007
H            8.69030896431931        3.72537341629692        3.27511384265522
O            8.84188289917941        2.90679761651056        8.71827984208179
H            9.40387997471302        2.21793186879388        8.38296322583420
H            8.60985264109531        3.47105823796045        7.97941709305428
O            8.54766313395886        8.66758155131627        3.16817923962400
H            7.75352375140197        8.54659940922463        3.70161903964193
H            8.46228246671682        9.53958435260121        2.74473742130275
O            8.56463786975237        8.85962422315555        8.54622135066974
H            8.77326337219857        8.90182975630313        7.60162470823172
H            9.40787345879880        9.00556054757100        9.01595662691139
24
 energy: -46.147426927286 gnorm: 0.092953247159 xtb: 6.7.1pre (5071a88)
O            3.00505967177775        3.16547082890085        2.83912352687874
H            2.41190141459065        2.78257410521905        2.14079146956016
H            3.86057248205780        3.34597043186026        2.40109626531303
O            2.87594600668532        3.00176698122029        8.76865333601101
H            2.11078322709647        3.53419006183978        9.02462468717708
H            3.22434500237714        3.40095133163766        7.94521015518721
O            3.21178160755504        8.67052688763056        2.91030548686601
H            3.57725178599966        8.56443709753194        1.97512679558901
H            2.54583290060195        7.94664290410130        3.01137516150643
O            3.03187066145305        8.44623682577631        8.77782913285671
H            3.68784002609622        9.07729995340784        8.44259816521484
H            3.19164450594863        8.36228765080943        9.73409590177465
O            8.54109630031270        2.86019803292799        2.88212294388191
H            7.85598090011406        2.41862880662729        3.42286775641601
H            8.70446984040904        3.72786443698700        3.26733715252632
O            8.87265905575289        2.93529207161196        8.73059680498388
H            9.37683747002284        2.18183254800846        8.36824934219797
H            8.60533226998939        3.47869539561209        7.98302508837127
O            8.52490016816093        8.67684446733569        3.13175580287369
H            7.76979634387358        8.51276080489384        3.68760016787797
H            8.46558827641081        9.56180442606456        2.80085798238475
O            8.59534832086339        8.82909926800069        8.55421527921361
H            8.74890026277340        8.87655832518227        7.61067080387773
H            9.39903674886967        9.06055686687238        8.99813349153964
24
 energy: -46.152483572146 gnorm: 0.033123696291 xtb: 6.7.1pre (5071a88)
O            3.01102591851784        3.12063173726071        2.82407686557477
H            2.42590424189729        2.82052471665278        2.12327054466383
H            3.84394908599569        3.35680237503891        2.43222225341247
O            2.86111952250730        2.99122072736996        8.74676221995111
H            2.11838817014072        3.53270567998305        9.02681060967261
H            3.22973548047520        3.41477989153071        7.96420218397345
O            3.14840956683376        8.67990773846586        2.86895361851232
H            3.60647200370570        8.58148473278813        2.03886976064082
H            2.58545020475469        7.92025545385665        2.98975278227699
O            3.02313411743698        8.47337098431279        8.78408564474492
H            3.70073117639482        9.05872182745909        8.45243359607786
H            3.19185856055021        8.34610654403697        9.71847310148708
O            8.55127518578339        2.85693305216649        2.89132636988157
H            7.85244219433744        2.43006499392885        3.40593841808012
H            8.69256913793331        3.72213799479393        3.27584626948086
O            8.85982327560809        2.92274175695836        8.72757841051894
H            9.38698618028005        2.19695320457464        8.37069701344060
H            8.61148494992164        3.47521250697558        7.98438742846624
O            8.52884296321061        8.67536203906143        3.13846788728090
H            7.75660703724765        8.51813722613838        3.67990127771562
H            8.46564969346373        9.55790413945832        2.80676486296004
O            8.58499389267497        8.83898270640604        8.55426050399600
H            8.75990889455402        8.87199209548021        7.60809516106902
H            9.39801379556463        9.05555638536609        8.99508591620416
24
 energy: -46.149014187215 gnorm: 0.087333896587 xtb: 6.7.1pre (5071a88)
O            3.00710347481131        3.17069064848117        2.81300636140119
H            2.43834286676168        2.84623799630198        2.12815039026199
H            3.87516405191932        3.30834820699951        2.39657008281801
O            2.82722830955223        2.98806005733456        8.70698159954158
H            2.12299559123086        3.53619094894421        9.02987506712602
H            3.22939722358916        3.43616866759854        7.98558675317689
O            3.20331141894800        8.68140121645295        2.86785618209451
H            3.60917044311680        8.53432048218477        2.00679800477444
H            2.57422727782527        7.95739749007389        3.01236466918568
O            3.03861863550117        8.43800472602364        8.80252502210580
H            3.68973457490742        9.04842539670688        8.44963976547060
H            3.23029861973082        8.33457334561341        9.73184530165293
O            8.56691192738909        2.82507933245697        2.94191426141911
H            7.82179535750955        2.45864860888278        3.37475301219925
H            8.67178854424547        3.72199657137333        3.26903056792554
O            8.85184273256247        2.89240731852544        8.71723286817926
H            9.42343754123092        2.22634145202423        8.38046205927021
H            8.62342005156198        3.47059009920597        7.99095211817433
O            8.52266026430576        8.64879080684566        3.23220577854671
H            7.65939482188200        8.59129966236120        3.71904822771713
H            8.47866434726493        9.51651975490099        2.73052395995626
O            8.57919816123630        8.83399109949448        8.51565142095764
H            8.75929379326804        8.94203160190955        7.59865730988778
H            9.39077521940333        9.01097501938041        9.00663191625523
24
 energy: -46.151713983733 gnorm: 0.056071704205 xtb: 6.7.1pre (5071a88)
O            3.01450582225642        3.16844453366587        2.81356584849730
H            2.43738075546825        2.83512928315086        2.12840438514620
H            3.87275490140193        3.32395485579828        2.39297022626319
O            2.82394843389390        2.98862394320534        8.71055872101922
H            2.12144303064465        3.54551076946208        9.02992171440534
H            3.23171445893551        3.43062246693505        7.97942777369414
O            3.19681633072056        8.67990179024164        2.86768476922753
H            3.60958745088578        8.54311350797859        2.01059941652881
H            2.58663602823678        7.94894363420714        3.00914244146160
O            3.03855383513951        8.43253210722291        8.80185048755855
H            3.68785484048172        9.04763608541936        8.44435516690310
H            3.23438036952477        8.33746929580867        9.73631124482204
O            8.56599018569839        2.82220711397093        2.94214036933888
H            7.81299627721358        2.46224004959770        3.38077823150645
H            8.67865512382378        3.72245607520156        3.26367251178670
O            8.85430822646565        2.89390375727628        8.71909439441010
H            9.42397591183553        2.22201169307902        8.37645802073839
H            8.62094970272762        3.47283566647895        7.99403212362190
O            8.46516085489963        8.65675640176760        3.15119097426579
H            7.73564500756761        8.55329819088801        3.73053432942689
H            8.45403628704632        9.54447288445985        2.80671510365572
O            8.55511746831874        8.85777185257514        8.51466874616271
H            8.78736130964706        8.93384305511577        7.58226001159787
H            9.38500263691726        8.99481149656668        9.02192568805981
24
 energy: -46.147295809060 gnorm: 0.107336710572 xtb: 6.7.1pre (5071a88)
O            3.04932912770508        3.11722515693665        2.80567241856871
H            2.43523972090540        2.80361728078422        2.11740074407892
H            3.84039842048472        3.40930260981621        2.41285595769383
O            2.84726358751923        3.00066440093822        8.76505071482427
H            2.10307378257088        3.57337573466066        9.01520786516195
H            3.22570217986185        3.39190907659217        7.93982520993412
O            3.16368950145716        8.67589710997415        2.86558068095723
H            3.61592807226412        8.57870072742430        2.03428687725515
H            2.61711245922371        7.91862284031663        2.98917507819976
O            3.03320606730612        8.45251341490702        8.79828218074080
H            3.70663263149531        9.02913747614894        8.44624341318558
H            3.22112148340260        8.33417726519518        9.73352548814995
O            8.53180532530794        2.84473844521115        2.88868742813224
H            7.81488789344714        2.44696851802947        3.44947507835664
H            8.71027136646010        3.71840389360327        3.24974478075473
O            8.89666609883706        2.93712816205345        8.74476268659389
H            9.38887886463676        2.17248166712012        8.34543330932747
H            8.61050515602240        3.47823599537028        7.99990089069926
O            8.48511460113123        8.65723894391939        3.15900812980365
H            7.68997143454007        8.55251517659097        3.70646926504911
H            8.48026822020466        9.54249929067652        2.82349271878522
O            8.59376091545001        8.83043639871294        8.55112310574636
H            8.75885319445494        8.85885239134691        7.60029670412529
H            9.37509514506665        9.09384853374674        8.96676197397153
24
 energy: -46.152839082472 gnorm: 0.023887317818 xtb: 6.7.1pre (5071a88)
O            3.03155287222940        3.13420139903155        2.81765070879033
H            2.43486712370955        2.81096869834743        2.12822866359357
H            3.85235523460965        3.37879588315081        2.39992909152303
O            2.82246230992831        2.98404109108075        8.71775403738685
H            2.12062230297546        3.55723867859194        9.03035199094626
H            3.24197415243416        3.42171243168054        7.97441235334885
O            3.17651459231971        8.68061486975983        2.86930469133063
H            3.61419625258653        8.56374190643926        2.02415416055077
H            2.59896565678439        7.92775899936919        3.00112719092703
O            3.02771715371121        8.45817636253684        8.79817808729649
H            3.70435194877621        9.03354401819328        8.44407806556375
H            3.21967919988222        8.33202456624035        9.72785559900411
O            8.56031018672240        2.83523085432122        2.92579644564315
H            7.80825795688627        2.45997332451328        3.39067767470161
H            8.69292943035670        3.72001572346416        3.26829368494982
O            8.84780482552894        2.89455524406409        8.71853957384348
H            9.42473821062057        2.21611864670350        8.37297346617022
H            8.61813037982102        3.47998214980386        7.99760141523561
O            8.47112435104371        8.64662160292943        3.14255182245927
H            7.70837732418362        8.55449120875087        3.71875431746610
H            8.48928265639848        9.54924122785802        2.81788299197177
O            8.59101836950165        8.81779701271224        8.53605611295534
H            8.75863019365362        8.88110402913062        7.59741207734641
H            9.37891256509589        9.08054058139948        8.98869847709059
24
 energy: -46.151327994712 gnorm: 0.067687671475 xtb: 6.7.1pre (5071a88)
O            3.02362506031187        3.17215314669733        2.79229760404363
H            2.45598819043669        2.88130910474858        2.11796192260534
H            3.89352432855308        3.30929294165306        2.37650685428687
O            2.81660405104384        3.00243716927650        8.72511528064630
H            2.10852837158605        3.57685466285204        9.00999307177604
H            3.21557293888668        3.41581691395673        7.96593883727747
O            3.22734368287912        8.67571410810644        2.86652376229714
H            3.61836166695147        8.53391989211262        2.00078040708470
H            2.60951038482581        7.95316402847061        3.01263001426847
O            3.04935683089794        8.41179306962206        8.81939144968640
H            3.69603622180508        9.01348012863272        8.43964550178573
H            3.26484152285313        8.32473770279002        9.74893565692976
O            8.53386344345700        2.81935164628307        2.93076048631052
H            7.79622044002289        2.47229604764269        3.42658523546698
H            8.68482761961539        3.71676078599941        3.24546286918706
O            8.91739503590343        2.92381162795156        8.74729299215055
H            9.40570695142531        2.18935342046615        8.33964957263403
H            8.61700291327287        3.46812498960729        8.00929982627284
O            8.44468273853904        8.64892376569739        3.19768952319669
H            7.65880120323678        8.57556776478424        3.73642381045792
H            8.44604645420241        9.52955074139774        2.82289971400432
O            8.54554313671521        8.85114777254942        8.48421619298191
H            8.81908737122043        8.92790746625088        7.55565891087769
H            9.34630469107252        9.02502161253875        9.03660320388396
24
 energy: -46.153488244045 gnorm: 0.014846360852 xtb: 6.7.1pre (5071a88)
O            3.05213823555559        3.17125015786730        2.79539665589567
H            2.44937677478595        2.82963349413594        2.13018787338086
H            3.87879207806585        3.36666970671715        2.35543168903633
O            2.81271304703499        3.00254665708792        8.72630118987237
H            2.10665041778449        3.58331668631273        9.01106465631581
H            3.21739359873218        3.41272829361222        7.96133798635468
O            3.22261819631165        8.67615380066638        2.86176618065369
H            3.62350245074128        8.53647914866687        2.00404241103063
H            2.61836052137939        7.94838964098676        3.01359072838910
O            3.05050175777703        8.40918419469932        8.82039677452344
H            3.69859492029283        9.00693105458776        8.43818949642776
H            3.26741547714377        8.32254944999511        9.75168643079904
O            8.53318502685109        2.82257812681879        2.93073760130086
H            7.79319485141842        2.47079802060335        3.42766681141801
H            8.68217274183588        3.71743256721441        3.24713705595384
O            8.87753992204881        2.89081956855323        8.72606514041025
H            9.43587804636038        2.21403436331533        8.36181297359339
H            8.63281155131201        3.47603986723253        8.01022568775465
O            8.44251252965383        8.65014360216970        3.20187473063493
H            7.64960413784688        8.57497769821784        3.73718762872863
H            8.44200647901448        9.52919637102230        2.82702505772382
O            8.55899941485015        8.84905806250355        8.49818634270054
H            8.79496872754255        8.90869435489635        7.56768198844224
H            9.35384434536969        9.04888562220615        9.00326960877444
24
 energy: -46.153319586777 gnorm: 0.027697152629 xtb: 6.7.1pre (5071a88)
O            3.06333330388996        3.19144137586228        2.79037634123884
H            2.45078903243195        2.82987360076970        2.13503491963600
H            3.89222065906056        3.36447236785205        2.33128834099981
O            2.79258073160260        3.00263350916446        8.71082176645770
H            2.10652639229086        3.59624917279769        9.01278050022843
H            3.21961592838231        3.41728373646555        7.96483889686315
O            3.24137142459028        8.67733501947031        2.85660677806448
H            3.62856201755688        8.52220387018597        1.99042327816898
H            2.62884390691086        7.95587545089011        3.02988657963471
O            3.05116531802227        8.42706183276584        8.83264619000457
H            3.71912605371351        8.97893185315202        8.44577223102384
H            3.27211102595901        8.29657184884752        9.74379027665696
O            8.52931125750344        2.82522431013704        2.93768216516979
H            7.78793647567634        2.47084935013174        3.42358041070215
H            8.66721276605709        3.71712867997661        3.25217628934703
O            8.90612370964310        2.90095037992329        8.73813682106942
H            9.42914784596321        2.19537976936744        8.33979943688526
H            8.63269561860211        3.48096601650310        8.02366142922665
O            8.41553349760317        8.64268168784106        3.21638349235143
H            7.62850325873149        8.58866751951165        3.75948621204089
H            8.43365655005297        9.52170995005040        2.82786040101399
O            8.55311508120942        8.87084063704984        8.49983888627138
H            8.78617899365346        8.89589503417789        7.56779161424036
H            9.35911440058235        9.04826353720314        8.97759944282717
24
 energy: -46.153753366533 gnorm: 0.016715113057 xtb: 6.7.1pre (5071a88)
O            3.07348554983105        3.20067814612819        2.77525581742665
H            2.46252472950582        2.84867716984897        2.12811170111069
H            3.90417646324106        3.35975512474868        2.32096032596061
O            2.77942269120191        3.00977529499779        8.71092706408827
H            2.10187333211643        3.61814572305435        9.00575658074971
H            3.21352722368067        3.40954310338170        7.95868528807417
O            3.26180915262871        8.67366382674813        2.85347055461805
H            3.63359279905299        8.51410783783697        1.98245616915513
H            2.64658359826480        7.96037946781972        3.03632969238641
O            3.06593046795441        8.37480521121189        8.84125766675764
H            3.70105752165779        8.96716347052332        8.42437201097489
H            3.30951793325869        8.31418347498782        9.77387552328653
O            8.51435757901726        2.81955762864943        2.94016684189946
H            7.77741166225312        2.47669663186617        3.44671546321663
H            8.66236883618370        3.71882644351928        3.23717657474029
O            8.91486094975759        2.89384891735067        8.73888718714075
H            9.43989117910131        2.19558123124244        8.33484481165061
H            8.64194573161246        3.48335821580580        8.03257367357490
O            8.39209795734028        8.63955175176615        3.24321678725651
H            7.59550906669041        8.60141578469230        3.77506298451492
H            8.41703659704943        9.51181105761439        2.83340868655763
O            8.54725330265197        8.88100021154330        8.48613455409209
H            8.78195963713169        8.91037725958342        7.56140652779638
H            9.35658128847920        9.03558752518355        8.96721021310426
24
 energy: -46.153272126606 gnorm: 0.042175518047 xtb: 6.7.1pre (5071a88)
O            3.09628079958256        3.23383401364647        2.75366404885254
H            2.48355015671354        2.84572215511188        2.12634756623557
H            3.91966884219321        3.37101971146553        2.28500847465497
O            2.77291572053646        3.03082172942405        8.73277284709428
H            2.08657787366160        3.65595538926147        8.98394268848906
H            3.19128272985956        3.38497628154020        7.93663796413918
O            3.30673420068982        8.66539348710792        2.85133822522553
H            3.64221427612424        8.49478240199472        1.96648221114709
H            2.66687891012742        7.97616968083013        3.04224417820701
O            3.08195644739360        8.35638013185281        8.86377622887929
H            3.71240225698517        8.93361819235003        8.42963220691977
H            3.34318852498217        8.28367532579277        9.78027591140999
O            8.47942467409028        2.80722660760111        2.93739973709825
H            7.76091025208055        2.48674053835236        3.50468121303729
H            8.66242186434945        3.72147558287739        3.20245350653605
O            8.91266820950225        2.87081637658681        8.72969825203612
H            9.47075610368220        2.21335794487033        8.34835139646127
H            8.66483988110705        3.48045366068020        8.03716372077807
O            8.37099042810617        8.64884764808548        3.30188748645950
H            7.53001194628304        8.60950680463224        3.77730736902353
H            8.37542291207622        9.49711157570397        2.85531230577151
O            8.52014576721054        8.90309471159071        8.44346519238858
H            8.81693974467181        8.94371481657017        7.52672837646590
H            9.32659272760823        9.00379574219134        8.99169159284105
24
 energy: -46.154175798683 gnorm: 0.014208222182 xtb: 6.7.1pre (5071a88)
O            3.09974519305528        3.23857962360568        2.75288441743477
H            2.48347920652854        2.84997896560525        2.12601481938734
H            3.92588318102320        3.36816983715846        2.28015396036581
O            2.76139620815576        3.02614543264633        8.71410139625909
H            2.09057016763134        3.65301229436630        8.99064607574228
H            3.19470914054356        3.40050239319173        7.94502643230741
O            3.30934063760171        8.66416033905353        2.85210570249431
H            3.64874786236213        8.49525968560454        1.97132565940930
H            2.67203720603811        7.97361451077743        3.03961899967498
O            3.08570243410119        8.34589056499615        8.86135255776290
H            3.71275967946540        8.93109467402421        8.42969466369894
H            3.34741536101394        8.28424551850198        9.78305573947656
O            8.49088525973426        2.82020065886035        2.94810710026885
H            7.76559222267735        2.48010271026203        3.46620478961815
H            8.63620387795676        3.71983246323666        3.23215680637988
O            8.92991411337947        2.88055920759600        8.73858877712293
H            9.46340675819761        2.20056272022562        8.33293176117185
H            8.66125937756033        3.48305846795509        8.04427120148417
O            8.36399863058473        8.65069082373231        3.30280220504296
H            7.53057272799373        8.60412512970625        3.78221123169372
H            8.36203388821392        9.49780118850102        2.86279417779780
O            8.53002682367219        8.89517203930393        8.44797703416280
H            8.80974649699316        8.92011611017151        7.52760674626156
H            9.31934879512750        9.03561515104004        8.97663044513527
24
 energy: -46.154516079090 gnorm: 0.006059129589 xtb: 6.7.1pre (5071a88)
O            3.09983648245744        3.27185214734613        2.74123864081860
H            2.48823516796125        2.83835209908652        2.14054319588736
H            3.93331181485689        3.35143760853918        2.27133282029336
O            2.75363808699407        3.02581927513120        8.70753258508000
H            2.09606429173479        3.66220645420644        8.99296366106902
H            3.19551329619477        3.40439082731092        7.94587786265680
O            3.33554583437022        8.65316810708028        2.85492723560780
H            3.63607307300544        8.48807474659890        1.95920122808940
H            2.67601939587606        7.98519730543719        3.05302142854795
O            3.08318534475310        8.34716410889619        8.86353941696711
H            3.71425938336578        8.92191968795530        8.42641942988151
H            3.35500940065587        8.28119037242488        9.78059000529780
O            8.48398686143850        2.82052688437681        2.94793112686896
H            7.76092907286099        2.48233196169972        3.47644531220263
H            8.63697118196805        3.72385714786480        3.22683068704798
O            8.94350594087390        2.88710680216716        8.74195947198224
H            9.46103040758263        2.19552822261449        8.32863860640763
H            8.65744948523873        3.48170770472142        8.04734614085019
O            8.35945756038270        8.65374125120646        3.32855566061198
H            7.51141390793078        8.60478419246975        3.77650313806804
H            8.36245322218185        9.48893965838220        2.85789052188992
O            8.52384937352263        8.91340535738884        8.43791502144706
H            8.81708612206139        8.91181664332001        7.52400739064692
H            9.30995054134295        9.02397194389801        8.97705211193404
24
 energy: -46.154775878863 gnorm: 0.018943193529 xtb: 6.7.1pre (5071a88)
O            3.10751485985648        3.32687546939100        2.72019721306351
H            2.49524677706283        2.82406156611882        2.16967779341579
H            3.94835963100662        3.32377865356350        2.24851106118950
O            2.73553276677221        3.02514910540059        8.69143879690356
H            2.10842429346837        3.68322251722126        8.99923601057411
H            3.19675315583123        3.41407913154126        7.94635797457054
O            3.39045697321964        8.63203289545214        2.85732338769876
H            3.60730848604509        8.46815056396782        1.93151780195505
H            2.69170046147213        8.00951101402471        3.08722645721647
O            3.07918409006976        8.34652766650951        8.86835080720998
H            3.71717822884940        8.90068743288787        8.41620044488563
H            3.37308213875770        8.27506126936246        9.77725113477931
O            8.46547563514913        2.82177578066924        2.94877038628270
H            7.75226009162027        2.49375843570184        3.50303696388999
H            8.63717932225808        3.72997583508268        3.21220400902427
O            8.97996234101267        2.90392079651044        8.75026680497452
H            9.45212104773286        2.18483843154921        8.31861546738579
H            8.64819301234288        3.47692085914584        8.05476872934241
O            8.34466264448151        8.65630517425342        3.37685939571061
H            7.46899509086699        8.61095791163893        3.76946434341521
H            8.36573738589303        9.46668441413460        2.85398769583463
O            8.51053343719646        8.94419412613506        8.41618199307117
H            8.83069620834103        8.89803579816659        7.51298391064528
H            9.28821717030314        9.00198566169606        8.97783411711781
24
 energy: -46.155009666071 gnorm: 0.013747386667 xtb: 6.7.1pre (5071a88)
O            3.12636958198826        3.31568658513614        2.71798260532990
H            2.49673584935330        2.83974001491256        2.17646087022903
H            3.95119173812781        3.33110065081936        2.23364415913939
O            2.72559209274800        3.02737869395223        8.68231705168421
H            2.11505718486459        3.69605869030595        9.00234226650770
H            3.19594991656005        3.42098317521305        7.94526883666653
O            3.40119282155719        8.63427839838669        2.84822337492712
H            3.60987982271898        8.45045054043049        1.92827202841314
H            2.71523886362097        8.01152504043005        3.10704095790927
O            3.07780815557024        8.34381249700422        8.87172105725759
H            3.71907133574833        8.88426109473549        8.40719324581420
H            3.38734747589632        8.27068829822026        9.77537387696114
O            8.45346780601040        2.82356926776159        2.95165212885980
H            7.74511541788575        2.50356830473382        3.51857175884688
H            8.63403581456588        3.73440272290488        3.20364114232114
O            8.99240108498442        2.90729247038726        8.75278933453813
H            9.45443555242029        2.18479075837692        8.31577132824048
H            8.64666178584060        3.47531647455264        8.06011748659111
O            8.32737354158912        8.65381839185726        3.39658562724509
H            7.44242315771933        8.61114600122955        3.76684991803625
H            8.36602341278647        9.45862449707299        2.86655215418818
O            8.50249436063618        8.95642741497828        8.40065925149574
H            8.83691352233857        8.89021815838676        7.50391492207377
H            9.27199495407687        8.99335236833868        8.97531731688404
24
 energy: -46.155385781960 gnorm: 0.008621657272 xtb: 6.7.1pre (5071a88)
O            3.15235225396338        3.35759621496141        2.69778075609483
H            2.50236821504029        2.84282584207689        2.21177747178192
H            3.97011181403752        3.31132383817748        2.19734413668030
O            2.71509790356748        3.04009059059451        8.67161383760033
H            2.12258860895134        3.71733908606402        9.00371081853878
H            3.19080306343525        3.43404626752712        7.93923880113504
O            3.42793474494480        8.63414782944534        2.83479843263527
H            3.61405489115890        8.42079743534279        1.92255434939694
H            2.76378853607223        8.01389232258323        3.14319271548537
O            3.07960186825831        8.33268949504821        8.87753706367753
H            3.72106862613403        8.85211617664901        8.38766089536620
H            3.41630087462087        8.26355646222787        9.77270729234224
O            8.43464775686768        2.82905361907403        2.96173629853534
H            7.72997474046601        2.52385800356916        3.53955515404495
H            8.62182072550334        3.74354779295467        3.19262384356533
O            9.00155668498115        2.90413673197636        8.75334249562903
H            9.46968208655590        2.19305918180820        8.31566682489436
H            8.64983558455601        3.47383879282742        8.06959397770404
O            8.28764893938193        8.64557583962372        3.42346975496120
H            7.39326938425257        8.60545326312955        3.76391064176110
H            8.36136435986925        9.44997888345797        2.90703506332410
O            8.48834657434670        8.96365800357291        8.37046971756762
H            8.84253240194851        8.87853967499989        7.48464488767173
H            9.23802461069123        8.98736916243942        8.96629746977213
24
 energy: -46.155479186828 gnorm: 0.031169427837 xtb: 6.7.1pre (5071a88)
O            3.20284247668390        3.41819594550115        2.66328479636295
H            2.51574594291023        2.86038020073342        2.26593674037259
H            4.00390124669397        3.28275504466307        2.13728963175232
O            2.69502934632767        3.06544766358745        8.65084282926322
H            2.13672916095269        3.75874002694890        9.00738996913889
H            3.18088939707179        3.45947720851321        7.92638542820155
O            3.52084019630455        8.60995662212367        2.82343721707565
H            3.58759966702044        8.36534373966191        1.88701598706946
H            2.84912405765495        8.03737253460115        3.22334965784806
O            3.09333439954294        8.30077317195422        8.88441241397411
H            3.72176356447318        8.79814900418934        8.35361429738835
H            3.46639800968298        8.25376440161103        9.76804719246505
O            8.39895088601435        2.84167611268258        2.98049962947799
H            7.70065415073398        2.56198792313924        3.57580321064644
H            8.59622389494427        3.76130131495743        3.17604968960238
O            9.04797978665025        2.91640721916015        8.76124870911725
H            9.48360564971938        2.19618601362045        8.30835906116766
H            8.64247745329162        3.46588662182746        8.08774205955547
O            8.22742171080655        8.64059064614693        3.51139939050556
H            7.28471969600148        8.59811939151857        3.74354981361521
H            8.35294859172911        9.41751657505466        2.96255188238467
O            8.45573172238667        8.99773714685672        8.30990252869100
H            8.85879427738455        8.84917053322325        7.44677497097688
H            9.17106996461726        8.96155544786277        8.95337559352168
24
 energy: -46.155945238366 gnorm: 0.018008854102 xtb: 6.7.1pre (5071a88)
O            3.20761143497658        3.40138821818508        2.66445670106796
H            2.52709662726241        2.87701411824836        2.24545930436850
H            4.00897105151341        3.29589289740065        2.15072428787779
O            2.69917812605207        3.07682723989225        8.65333843216305
H            2.13331567895646        3.76173920367598        9.00541985616589
H            3.17634181387558        3.46327950903611        7.91973409978521
O            3.53664359471885        8.59465634585450        2.83849558235796
H            3.60041350356370        8.37767606454921        1.89774874287536
H            2.85683841301265        8.02703538865735        3.20635749794618
O            3.11266539787143        8.27676267206326        8.87826864423382
H            3.71888556341458        8.79825231760985        8.35168123765604
H            3.46736288286371        8.25541626374875        9.76800207223375
O            8.39597744362813        2.84805957737177        2.98576021769829
H            7.69449015395832        2.56969606408420        3.57086745866728
H            8.58497775499774        3.76445214184506        3.18257522928938
O            9.06550959165640        2.92570176114018        8.76446587923723
H            9.47918983108167        2.19148689972123        8.30583965748942
H            8.63831450318742        3.46396398615499        8.09023931967482
O            8.20724232540744        8.63004825836471        3.50389438320357
H            7.28864012521339        8.60508478693097        3.77118061060628
H            8.33236132782555        9.41145425176054        2.96832841717848
O            8.45462496465470        8.97146418853577        8.30390307820418
H            8.84367572921901        8.86056740075058        7.43926821694128
H            9.16444741068574        8.97057095456107        8.94225377325372
24
 energy: -46.155494672157 gnorm: 0.037788388271 xtb: 6.7.1pre (5071a88)
O            3.22039342407768        3.42701887243978        2.65130935314610
H            2.54438750587835        2.87816408389638        2.25160513134619
H            4.02344028229629        3.29259060561485        2.14269727589863
O            2.68146133020963        3.08157397969159        8.63462516016833
H            2.14709252812352        3.78642060314214        9.01732614148349
H            3.17470760114979        3.47685172833271        7.91290594844258
O            3.52233510598364        8.60174144550907        2.83643225959580
H            3.66725015407115        8.36878388304248        1.94094161103869
H            2.88094998616910        8.00152684189200        3.18436453534229
O            3.13036972150148        8.25046000041501        8.87558947792353
H            3.71758878570669        8.78257850950820        8.33881408274318
H            3.48253678714563        8.25644733755778        9.76662075127000
O            8.37730919348839        2.85147990274269        2.99271862053546
H            7.67896568341252        2.59299255849258        3.59387919064575
H            8.57757888562322        3.77106186248923        3.16905668027642
O            9.07144280148511        2.92616161973151        8.76433921646993
H            9.47810549916229        2.18680246415156        8.30567014254416
H            8.65543006066151        3.47248134588246        8.09790966609509
O            8.18318419191647        8.62547815579213        3.55097114392975
H            7.25000086108946        8.61773003537317        3.78283205993599
H            8.31297660041412        9.38016800052473        2.96511463518169
O            8.43196332646092        9.00370462815386        8.27596980732584
H            8.84968587588743        8.84219974030551        7.42007469410924
H            9.13561905767991        8.94407230546302        8.93649511473297
24
 energy: -46.156402432002 gnorm: 0.013495560156 xtb: 6.7.1pre (5071a88)
O            3.23670199568184        3.44184565031182        2.64238916122626
H            2.55155929434878        2.88055232044917        2.26670347360390
H            4.03136865825511        3.29316922699103        2.12572175065089
O            2.68050720140060        3.09269158275309        8.63254609021455
H            2.14694262569280        3.79507949903344        9.01475255701453
H            3.17110867598174        3.48555169761973        7.90859470832815
O            3.56896153142265        8.59537967824188        2.82681818100417
H            3.64371090280526        8.33203686224933        1.91177594946965
H            2.91000843577034        8.02678600941286        3.23473894133381
O            3.13430903891444        8.23896246761391        8.87795374755570
H            3.71858323686718        8.76285320768839        8.32613070279650
H            3.49977895658371        8.25385948154353        9.76506609799760
O            8.36236321593533        2.85308702573337        2.99743275006336
H            7.66763837823063        2.60979191421570        3.61443094378263
H            8.57458904260434        3.77683879008332        3.15587420046145
O            9.07400417484197        2.92398698209805        8.76388199896247
H            9.48585188931286        2.19065893667919        8.30695162540978
H            8.66033669741753        3.47394844168726        8.10293584458143
O            8.15916518285583        8.61922277291967        3.56277439912498
H            7.22806220426088        8.61517747014193        3.78971317954081
H            8.30244566983138        9.37444167162869        2.98509511420361
O            8.42939040547148        8.97758732262553        8.26563265916382
H            8.83264664102967        8.84988094805419        7.41023758902900
H            9.12474119407552        8.95510055037292        8.92011103466409
24
 energy: -46.155630757856 gnorm: 0.045830896182 xtb: 6.7.1pre (5071a88)
O            3.26808064940447        3.46458045188762        2.62248852370209
H            2.57136134629601        2.90820931264890        2.27577463030109
H            4.05802451994640        3.28411365569602        2.10871359246006
O            2.68855845700966        3.12958664044037        8.63574142301047
H            2.13958503054625        3.81148909059730        9.00139056808638
H            3.15963764549324        3.50674516378929        7.89480734360600
O            3.66030803955365        8.56007057891267        2.83570804456620
H            3.62125442265685        8.30256545788384        1.88555183408548
H            2.97125877888834        8.04345085195362        3.28363888647801
O            3.15361666413907        8.20629323372604        8.87641417691716
H            3.72292216811690        8.72788193500041        8.30602217283068
H            3.52962157978666        8.24635859019257        9.75929277478247
O            8.33737044800582        2.86844542997415        3.01108345564837
H            7.64374955769889        2.63808285739182        3.62896251441016
H            8.55010939151986        3.79135092842401        3.15510071950647
O            9.12826803765704        2.94446758750838        8.77297813185278
H            9.49318529712482        2.19133042745722        8.29778910504768
H            8.63702915555226        3.46036273455010        8.11548829757196
O            8.10383442483236        8.60661280608659        3.59309113030092
H            7.17339860965883        8.59942188479553        3.79920889203888
H            8.27199335561959        9.36369371788559        3.04247863299839
O            8.39664662133164        9.02154639304517        8.21978426369563
H            8.84106269954573        8.81459783982541        7.38014384639703
H            9.07389834920393        8.92723294047961        8.90660973989390
24
 energy: -46.156603493036 gnorm: 0.026790574864 xtb: 6.7.1pre (5071a88)
O            3.27467973067303        3.47529759301041        2.61796544024104
H            2.57793329169912        2.91084530689891        2.27982792674008
H            4.06436194352711        3.28309118698487        2.10447858363720
O            2.67976445860827        3.12977014038955        8.62625806489837
H            2.14673902243073        3.82223010218452        9.00881121044133
H            3.15869476842139        3.51320581527333        7.89211228604697
O            3.64533578812250        8.56685675758590        2.83562164147003
H            3.65933035765610        8.30328518719187        1.90994196849565
H            2.98391606972076        8.02463704987212        3.26771712017808
O            3.16263909943829        8.19401954620532        8.87262813102048
H            3.72565284056704        8.72151545641153        8.30314600882808
H            3.53356463327727        8.24290643716573        9.75649880720882
O            8.33069289866504        2.87228085852669        3.01500812685718
H            7.63697236343645        2.64758745358426        3.63406656686848
H            8.54455132515479        3.79484519055754        3.15443968959881
O            9.12089964729136        2.93956272096663        8.77124192025628
H            9.49687292047628        2.19239391656054        8.30128601871279
H            8.64915068464338        3.46667815876648        8.11783610251079
O            8.10423233864043        8.61295778192135        3.63634170465854
H            7.13804473432216        8.59976300883127        3.77984969324680
H            8.27157723305311        9.34716689441390        3.04106755207600
O            8.39908009422318        8.98095739476802        8.21851010358292
H            8.81570184896003        8.83453177818386        7.37403420192490
H            9.07438715657846        8.94210477390104        8.88957383069080
24
 energy: -46.153726328058 gnorm: 0.077619485276 xtb: 6.7.1pre (5071a88)
O            3.28434444140433        3.49775554653781        2.61215790692650
H            2.58677719458997        2.89006236018879        2.30026465234234
H            4.06547086908288        3.29237873724608        2.08581920213295
O            2.63394055690837        3.10074564538338        8.58124010502260
H            2.18448390554082        3.85715834719919        9.04572605083674
H            3.16679385656654        3.52536963006152        7.89469530245152
O            3.62200940475544        8.58525590117595        2.82625905186671
H            3.71528411306240        8.28781109689446        1.93984723060825
H            2.99287697644942        8.01014623140187        3.25927212868246
O            3.16834102500780        8.18622476653077        8.86915115021535
H            3.73013392362794        8.71609856592623        8.30166757259673
H            3.53573228884928        8.23873456082903        9.75297749803573
O            8.31674339721987        2.86799348478568        3.01558695609245
H            7.62751853353511        2.66510947374691        3.66059433540253
H            8.55156060987624        3.79696360111553        3.13262034367206
O            9.06870290280998        2.91296230072394        8.75924286958696
H            9.50281495602034        2.19411083927084        8.31443169566269
H            8.70272390238089        3.49378300282223        8.11811042412811
O            8.05554345231043        8.57603228961824        3.57953554299232
H            7.17397862057946        8.62988539415732        3.86722019287411
H            8.24443266083194        9.34247818250810        3.03360708472374
O            8.38691282432132        8.99293758878710        8.20980263454048
H            8.80850462449806        8.83353322766270        7.36529036017552
H            9.06915020935474        8.92495973558278        8.88314240862681
24
 energy: -46.155910490702 gnorm: 0.044420884992 xtb: 6.7.1pre (5071a88)
O            3.28355547328543        3.47451397720084        2.61865566198359
H            2.59072827380718        2.90760673256814        2.27787291983487
H            4.06693230234453        3.30192147299958        2.10241427407389
O            2.70082257430528        3.15078009779655        8.64152450544728
H            2.13005198971810        3.81699589712561        8.99362315838893
H            3.15423254952542        3.52022025842120        7.88524608072072
O            3.63081938856525        8.58627630662141        2.82565669200252
H            3.71506751978786        8.27610405952941        1.93549226720185
H            2.99784074318076        8.01675938742700        3.26901543873302
O            3.17119308869342        8.18265029471290        8.86712671828805
H            3.73260052834168        8.71531043075063        8.30194928515728
H            3.53519422457501        8.23753693276162        9.75182455662225
O            8.31881984532486        2.87292751481261        3.01724160349395
H            7.62647017892662        2.66449608400411        3.65004140383593
H            8.54491881259663        3.79852780747974        3.14182389381688
O            9.06959822054028        2.91125094749349        8.75984364870286
H            9.50301539197343        2.19435654144291        8.31193036084178
H            8.70189184134120        3.49668793548101        8.11980217569954
O            8.05657728395727        8.57400592241737        3.59316044348975
H            7.15444853593811        8.63861366862174        3.85725014280994
H            8.25428239096540        9.33167095341587        3.03452494687860
O            8.38137063120698        9.00378270235179        8.20875573782148
H            8.80701800856723        8.82348468433597        7.36303564866670
H            9.06732545211734        8.92200990038146        8.88045113568145
24
 energy: -46.152950809071 gnorm: 0.082837511628 xtb: 6.7.1pre (5071a88)
O            3.28815177703864        3.48983591427045        2.60937285468323
H            2.59210050108520        2.93567643792097        2.27705253305500
H            4.08414137516850        3.27193346388197        2.10526510508374
O            2.67607155514353        3.14174588417174        8.61666068347551
H            2.15265487599638        3.83938869663211        9.01203386309313
H            3.15325522860378        3.53060900686557        7.88548240336303
O            3.69863327404499        8.55820073480246        2.83761257536435
H            3.66376209096334        8.25983283272236        1.89946280142480
H            3.02432057425281        8.04574938134219        3.30407186515489
O            3.17360603011957        8.17622136943214        8.86708522655546
H            3.73608206020506        8.70096050430450        8.29493156937063
H            3.54701307633995        8.23277627152914        9.74835066230494
O            8.31608943428908        2.88642147216075        3.02317001968518
H            7.62218554861477        2.66426122867698        3.63491299582974
H            8.52647248022402        3.80507190749146        3.16109444100315
O            9.18724003270771        2.96440036386704        8.78911822370331
H            9.47802554465938        2.17435428654519        8.27204391453663
H            8.62039947180281        3.46632109685078        8.13459134131818
O            8.06585024682650        8.58909363492540        3.65983736229268
H            7.08153740843526        8.62996790588442        3.79292433407720
H            8.27517101075904        9.31193221545958        3.05980551976748
O            8.38390631923132        8.97372747456009        8.20194344970988
H            8.79044337147510        8.83023423752810        7.35697772878432
H            9.05766196159747        8.93977418833497        8.86446122655808
24
 energy: -46.156846628722 gnorm: 0.024080786537 xtb: 6.7.1pre (5071a88)
O            3.29591902083958        3.48688351619657        2.61062581097939
H            2.59593333523611        2.92930861180809        2.28089411540994
H            4.08189950294929        3.28729134782493        2.09921366444230
O            2.68064123015138        3.14553109896206        8.61882643726951
H            2.14826039636338        3.83986535602312        9.01053686852551
H            3.15340529335143        3.53365223234737        7.88257366906655
O            3.68549957305958        8.56328618789642        2.83869358980282
H            3.69259349527058        8.26281947507070        1.91776144277155
H            3.02605786199689        8.03274274296876        3.29069061976622
O            3.17868436123292        8.16937141281802        8.86504918437171
H            3.73623943406242        8.69969225351056        8.29358636455633
H            3.54731153639650        8.23261677906905        9.74779769545877
O            8.31324175599947        2.88562055707778        3.02422198159440
H            7.61749095675943        2.67046702044373        3.64118037370686
H            8.52735551988401        3.80732989659690        3.15546774143780
O            9.08009100610246        2.90463908700700        8.76442387893703
H            9.51706697417139        2.20190645948012        8.29965318925659
H            8.69128952259152        3.49957491168552        8.13205845529297
O            8.04748285106701        8.57512763723112        3.63124272722396
H            7.10303138671225        8.63377363543306        3.82837131955277
H            8.25559221639270        9.31663808167121        3.06173213627045
O            8.37412700137165        8.98953759588469        8.19581926061646
H            8.79293169174191        8.82375006770132        7.35137242868068
H            9.05262932587875        8.92706454544844        8.86646974520357
24
 energy: -46.154879474815 gnorm: 0.066946097663 xtb: 6.7.1pre (5071a88)
O            3.31880935733593        3.53284993437377        2.59434125382949
H            2.60589126357275        2.89911612573294        2.32603592554699
H            4.08812753202068        3.29299858893182        2.05773577137277
O            2.70096686323851        3.17463405997355        8.63622538745878
H            2.12620805623624        3.83683655483853        8.98595674686014
H            3.15104862158782        3.54604545977022        7.87807977171057
O            3.66134565644920        8.58487557962513        2.82208612866700
H            3.76519017121808        8.24255085586325        1.95600972195335
H            3.05521466187179        8.00812474157458        3.29023901708757
O            3.18532565398085        8.15527419244490        8.86569506790856
H            3.73909681018838        8.67877133132868        8.28035153167296
H            3.56471645112677        8.22853874977980        9.74496878584411
O            8.28911902585835        2.87671322964162        3.03198118277162
H            7.59717217478879        2.70405927626911        3.68980560006249
H            8.53450894015154        3.81350457006343        3.11290437542778
O            9.13430953676418        2.93107363730997        8.77738766241413
H            9.49281821889556        2.18272065175620        8.27591062783847
H            8.67945316916285        3.49660567095570        8.14756034647885
O            8.00223249950810        8.55552524975559        3.61906648322161
H            7.10580282367992        8.63753133112570        3.88134814976430
H            8.21972101869728        9.30992562228994        3.06924086592608
O            8.35869634267798        8.99892463389077        8.17661195012977
H            8.78242034447683        8.81987607653599        7.33515741730797
H            9.03658005609361        8.91141438632776        8.85356292894534
24
 energy: -46.157180470844 gnorm: 0.017875402396 xtb: 6.7.1pre (5071a88)
O            3.31489763142722        3.49422437710284        2.60495021282874
H            2.61216846191738        2.93373031548641        2.28356474877181
H            4.09298628324314        3.30239154807031        2.09002489087908
O            2.67990489670461        3.16008262147742        8.61446195106459
H            2.14488116548966        3.85210572107183        9.00500914451042
H            3.15358650805190        3.55218502780088        7.87958636685550
O            3.68313895104309        8.58095234320271        2.82414632528555
H            3.75590137439462        8.22484426521178        1.94409149313801
H            3.06016772316046        8.02411344486008        3.30585443720456
O            3.18858661259536        8.15238668167784        8.86234605353401
H            3.74303497599808        8.67801316814890        8.28154278321556
H            3.56356229312495        8.22497251522699        9.74241135518859
O            8.29164958975197        2.88832215293866        3.03171643829857
H            7.59857011596740        2.69741778428434        3.66981881438490
H            8.52218918679660        3.81621400079883        3.13542065024612
O            9.11500690677980        2.91871468972298        8.77366936350520
H            9.50889904384068        2.19484403714198        8.28323427257926
H            8.68426570322949        3.49828479616748        8.14475564693196
O            8.00698758975085        8.55814994024887        3.64092450677203
H            7.08143595324760        8.63960198373941        3.86259346490490
H            8.22613921255939        9.29973903535325        3.07216351159544
O            8.35496162301322        9.00199738868616        8.17504791348375
H            8.77768553640799        8.81279314495065        7.33258598503501
H            9.03416791108512        8.91240952678893        8.84834236998693
24
 energy: -46.156833286693 gnorm: 0.041165499594 xtb: 6.7.1pre (5071a88)
O            3.34486064012836        3.54084164129757        2.58291188502281
H            2.62205543935035        2.96506757506977        2.31278739828662
H            4.12279135411147        3.26436845352588        2.06215748373361
O            2.67333198346505        3.18125613218889        8.60384895124544
H            2.14936746200843        3.87377158220818        9.00461776619245
H            3.14764553449475        3.57449375236709        7.87101938207707
O            3.76928244087903        8.53907103075010        2.85076327766995
H            3.74604672097405        8.21150152005559        1.93351706714815
H            3.10655104247672        8.03667838160884        3.32250838843201
O            3.21390914366605        8.11711170863971        8.85322218904404
H            3.75072703867539        8.65479098102045        8.27136693287930
H            3.58010879823575        8.21355692008740        9.73434552449208
O            8.27291873631192        2.91398102211543        3.04033821364527
H            7.58300459546024        2.71214466733855        3.66236380009956
H            8.49110420122385        3.83091543960117        3.15895492331978
O            9.10980520682136        2.91182318984915        8.77082355256055
H            9.52963231762515        2.20689011953981        8.29550872461654
H            8.70029818722370        3.50031628081300        8.14572876620870
O            7.96992968815526        8.55358248255021        3.69663428173746
H            7.01414510701896        8.63503042370875        3.85546076001202
H            8.20357362775382        9.27270266947388        3.10433924167171
O            8.33614265553264        8.99002635498280        8.14359273076328
H            8.75727722601278        8.81272366585022        7.30698311314448
H            9.00026610197074        8.90584451552162        8.82446834619992
24
 energy: -46.157789751370 gnorm: 0.013757342560 xtb: 6.7.1pre (5071a88)
O            3.35443913770580        3.52705193906208        2.58480059196482
H            2.63903075021701        2.94939037348707        2.30615166815090
H            4.11935557502595        3.30761270751494        2.06142186945550
O            2.66909098343660        3.18598747141421        8.59792298384476
H            2.15213035187760        3.88229341230050        9.00604441539976
H            3.14733260414746        3.58397828597785        7.86930999427617
O            3.76925362509027        8.54547854687333        2.84498512887933
H            3.78317653481887        8.19508601721908        1.94964785307244
H            3.11919964408756        8.03178618907927        3.32679474500413
O            3.21758427390186        8.10972670409180        8.85298658797025
H            3.75414132453521        8.64281585498811        8.26359470646982
H            3.58988699681678        8.20972558797307        9.73200215458994
O            8.26178732721867        2.90949437532459        3.04742139297186
H            7.56927949177990        2.73131834804764        3.68483299103101
H            8.49222170905955        3.83606898018254        3.13706475909898
O            9.13141875763934        2.92186646607390        8.77602215900242
H            9.52322261008958        2.20180894022140        8.28642752547225
H            8.69435516365692        3.49845306590212        8.15230757166575
O            7.95288323314832        8.54916740825691        3.69939103014937
H            7.00618223095017        8.62511103953026        3.86725332367251
H            8.18231759219175        9.27230664819918        3.11557343751378
O            8.32558440479752        8.99922049650874        8.13358342114019
H            8.75014714162905        8.80173012354001        7.29737623269352
H            8.99075378575298        8.90101152839732        8.81534615671651
24
 energy: -46.157696628161 gnorm: 0.034870235493 xtb: 6.7.1pre (5071a88)
O            3.36992026850954        3.55648638664999        2.56812675864418
H            2.65993475105862        2.99864885363802        2.28836593429707
H            4.15681395865353        3.27117976452933        2.07587671629875
O            2.66317582569586        3.20807942180817        8.58692033144989
H            2.15522840495342        3.90531075706898        9.00436323652252
H            3.14375801087888        3.61017408957182        7.86163948850898
O            3.80368768150895        8.54725069748891        2.83610053110925
H            3.84086580486344        8.15292363791262        1.96888689930614
H            3.17623140204838        8.02733804619596        3.35859175172666
O            3.23413127147059        8.08366252819521        8.84778094098772
H            3.76634616775376        8.61100991294935        8.24758311505949
H            3.61305832664767        8.19383063753326        9.72253273152179
O            8.23199115084605        2.91924227370191        3.05901525301290
H            7.54176007259533        2.76665278393378        3.71510392330622
H            8.47813671927468        3.85085532404954        3.12040222039547
O            9.16364559837456        2.93423377445970        8.78214239823855
H            9.52092311227406        2.19754226996810        8.27716766070211
H            8.69616792597304        3.49870320848648        8.16496633358246
O            7.89118284353479        8.52893490543079        3.72414596928665
H            6.96040453001485        8.62460200309758        3.90124969046106
H            8.14343910334380        9.24993774047990        3.14071449916866
O            8.29867631196561        9.00945024878252        8.10077196564736
H            8.72573925445671        8.78832470795597        7.26827569858209
H            8.95955675287480        8.88411653628265        8.78753865239755
24
 energy: -46.158626909928 gnorm: 0.010574735004 xtb: 6.7.1pre (5071a88)
O            3.40416832471034        3.57085903134171        2.55784316019237
H            2.68049508214085        2.99031515943527        2.31582114530165
H            4.16530052913286        3.30247053886833        2.04258108537802
O            2.65603073064874        3.22580282882350        8.57543753761172
H            2.16034034424954        3.92545912502211        9.00529652465176
H            3.14028232926871        3.63285892498632        7.85522695548151
O            3.86329096130076        8.52290497877132        2.85219368372746
H            3.86648635141899        8.13730873537634        1.97696068143430
H            3.21954143855804        8.02790227838987        3.37150047143090
O            3.25227867662307        8.05827636987051        8.84019493156311
H            3.77788688627390        8.58729619128371        8.23763953528247
H            3.62879292148861        8.17913602009946        9.71341500362067
O            8.21161504995824        2.94171355996056        3.06486134030899
H            7.52519144925629        2.78216040775016        3.71383547457062
H            8.45318549609447        3.86512936738848        3.13727780193421
O            9.17982446979408        2.93898505011831        8.78430606533407
H            9.53061187978967        2.20259246893448        8.27753580629840
H            8.69657561798403        3.49632172296552        8.17061317560425
O            7.84994938920471        8.52041454658692        3.76187950173726
H            6.90729261776390        8.61604558852606        3.90533135211124
H            8.11339799036278        9.23002988965009        3.16822254227363
O            8.27747041776755        9.01055005553481        8.07351483184049
H            8.70269850078542        8.77923653145424        7.24380321843533
H            8.93206779499155        8.87472113903637        8.76297087409283
24
 energy: -46.159081859717 gnorm: 0.034797177842 xtb: 6.7.1pre (5071a88)
O            3.45213158002186        3.60716524292263        2.53385499511664
H            2.72392783391261        3.00893144302359        2.33372481660071
H            4.19841901325745        3.32174292301345        2.01899896512820
O            2.64286226924087        3.26137978995864        8.55339928419284
H            2.17023432544824        3.96450300015470        9.00675436937302
H            3.13408734070691        3.67798005177013        7.84296640484789
O            3.99189938070630        8.46742748471020        2.89411658996077
H            3.91549892248033        8.11905779276945        1.99435335606059
H            3.30901053584440        8.02551259779363        3.39209931365433
O            3.28785968638875        8.00445362292038        8.82834085726735
H            3.79541002434022        8.53623499449180        8.21118104651578
H            3.66539870405842        8.15780304541619        9.69846863941370
O            8.16696236136656        2.95797269010233        3.09130158412904
H            7.47738466375197        2.84435980989829        3.75537571770535
H            8.42348042521996        3.89037377809013        3.11035197144863
O            9.20281398417301        2.94633098857469        8.78573624871264
H            9.54950289760687        2.21231293851929        8.28403798134797
H            8.70479643512608        3.49405989807469        8.17789337167071
O            7.77921815594830        8.51591679603393        3.83434007614451
H            6.80782302123028        8.56816724485737        3.89827325355576
H            8.02946782425022        9.20671550822076        3.23391396233218
O            8.23581878598310        9.00720805636790        8.02175643888278
H            8.65145567291685        8.76169390748873        7.19497064161814
H            8.87931140558011        8.86118690500906        8.71205281454380
24
 energy: -46.160335798902 gnorm: 0.020020717943 xtb: 6.7.1pre (5071a88)
O            3.48822946415278        3.64151153436470        2.51486577206678
H            2.75601728197399        3.03342402247752        2.34396528149060
H            4.23036932781307        3.32272878297609        2.00591300840326
O            2.63650283521183        3.29221455937014        8.53894379021416
H            2.17506167855534        3.99424470054040        9.00505950489337
H            3.12980393405459        3.71475543459853        7.83321520879890
O            4.07374232639888        8.44607008442537        2.90969927055472
H            3.99244272609548        8.08098713674291        2.02350279646164
H            3.38445611424711        8.02492055530307        3.41987067236916
O            3.31357711478035        7.96807273137711        8.81626376764282
H            3.81678801414719        8.49708267961671        8.19506082617000
H            3.69000459342008        8.13210841157434        9.68288172820021
O            8.13230012271799        2.99437923152302        3.09755109891467
H            7.45051761177623        2.86835869648755        3.75485040130365
H            8.38619797231770        3.91422690919646        3.13651609232156
O            9.23590261037147        2.96147011042347        8.78985802731395
H            9.55244360646213        2.21180542349723        8.28226157433823
H            8.70728790827605        3.49149122745458        8.18628898807188
O            7.69218161131384        8.48795442469003        3.86946214823660
H            6.73094037772952        8.56483333777627        3.92926616422341
H            7.97508036893049        9.17351053615991        3.26917029546483
O            8.19967719361587        9.01141864049953        7.98062514984859
H            8.60448980713533        8.74957939079787        7.15420037118731
H            8.84076064805694        8.84134194831419        8.66897076174027
24
 energy: -46.161022400356 gnorm: 0.006395491588 xtb: 6.7.1pre (5071a88)
O            3.48907287549821        3.65689325689056        2.50103377745453
H            2.76739255600644        3.03912912571183        2.35616173514299
H            4.23978843916562        3.32001335397543        2.00969192663046
O            2.63125108032845        3.29838507621467        8.53091178840553
H            2.18201179332857        3.99873024777010        9.00844487062392
H            3.13213881816364        3.72412454982630        7.83314899875242
O            4.11727077032416        8.43177586065286        2.92135370268870
H            4.01478304767249        8.08208176567156        2.03303161673234
H            3.41576444696373        8.03159000721223        3.43884886063451
O            3.31859217361053        7.96106913935876        8.81297621752425
H            3.82397579070835        8.49007234394469        8.19316825305152
H            3.69089457588232        8.12735707127834        9.68063436159617
O            8.12577390762053        2.99236176308147        3.09933729671463
H            7.44073564672447        2.87361839147477        3.75785046592869
H            8.38483205058801        3.91415063293714        3.13064469336653
O            9.24773776437506        2.97437943661403        8.78321271269877
H            9.54629249436195        2.21099236205840        8.28537403017216
H            8.69793989881699        3.48931103450127        8.18894452533686
O            7.66137530951959        8.49222909467395        3.89095142868125
H            6.69885459206607        8.54555865197724        3.89972598583704
H            7.95854947610147        9.16679367951472        3.27884115092915
O            8.18773553055137        9.00665147266086        7.98175439921278
H            8.57246458310339        8.75652419745979        7.13922605166668
H            8.84954762807447        8.83469799472631        8.65299385044831
24
 energy: -46.162209459691 gnorm: 0.020775445641 xtb: 6.7.1pre (5071a88)
O            3.49931093977213        3.69293928609666        2.47089334181654
H            2.79211489738603        3.05728531958557        2.38178333695137
H            4.26353357424586        3.31407395234814        2.01882953858282
O            2.62061999153603        3.31576700826351        8.51085161531920
H            2.19821030827745        4.01111453180963        9.01756699287681
H            3.13796975479853        3.75130647413320        7.83174279741861
O            4.22885064818203        8.40452524401840        2.95137047610163
H            4.08164203833665        8.07732711737347        2.06170434321619
H            3.51279536252625        8.04594425768925        3.49084483030920
O            3.33268815548054        7.94203779243665        8.80311269048641
H            3.84567758568235        8.46907071793281        8.18724600417085
H            3.69414522614723        8.11374972132293        9.67403270437318
O            8.10379465571441        2.98974242146307        3.10296954110318
H            7.41607234820060        2.89279633857657        3.76703219354772
H            8.38019846347173        3.91147924733202        3.11628929147708
O            9.27252292992810        3.00280980799417        8.76846772698095
H            9.53288249601481        2.21036835889094        8.29218735791622
H            8.67617024438145        3.48673969112481        8.19451730316937
O            7.57915187141945        8.49053574950905        3.92758006448801
H            6.61535693935882        8.50473672862057        3.84938177641621
H            7.90312717992766        9.14870387704642        3.30219121372862
O            8.15487006597299        8.99449922402021        7.98512240794819
H            8.47812732177865        8.77597057300731        7.09973352434205
H            8.87494225102024        8.81496706959331        8.60281162748852
24
 energy: -46.163703839597 gnorm: 0.030737074395 xtb: 6.7.1pre (5071a88)
O            3.51853617611837        3.72965142868255        2.44211454232006
H            2.82606139398620        3.07066603526684        2.42645772717971
H            4.28292598194234        3.32395692941602        2.00706513819013
O            2.60905793056523        3.33806842925238        8.48637133515055
H            2.21838269499399        4.02586596055945        9.02982857275488
H            3.14503593981607        3.78683751080990        7.82989531609002
O            4.36310875043877        8.38328257997460        2.99162560440905
H            4.17721586741074        8.07588558970619        2.10231223086949
H            3.65076836240669        8.04735295607241        3.55642633838321
O            3.35158282286710        7.91756018161633        8.78946716206338
H            3.87493801408356        8.44150372453106        8.17900960234205
H            3.69873426677200        8.09615182082890        9.66490479879406
O            8.07343946426269        2.99187964974452        3.10430486214540
H            7.38788399511444        2.91629250824171        3.77721648049589
H            8.37077194310249        3.91084636301375        3.10347619253771
O            9.29554796811113        3.03157854875550        8.75189265527262
H            9.52095263557952        2.21334862884886        8.29803500901192
H            8.64914912101858        3.48275368779204        8.20246110519387
O            7.47081313291957        8.46923845163934        3.94533958909632
H            6.51421989652108        8.46207094763352        3.81276817822512
H            7.81973151272903        9.13463346928705        3.33613984924784
O            8.11664083069634        8.99205299663308        7.96591194061864
H            8.39164889657749        8.78034141479256        7.05821256472124
H            8.86762765153320        8.79667069709272        8.54702590511440
24
 energy: -46.165567952253 gnorm: 0.025192887497 xtb: 6.7.1pre (5071a88)
O            3.54725073422615        3.75997910824885        2.42274078903525
H            2.86703210776612        3.08370920649343        2.48196927076411
H            4.29759000871015        3.35174695528205        1.97570650570066
O            2.60228125128106        3.36611652460334        8.46221262997265
H            2.23881913602842        4.04216509191833        9.04123445344118
H            3.15172470040776        3.82891484180015        7.82616188086884
O            4.51489496494181        8.36783630584438        3.04273099613374
H            4.30243612683486        8.07880682848666        2.15486762561902
H            3.82141385998747        8.03558408490256        3.63079026834455
O            3.37544587656610        7.88761760043332        8.77266463050683
H            3.91071130846497        8.40841605157033        8.16914350067511
H            3.70432034910292        8.07566417526264        9.65379038628195
O            8.03805097182722        2.99939442969476        3.10399738832956
H            7.35775868866145        2.94063928043999        3.78566484098785
H            8.35386478641775        3.91371992703825        3.09437484518591
O            9.30281250001539        3.05181119430285        8.73692813483217
H            9.51551773854073        2.22322836433137        8.30188463704562
H            8.62563941257262        3.48250805436547        8.21105723940096
O            7.34122359733342        8.44675551500558        3.96804588933207
H            6.39427242787808        8.40716767800744        3.76726480873742
H            7.71482952965682        9.11771551536698        3.37720905846512
O            8.07131449121029        8.99284147170420        7.92314340289939
H            8.32130711672231        8.77194972734899        7.01635440510640
H            8.82426356442049        8.78420257774338        8.48832511256004
24
 energy: -46.165856174992 gnorm: 0.030892307480 xtb: 6.7.1pre (5071a88)
O            3.57450281600650        3.75368623584936        2.44434597799562
H            2.88543310335033        3.11040600076189        2.48118811267798
H            4.30674097125952        3.37765391241289        1.95981981297066
O            2.62433904787599        3.39088149522396        8.46790271367048
H            2.23417253113618        4.05227657046094        9.03240302316371
H            3.14936492277390        3.85502483010788        7.81820341906435
O            4.57866259443795        8.37771430920137        3.07421021990548
H            4.38828460165771        8.08045525089370        2.19108175717119
H            3.92149909921855        8.00594869561595        3.66364559625421
O            3.39510107048472        7.86594017341230        8.76033863799320
H            3.93687458016778        8.38518807180009        8.16192371957086
H            3.70950803967984        8.06247425965537        9.64540368352107
O            8.01885200166952        3.01664423754034        3.10144470900478
H            7.34416995226341        2.94680180254745        3.78024894236828
H            8.32561578726058        3.92674724511232        3.10355178293302
O            9.31616151554065        3.06908360356000        8.72480935243295
H            9.50503721767605        2.22431967720565        8.30671480067356
H            8.60766806886847        3.47806590786995        8.21743718549136
O            7.28513574243154        8.42704158316954        3.97315727874364
H            6.35062312021838        8.36723938343841        3.77747648750425
H            7.63755982969785        9.11101899638120        3.39952052989829
O            8.03556745500055        8.98708793046769        7.89161862641269
H            8.27301314135471        8.76805561998193        6.98834825098403
H            8.79088803954854        8.77873471752864        8.44346807982131
24
 energy: -46.165300111136 gnorm: 0.047393261438 xtb: 6.7.1pre (5071a88)
O            3.58543583608258        3.80056976734615        2.40011230669042
H            2.91321104963795        3.10721411368947        2.53901355110868
H            4.31922143047612        3.37910336402330        1.95119917791217
O            2.63174297535834        3.40550408297268        8.46090272546743
H            2.23746761120673        4.05599685823342        9.03577843811401
H            3.15075692969464        3.88046143236816        7.81381526112171
O            4.58165140167240        8.39681834628522        3.08477019262104
H            4.41689781618631        8.07522921692898        2.20755829993628
H            3.96677034170372        7.97547336973167        3.67761765551051
O            3.40844730190729        7.85152502498215        8.75238121306209
H            3.95542207630744        8.36843267754104        8.15767345562669
H            3.71271028108089        8.05275135718913        9.64000759792494
O            8.00677142325754        3.02212920500952        3.09503253217757
H            7.33983153713339        2.94046150199016        3.77245636631295
H            8.30607637415193        3.92701689220289        3.11161983979626
O            9.29745324022699        3.06911746064737        8.72478041505737
H            9.50228019843389        2.23546298155447        8.30675604718730
H            8.61062138252781        3.48908271107215        8.21637428518387
O            7.29241584944156        8.46193146517350        4.04147768802187
H            6.34858124067589        8.29955279866866        3.75919767775833
H            7.60323128467608        9.10401661932429        3.41313771508698
O            8.00738081707116        8.98136082421300        7.87401885828590
H            8.22551057612265        8.76739691518077        6.96636891931193
H            8.77488627454978        8.77188152387257        8.40621248095016
24
 energy: -46.165974409138 gnorm: 0.040850994623 xtb: 6.7.1pre (5071a88)
O            3.58712738886447        3.80487833362170        2.39867971569240
H            2.91138750377774        3.10977813538973        2.53978936510663
H            4.32148875883147        3.37136991629769        1.95328103968038
O            2.61317318124313        3.40112410962572        8.43978210046787
H            2.25003924192569        4.05175585719793        9.05465162187999
H            3.15544230762158        3.89438333152487        7.81744553892358
O            4.55644174176433        8.39986076147040        3.07232148683620
H            4.38063931571581        8.06669964552719        2.19429014279472
H            3.95096801499481        7.96847586154172        3.67597394887417
O            3.41095965605090        7.85086303346211        8.75072090403064
H            3.95865616083314        8.36739636653104        8.15645796096976
H            3.71392082764832        8.05136899086875        9.63853135939739
O            7.99820190626770        3.02573893834012        3.09102007296083
H            7.33837609858437        2.94660773289645        3.77795894808105
H            8.31005310783899        3.92882869991527        3.11160362343428
O            9.28742715337821        3.06010460092022        8.72958613277071
H            9.50906923161477        2.23887478800857        8.30306380121912
H            8.61816559656756        3.49103370874871        8.21432698443141
O            7.31506702182515        8.41551016419284        3.99926953646647
H            6.38325391068349        8.35002275313500        3.83331523635755
H            7.63177936003696        9.10614711444721        3.42354898487166
O            8.00114449437089        8.97844502806614        7.87356287069653
H            8.21438253226210        8.76879001542973        6.95882590539859
H            8.77761073687975        8.77043262304215        8.40025541888268
24
 energy: -46.163428663920 gnorm: 0.080940208569 xtb: 6.7.1pre (5071a88)
O            3.61391495071678        3.72919583286087        2.50662307924934
H            2.88374198613320        3.17074600130540        2.42475434386741
H            4.32518480414014        3.38539807365052        1.96430677628519
O            2.60963531272389        3.40352329503625        8.43249964418442
H            2.25360759825750        4.05641562144186        9.05819628936512
H            3.15895227195143        3.90562850312995        7.81869515377644
O            4.55766010676081        8.39391050624284        3.06201197972064
H            4.35313674833028        8.04608220693608        2.18401720469411
H            3.95104862745645        7.97135207622262        3.68981901545214
O            3.41828519507489        7.84543228134449        8.74622169774346
H            3.96880255907338        8.36200901524225        8.15328449532449
H            3.71705752877650        8.04638809531424        9.63531398961710
O            7.97172057916455        3.03289044740979        3.08827988552120
H            7.32318047589178        2.97785951023749        3.80134444277117
H            8.32595562266114        3.93443813836750        3.09984184532726
O            9.36014372751876        3.09994959693403        8.71258042639725
H            9.49000073760845        2.21785649875592        8.30911163111299
H            8.57036989908276        3.45914119107328        8.22667112769360
O            7.32816504717856        8.41097575440756        4.02535967861585
H            6.38343496036286        8.35244628439794        3.83184153242866
H            7.67261317206307        9.10495710057365        3.44492832341554
O            7.98978559950123        8.97742001453271        7.87133594761746
H            8.18175836048394        8.77162028983232        6.93879061010439
H            8.78661937867020        8.76285417495346        8.38243357994219
24
 energy: -46.165559659129 gnorm: 0.052501764760 xtb: 6.7.1pre (5071a88)
O            3.63702010600087        3.70577735569512        2.54521855857582
H            2.86336490748037        3.21119987792827        2.38311299208623
H            4.32952152515130        3.37483622870519        1.97053183997326
O            2.64634108103299        3.41504620449444        8.46452305356215
H            2.23239806212336        4.06292289613602        9.02947441077288
H            3.15229007259443        3.89897550126704        7.81248900269488
O            4.54661535380802        8.39238756732819        3.06476697572764
H            4.35853031721492        8.03425684623734        2.18950660070005
H            3.93469427106688        7.97064708510759        3.67912406088877
O            3.42413747708223        7.84082853116962        8.74335720387227
H            3.97588375696846        8.35746929154487        8.15193843320818
H            3.71949089560188        8.04329737613370        9.63301853821056
O            7.96691323072275        3.03971233509408        3.09017018942023
H            7.31802349497908        2.98549376440051        3.80087404371141
H            8.31896479108966        3.93975134590348        3.10018074270475
O            9.25103933755188        3.03135308200915        8.74402274166918
H            9.51970023753540        2.23826099801687        8.30106161271552
H            8.63992844838914        3.50083390644320        8.20675274437857
O            7.34480254027053        8.41783616526712        4.04663579560288
H            6.39761192624938        8.34525127927921        3.83325998892635
H            7.68647249624440        9.10442754907100        3.45919381458544
O            7.98162342880026        8.97496246947585        7.85602148194768
H            8.18018790953985        8.76839647304784        6.93340847727568
H            8.76921958208103        8.76456638045134        8.36961939701799
24
 energy: -46.166158242340 gnorm: 0.035821896063 xtb: 6.7.1pre (5071a88)
O            3.68847059884471        3.70782463953260        2.55896947470832
H            2.82848647193759        3.27809658266026        2.39264310228602
H            4.33398135989543        3.31937668434059        1.95326673284601
O            2.65328287498854        3.42194312070698        8.46360009248962
H            2.23190779010987        4.06319212612996        9.03062245715767
H            3.15101051398915        3.91239567704579        7.81022364428052
O            4.52742051994683        8.38956385563553        3.08064534333408
H            4.38898825818528        8.02574456233547        2.20751217433505
H            3.89807478180999        7.96015898565372        3.65292458155377
O            3.43169853338542        7.83569224591629        8.73840785481316
H            3.98783904579778        8.35023620928550        8.15011682169325
H            3.72227503563096        8.03760345291547        9.62926035720275
O            7.98068446223529        3.05215406012966        3.09948149079512
H            7.31271635459944        2.97492908865314        3.77777691166990
H            8.28512285471151        3.95667756303243        3.11214715211715
O            9.26877461658344        3.04221183356627        8.74114030519010
H            9.51446325989456        2.23289335562792        8.30175757818593
H            8.62395359486504        3.49460352124552        8.20929330426360
O            7.37028556222355        8.42037335831886        4.06401589302829
H            6.42811654656401        8.34594583595914        3.86597812078982
H            7.68907074646806        9.09975109206230        3.46955974301464
O            7.96302751144498        8.97011653330360        7.81478765373367
H            8.20311089298929        8.75186739877829        6.92503355293070
H            8.71201306248022        8.77513872737360        8.35909835780986
24
 energy: -46.167499149942 gnorm: 0.018893998279 xtb: 6.7.1pre (5071a88)
O            3.67697949120666        3.75420073658481        2.51355090144743
H            2.87276395398557        3.24232953956922        2.42734638152174
H            4.35294614498330        3.34976395586299        1.96967842412533
O            2.65451086574055        3.43595888952088        8.45257662866274
H            2.23861773325300        4.06835685909407        9.03798878723419
H            3.15206296388105        3.93904895282743        7.80713958603571
O            4.58158564601400        8.38313140397559        3.10803369928724
H            4.45318871697218        8.02128756036163        2.23676322103455
H            3.95515897767171        7.94685923708552        3.67801891139409
O            3.44477853207066        7.82126015006107        8.72887250781184
H            4.00896961835401        8.33300097721061        8.14524288207526
H            3.72441634074447        8.02698092496251        9.62348775766387
O            7.97170789822678        3.05533721310100        3.10067404393662
H            7.29659035639695        2.97626903189314        3.76966854652614
H            8.26767154803706        3.96049730167274        3.11301868657913
O            9.28789873831355        3.06316220374158        8.73298401659738
H            9.50544797269646        2.23474416275004        8.30312051450313
H            8.60320721051518        3.49094605239802        8.21336425890279
O            7.32761758658567        8.40695091157163        4.07456138599489
H            6.39107097452297        8.33156185069719        3.87419546722946
H            7.64795042674753        9.09553279617274        3.49576733896547
O            7.93180292298153        8.96234791656429        7.80563485265534
H            8.12404933695686        8.75708220198520        6.88554251483078
H            8.72378129272754        8.76187968054608        8.31103138521231
24
 energy: -46.168241110251 gnorm: 0.018162007159 xtb: 6.7.1pre (5071a88)
O            3.69978248174548        3.77553305333659        2.51335614172583
H            2.89423578436240        3.26914523082209        2.42800695011584
H            4.37214938006997        3.35093584871736        1.97771137218250
O            2.65049009910119        3.45267307471262        8.43172309202177
H            2.25137385473127        4.07520136378197        9.05092005106349
H            3.15818186096925        3.97869077212982        7.80702890170032
O            4.60969573402653        8.39121687825812        3.11510503775217
H            4.48545719298936        7.99137791306863        2.25341786764746
H            4.02223738980146        7.92265038999463        3.72080080362145
O            3.46193740690573        7.80474239680210        8.71592242651150
H            4.03953892376543        8.30877169667891        8.13738465833661
H            3.73265809780310        8.00942421020767        9.61326608639109
O            7.93678185952574        3.06121608713452        3.09527121681884
H            7.26860095241791        3.00200141518987        3.77998326831368
H            8.26664979176219        3.96210098755473        3.10556537051832
O            9.28583046485821        3.07069668050537        8.73114398771918
H            9.49269713561839        2.23545437525362        8.30562047270613
H            8.60463612614297        3.49663615205765        8.21088209550937
O            7.31073569691150        8.39490519995010        4.11668874888960
H            6.37294585080178        8.31146811463223        3.89549084551484
H            7.64057289999809        9.09702725957873        3.55292914387633
O            7.88686969893124        8.95381323409486        7.76651459414864
H            8.05256867385499        8.75248601580590        6.83350879478953
H            8.69814789249489        8.75032215994541        8.25002077235181
24
 energy: -46.169319967795 gnorm: 0.026176443212 xtb: 6.7.1pre (5071a88)
O            3.72293080718484        3.83556434398012        2.47948130212861
H            2.94020261312981        3.28815918106368        2.45125086094388
H            4.40671468932153        3.35301894473877        2.00250243081315
O            2.66963681538733        3.48610011979575        8.43339901243303
H            2.25254877990099        4.10054811281631        9.04128310533054
H            3.16219269509937        4.01749647905526        7.80407437369275
O            4.64926460866156        8.37359995420635        3.14059098946602
H            4.53459416318855        7.94720846098735        2.28102898842257
H            4.07144147703561        7.90217063741283        3.75758571518596
O            3.49204085884415        7.77620515511718        8.69501318529550
H            4.08554793221413        8.27297085849660        8.12577647680858
H            3.74586070925011        7.98372238573833        9.59679790194476
O            7.88358927876282        3.07112381227107        3.08390368019038
H            7.22881910927658        3.03604743328760        3.79088630674907
H            8.26109845446404        3.96255411511846        3.09851883796775
O            9.30425993258583        3.09482707107596        8.72154386076561
H            9.47161414011353        2.23878994788135        8.30654830207470
H            8.58170366637776        3.49178849548883        8.21668863315838
O            7.30783547265975        8.38122375847930        4.19330632850334
H            6.37138497738008        8.29510644465704        3.95228899001419
H            7.64562013881899        9.09693803113392        3.64686596071677
O            7.81327830336409        8.94146633800234        7.67560896229014
H            7.97951350034863        8.73109183373711        6.75405742065290
H            8.61308212622745        8.74076859567743        8.15926107467687
24
 energy: -46.171204326398 gnorm: 0.028903858196 xtb: 6.7.1pre (5071a88)
O            3.75836343748943        3.88096782511549        2.46885488735165
H            2.98497691383855        3.31406819627902        2.46398990686168
H            4.43978500228248        3.36747327701240        2.01970283703136
O            2.67968040365766        3.52055915986891        8.42349429776899
H            2.26278098464604        4.12658940062685        9.03956084494585
H            3.17013047155127        4.06568023207461        7.80421201138671
O            4.68215469162940        8.32721505110430        3.18105939315387
H            4.58349175019605        7.90835815409250        2.31048862187518
H            4.07033111425179        7.88455496932809        3.76675023057065
O            3.52881252814053        7.74310262408906        8.67112681149846
H            4.13592337551570        8.23522718099922        8.11321749440817
H            3.76273937212154        7.95595921963594        9.57725170738150
O            7.84163905909761        3.09115142110952        3.08065296731730
H            7.18860151343496        3.06208448651498        3.78994620519227
H            8.22782059036434        3.97877943198643        3.09661630458100
O            9.30027386337106        3.10058162183551        8.71924987161913
H            9.46824949350323        2.25353791479393        8.29982013663958
H            8.56365928501966        3.48820378779381        8.22413593048016
O            7.33688537645249        8.37894078788121        4.30206817945763
H            6.40076667276911        8.28570256352874        4.03753085707257
H            7.67194016761689        9.09076792658979        3.75080546425744
O            7.72925761922038        8.92490716354373        7.58238018355008
H            7.85686756455096        8.71211771949206        6.65169588205810
H            8.54964399888345        8.72196039493024        8.03365167376516
24
 energy: -46.173395646873 gnorm: 0.030640302929 xtb: 6.7.1pre (5071a88)
O            3.80279320210169        3.90309100216400        2.48370682651073
H            3.02734470345204        3.33707999536335        2.46843414949755
H            4.46993843182484        3.40606057389560        2.02300336926662
O            2.69273752265344        3.55781305533139        8.41839185122579
H            2.27280151640865        4.15702322449154        9.03346907074098
H            3.17770086103880        4.11020367917466        7.80508985721868
O            4.70285736864519        8.27786787185568        3.21800670143890
H            4.62022370856283        7.87403786368232        2.34211401620970
H            4.06092531563791        7.85796897748598        3.77312617575273
O            3.56819631552654        7.70949832852511        8.64584551976550
H            4.18883099338420        8.19663856607971        8.10049621255220
H            3.78265732308277        7.92762064951546        9.55477642620252
O            7.81500966676822        3.12113316600555        3.08727616162176
H            7.15209483829429        3.07755869364265        3.77582995910836
H            8.16395281496033        4.00971296865520        3.09945851469504
O            9.27613053634265        3.09398092603625        8.72080745999340
H            9.45715270236529        2.25720185162058        8.30114273731372
H            8.57478661838737        3.49991882769014        8.22107534194235
O            7.38468936351457        8.38012249002620        4.42641039209899
H            6.45213313091683        8.28346453057512        4.15189258029322
H            7.70765183054198        9.08584822717464        3.86623204260996
O            7.63951963138368        8.90386775923170        7.47520498109243
H            7.71784593986184        8.69196369035772        6.53332918248226
H            8.48680091395443        8.69881359165436        7.88314317059035
24
 energy: -46.175085558365 gnorm: 0.032307989618 xtb: 6.7.1pre (5071a88)
O            3.85192473577202        3.96334972200038        2.45622320749404
H            3.07038542517379        3.38784341836843        2.50154140631141
H            4.51755440836601        3.39740494753705        2.04012734286730
O            2.70589814566650        3.59919836092989        8.39909321840888
H            2.28464170240194        4.17648445108164        9.04146184342857
H            3.18617725096957        4.18109980999588        7.80363577870001
O            4.77186816734268        8.22431190381824        3.27091488253116
H            4.69479720347487        7.83992069724885        2.39082868988685
H            4.09244421293522        7.83431414893239        3.80350754017503
O            3.61162632176475        7.67123126422936        8.61542984771311
H            4.25561901022368        8.14927017600577        8.08526536697468
H            3.79883412918340        7.89513703056219        9.53134515107176
O            7.75414561695018        3.14440649511610        3.07771814764815
H            7.10488862523872        3.11214353259403        3.78064487670908
H            8.13177503726926        4.02312248495064        3.09687250042562
O            9.27564747869862        3.10421773440807        8.71375920118231
H            9.45313827708300        2.26886318970871        8.29598287080857
H            8.55092450478478        3.49937027809734        8.23081159182487
O            7.38802754488977        8.36241502782538        4.52776778690909
H            6.46081852122162        8.26485790484389        4.24586438433341
H            7.71303687439420        9.09183753498845        3.99635053670878
O            7.53660305842310        8.87898240690999        7.35901463705059
H            7.58151363559512        8.67303898748292        6.40962299386364
H            8.40248536179566        8.67566900260727        7.73447889719492
24
 energy: -46.175066289348 gnorm: 0.048033562564 xtb: 6.7.1pre (5071a88)
O            3.88005224006986        3.94714245174614        2.48851565076183
H            3.07650467638453        3.41795446311497        2.47947849033239
H            4.55095040870244        3.42061783266587        2.04594542084408
O            2.71982849242868        3.61982775016617        8.39233795278713
H            2.28696568362710        4.18138416779310        9.04823782494252
H            3.19148927505975        4.21753886485984        7.80215192319578
O            4.83165701897261        8.15470782774465        3.31126993887670
H            4.72967493698621        7.82982740734502        2.42579616813743
H            4.04165543070927        7.86401996231162        3.80258593832630
O            3.63155383169675        7.66039175487178        8.60052739635967
H            4.29149649499756        8.12629281041613        8.07538979381514
H            3.81767370610720        7.87733959456221        9.51488408715050
O            7.68846621253505        3.15945092249926        3.05633207850802
H            7.07884166698006        3.15095376307800        3.80568606707361
H            8.14301430801777        4.01912726519809        3.09194587479906
O            9.26282442532322        3.09236006887246        8.71296235285962
H            9.46652506549508        2.26921260032910        8.28935028313145
H            8.53874022929156        3.50398508280408        8.24054392484086
O            7.39598416588420        8.32855424423686        4.50550327791738
H            6.47253428391346        8.24532008094134        4.26146533615574
H            7.73029138396658        9.12983121538943        4.05674676349682
O            7.48860848165518        8.87463093155913        7.32341800387955
H            7.53899140673710        8.67077929492070        6.37805384406140
H            8.34045142407996        8.65724015282264        7.69913430796985
24
 energy: -46.176504021340 gnorm: 0.019748689671 xtb: 6.7.1pre (5071a88)
O            3.89706150547749        3.95994179627398        2.50141667879861
H            3.11333984107580        3.41539939168662        2.47145123997030
H            4.57167420364091        3.46562811552260        2.05470603723471
O            2.73191198246172        3.64458111715737        8.40057228466430
H            2.29157706066797        4.21240499685086        9.03371833973628
H            3.19748161033478        4.22859450084940        7.80063079982899
O            4.80912389595778        8.18364075224702        3.31843474110131
H            4.75816864610917        7.79574560236420        2.44029829381685
H            4.08498197676281        7.82155087572287        3.82647871166186
O            3.65893275199937        7.63660145806447        8.58623499730607
H            4.31796240880816        8.10472229520702        8.06595437514093
H            3.83288993614272        7.86263090534855        9.50256470386135
O            7.68232651996117        3.16686727961974        3.06861365942211
H            7.05151448617650        3.15734397494497        3.79499331459149
H            8.10331223309290        4.03436811422551        3.08307533340476
O            9.27265266997170        3.11062388877875        8.70767282653794
H            9.43510103959589        2.25960736874074        8.29780390279213
H            8.53681628602381        3.50761618790191        8.23864867819403
O            7.41544970944905        8.34378177451052        4.55749251065686
H            6.49028849711111        8.22881845735503        4.28433721672759
H            7.72698257974615        9.09787316903733        4.05476069229687
O            7.44425350724118        8.87758014886168        7.30392485854215
H            7.46690368355254        8.65885464234474        6.35433152026273
H            8.30406821826800        8.64371369663789        7.66014698367445
24
 energy: -46.176698419051 gnorm: 0.032998577990 xtb: 6.7.1pre (5071a88)
O            3.92338206806617        3.98683768562368        2.47780369948092
H            3.12049169425819        3.45181901750016        2.49980802627125
H            4.60929905202077        3.43861963650794        2.06746016476983
O            2.73694779695373        3.66076118965125        8.39255104094983
H            2.29679000521716        4.21812206192450        9.03729631987866
H            3.20678438998931        4.25267509757050        7.80187239951131
O            4.80190624561210        8.20942054919865        3.32876029783447
H            4.79017917747297        7.78710655640947        2.46806797765511
H            4.11963287856857        7.79333747160976        3.84641034737374
O            3.68287408741434        7.62182195534685        8.57416324119596
H            4.34139425638804        8.09302454794894        8.05923799044607
H            3.84491920380390        7.85682096000716        9.49273336890307
O            7.69411253305232        3.17305238184425        3.08214741199264
H            7.04150157176956        3.13398541283337        3.77066965859706
H            8.04289908785235        4.05013551003627        3.08192519025782
O            9.28092487260355        3.12463784577162        8.70007675188971
H            9.41748649963834        2.24993181776009        8.30479520304458
H            8.53096203493857        3.51460395078817        8.24216173950164
O            7.40643830092995        8.32168350399931        4.47615706388497
H            6.48526596771641        8.18812993120867        4.22495079041663
H            7.69319149105226        9.10202424651573        4.00672286876224
O            7.40938599655363        8.86869503407731        7.36127584958254
H            7.43785969162481        8.68026779726480        6.40883223678586
H            8.28014634613541        8.64097634885841        7.70238306123959
24
 energy: -46.178221585206 gnorm: 0.021399482560 xtb: 6.7.1pre (5071a88)
O            3.96213451719432        4.00922072490094        2.49207783830175
H            3.16553137394048        3.47893016141383        2.48854781069080
H            4.65785232874498        3.47121931323544        2.09238350335149
O            2.74543888874868        3.69671177481151        8.37815137102785
H            2.30800320804390        4.24332250780906        9.03859478815144
H            3.22344366644549        4.30560973062826        7.80574503978549
O            4.81562293872063        8.19109454475667        3.35083095785219
H            4.82739389452112        7.73800507137072        2.49887460845834
H            4.13650087994351        7.76909050232591        3.87184908733704
O            3.71880149573658        7.60017794944325        8.54870541253337
H            4.40414067254874        8.05330378697088        8.04346118475688
H            3.87388512173480        7.82375306314662        9.46836222922483
O            7.62339084172517        3.18913566618414        3.06621487013554
H            6.99776464460091        3.17173291020514        3.78878092705810
H            8.02426426549898        4.05447517816299        3.07033247815737
O            9.26019445990047        3.11561381617601        8.70319655338142
H            9.43539479177643        2.27460453430504        8.29024520921716
H            8.50691246331615        3.51139661838163        8.25520086565868
O            7.42347360830658        8.30340097804323        4.50504732224388
H            6.50239217071830        8.16043824559626        4.24185126511550
H            7.70680956944258        9.10760557675900        4.06227769288064
O            7.32248757113636        8.84349376024630        7.32428066902473
H            7.35197258790181        8.67555969589206        6.37254653696758
H            8.20096928899071        8.63059439949994        7.65070447891385
24
 energy: -46.178363926051 gnorm: 0.050237645376 xtb: 6.7.1pre (5071a88)
O            4.02217213582153        4.03209475696263        2.51680214133712
H            3.22418606014992        3.50845647706196        2.49616516258601
H            4.71216368418470        3.52025953821766        2.09944681769662
O            2.77024341753953        3.74788932530686        8.38192204876327
H            2.31863591743124        4.29271041129604        9.02301806616044
H            3.24251169610190        4.35073134559789        7.80781333558791
O            4.85848419065989        8.12698464723579        3.38153740201084
H            4.83978083490310        7.70019522502013        2.52687422462176
H            4.14230798615922        7.74555261943804        3.89927188636154
O            3.79567293416961        7.54618813815879        8.51001351871639
H            4.47327953870453        8.01932209407122        8.02376153774299
H            3.91124754258203        7.79767993024685        9.43676922368151
O            7.49323981150203        3.21185213088132        3.01902302463944
H            6.94675706899843        3.23176695235516        3.83526838840682
H            8.03100322822917        4.04543218491318        3.05963577746660
O            9.24509446205110        3.11883373952282        8.70344892400110
H            9.41189487803113        2.27171994510514        8.29621110061441
H            8.50454430005772        3.51894814984998        8.25422115021817
O            7.44095257581994        8.29842541926011        4.54348767789228
H            6.52085437723751        8.16119294178795        4.26026418058404
H            7.72349912723973        9.08683455497586        4.08605897823484
O            7.22016910586787        8.81455851479833        7.30244897021748
H            7.23267106289328        8.66003011933680        6.34179735754268
H            8.11340931331068        8.61083134887423        7.60300180514467
24
 energy: -46.180589419272 gnorm: 0.019161911324 xtb: 6.7.1pre (5071a88)
O            4.05415559862887        4.05678228084616        2.51717653556053
H            3.26496328356758        3.51855026173761        2.50647188632938
H            4.75256011154947        3.54622521580213        2.11549921546686
O            2.77961097993834        3.77593299311221        8.37090345340718
H            2.32725430140631        4.30904143091627        9.02583120998911
H            3.25566467595088        4.39361018962178        7.81130011176549
O            4.87312062182624        8.10099330075151        3.39674938647996
H            4.85412017081036        7.66792118103594        2.54664515294679
H            4.14687922309784        7.73266849495305        3.91517073710547
O            3.81890916819487        7.54137144265862        8.49254345758022
H            4.52328345340017        7.98953027091225        8.01026335228481
H            3.94895182154809        7.76552329176937        9.41311309181619
O            7.51150045252654        3.22019618799761        3.05911514968640
H            6.89941855746798        3.23025156537471        3.79980780623981
H            7.94872068602422        4.07844804351437        3.04311434398646
O            9.24784862571327        3.12728417804437        8.69942146937912
H            9.39747084493849        2.26955472888820        8.29769010829719
H            8.49436001216977        3.51957913258942        8.25933862153775
O            7.44986473248254        8.28531178517774        4.54769778532754
H            6.53143615181310        8.14715741209227        4.25786778940849
H            7.73179776679679        9.09408597276964        4.11667350558099
O            7.16046663766770        8.80089152709070        7.28761525219408
H            7.17762500081540        8.64821784752294        6.33243299340950
H            8.04479237131807        8.59936177510258        7.58582028445108
24
 energy: -46.181522449496 gnorm: 0.047378486985 xtb: 6.7.1pre (5071a88)
O            4.11464524388312        4.10593087856253        2.51216991293849
H            3.32979371324303        3.55721516751471        2.51816741692017
H            4.83372193632018        3.56449446680363        2.15838163287420
O            2.80364540519761        3.82625720888353        8.35522256470936
H            2.33725727403263        4.33531069096539        9.02627274576658
H            3.28058138227408        4.47045100538188        7.81713255212174
O            4.83162786702461        8.12868724483143        3.39844904764239
H            4.89345753215040        7.57966755835570        2.58385508200555
H            4.18096726314264        7.68099827471191        3.94759993428455
O            3.90374125328841        7.49259505337817        8.44446647957796
H            4.62202932586717        7.95322207404450        7.99160672440056
H            3.97481324264327        7.74162877904999        9.38187500130115
O            7.44714933548486        3.24654885201599        3.04713245717821
H            6.84918972780059        3.23783017017879        3.79093936730790
H            7.86859558657303        4.10030447962181        3.04063419923337
O            9.24454533891603        3.13496382123769        8.69590721266706
H            9.39146652466359        2.28280934565123        8.28879777431572
H            8.46091464374904        3.51582392053716        8.27744241297741
O            7.46865175005853        8.25122484674027        4.51582988396237
H            6.55311497836712        8.10876309350615        4.23137872747388
H            7.73989220222790        9.11540941208113        4.15182235899140
O            7.04445136559015        8.75011405360049        7.31466444574504
H            7.05529897435961        8.65108312915777        6.34509428761441
H            7.96522338280309        8.58715698347860        7.57342047822262
24
 energy: -46.184333254175 gnorm: 0.033538236494 xtb: 6.7.1pre (5071a88)
O            4.16679582412464        4.13621941603435        2.51497283366479
H            3.38634088594698        3.58156427235926        2.52870425079191
H            4.89990359386983        3.58718849189682        2.18698479865866
O            2.81271304459959        3.86444534118576        8.33610032822815
H            2.35576920769367        4.35925998525952        9.03403381127040
H            3.30405826285824        4.52822650079529        7.82502145271763
O            4.86191536051714        8.07799374639273        3.41306836370226
H            4.86871413875180        7.57003680351091        2.59418079320825
H            4.20740090120613        7.65042581336019        3.97438693501206
O            3.94397872108667        7.49022187556169        8.41871956626078
H            4.69514803520980        7.91733717720047        7.97034258154460
H            4.04024287666182        7.69951603446771        9.34510339673349
O            7.37356663434053        3.26673547516197        3.02642615438737
H            6.80756317270859        3.25342927353580        3.79888616169030
H            7.81619995310365        4.11172740743133        3.03225137225560
O            9.22946799887612        3.13419513809876        8.69584104364710
H            9.38293138656083        2.28754276330686        8.28828027963537
H            8.44888843304603        3.51885502114019        8.28398048820453
O            7.47017346855709        8.25971916706787        4.52553056147469
H            6.55854703259752        8.11576343168064        4.22097161655172
H            7.73540051318863        9.08091704990788        4.12160601761312
O            6.96436336301936        8.72369204760927        7.32452274679858
H            6.99170216888223        8.63346672544680        6.36364116322935
H            7.87299027226209        8.57001155188619        7.58470598295444
24
 energy: -46.186797071198 gnorm: 0.012756551409 xtb: 6.7.1pre (5071a88)
O            4.20432297917500        4.14648570182610        2.52319026974400
H            3.42542363357215        3.58674803675206        2.53019980636561
H            4.93461189685594        3.60492554908829        2.20260685085237
O            2.82656081000772        3.89188999468673        8.32729602466498
H            2.36012989973412        4.35765284587525        9.02788312916364
H            3.30821728764390        4.57032694166825        7.84262619085359
O            4.86164631574887        8.05804962040928        3.40645141098619
H            4.85768287777909        7.54103739236016        2.59682178470241
H            4.20714422818720        7.65020258683234        3.97944551943457
O            3.99809561543299        7.46822847322357        8.39039961728890
H            4.75110243540570        7.90952608902300        7.97488835728020
H            4.04352789043956        7.69940427965060        9.32090603133248
O            7.28119739164328        3.29477124348438        2.99166426077118
H            6.80146335281168        3.26205807291550        3.82782657224398
H            7.80894886082155        4.09991615696718        3.02626301958602
O            9.23565332751671        3.14326377146157        8.68737334492226
H            9.37859481156432        2.28463965062803        8.28970980417089
H            8.44508820574985        3.51510567354428        8.29137317701233
O            7.45496451349713        8.26936884492259        4.54344629644416
H            6.56033614527345        8.10832252299201        4.19867749409062
H            7.73719694758336        9.08312829476867        4.12418471368618
O            6.91594991291830        8.69743814440399        7.32397134421327
H            6.97803904835660        8.61593039771853        6.35996406638907
H            7.81887686195146        8.56007022509492        7.62109361403656
24
 energy: -46.189794324056 gnorm: 0.033682068526 xtb: 6.7.1pre (5071a88)
O            4.27187651740754        4.17830514232838        2.52916372023737
H            3.51230859868937        3.58868602594396        2.53290323422062
H            5.02417669969215        3.65597408650356        2.25320179342232
O            2.85583116940587        3.94913986565453        8.31057478128022
H            2.36702699955881        4.35998542197713        9.02018063045972
H            3.32396406713700        4.65903901237902        7.87439797991472
O            4.86243660842216        8.01714322672503        3.38899470757527
H            4.83785474179207        7.47164365691349        2.60166514106170
H            4.21277888551487        7.64899557450111        3.99304315305104
O            4.09753532899438        7.43099104514711        8.33665150953077
H            4.86758510550573        7.87663993132884        7.97194124075620
H            4.06231378209149        7.69896366888001        9.26914891127229
O            7.16035403345735        3.31730759971060        2.96974697977562
H            6.75084473455260        3.29098078579087        3.84908781498584
H            7.74723443472567        4.09030564645030        2.99120063672909
O            9.25335562395475        3.16219791483973        8.66549943444164
H            9.36636812965060        2.27889332980106        8.29579081647207
H            8.43549292615612        3.50820372737719        8.30772650410029
O            7.42965406103550        8.28182818295953        4.56657105017347
H            6.55492011817443        8.10668503730813        4.17496294201320
H            7.73591472920100        9.08808727104057        4.13590345486016
O            6.81737493573310        8.65541741668001        7.32214604881242
H            6.94468149443656        8.56990696989188        6.35577449545856
H            7.70289152438279        8.53316997016315        7.69198571963174
24
 energy: -46.192628092767 gnorm: 0.035870147649 xtb: 6.7.1pre (5071a88)
O            4.33678669987553        4.22048342600841        2.52179261525436
H            3.60680700002133        3.58894962785480        2.53447920656297
H            5.12596594733325        3.71754115835864        2.31580771880132
O            2.89617143118287        4.01487678286079        8.28521212084713
H            2.36739680450054        4.34354243258861        9.01291866168476
H            3.34517473190366        4.77950046743199        7.92059156405939
O            4.86411882611482        7.97150908810493        3.36907045433873
H            4.81682758084959        7.38848591980151        2.60960482369529
H            4.22111551327405        7.64933993874071        4.00924040271223
O            4.17275424927606        7.42356867092777        8.27992009589975
H            4.98217446346973        7.83097359611228        7.95857539327461
H            4.11725618103115        7.66589227631162        9.21550080812379
O            7.10632254425482        3.31193389924535        2.99224984688234
H            6.66657613490300        3.32132227713390        3.83630213775529
H            7.64082047971499        4.10722753456548        2.94320255800467
O            9.26548756127546        3.17644925165590        8.64832419738521
H            9.36283018146189        2.28135722068137        8.29146237187295
H            8.42367294162445        3.49950357613974        8.32605275502420
O            7.40184143364930        8.29206370522707        4.58946555558550
H            6.54527281037129        8.10657034608826        4.15935368010029
H            7.72618460564597        9.09627138991842        4.15915825509673
O            6.72352591205700        8.61515634576504        7.32686529556884
H            6.88738744089716        8.51973639236741        6.36080978318961
H            7.59230377498474        8.49623518640431        7.74230239851699
24
 energy: -46.194569264726 gnorm: 0.033288552357 xtb: 6.7.1pre (5071a88)
O            4.38820732589168        4.27036053321157        2.49988535229520
H            3.69159263915132        3.59919635291016        2.53259309680305
H            5.22159826836013        3.77929126336844        2.37463311130966
O            2.94148346973891        4.08506293952501        8.25748610948544
H            2.36601396117882        4.32500538629739        9.00655248830911
H            3.37242742683615        4.91313249365865        7.97088110924777
O            4.86554887548639        7.92563622163892        3.35048821343778
H            4.80039174714665        7.29756340239445        2.62222813270046
H            4.23182880626315        7.64549287617038        4.02389028033368
O            4.22018159465789        7.40865070834646        8.23557273062059
H            5.06544078799357        7.77115625379060        7.92982812227940
H            4.17794407929782        7.62749392020616        9.16410453093525
O            6.99519520436626        3.33301788916293        2.97467306831573
H            6.64233444181953        3.34056229761893        3.87594784285976
H            7.56700000897657        4.10350195490193        2.89832587382557
O            9.26192198472324        3.17640723980805        8.64672638885480
H            9.37581339425581        2.29897780317245        8.27010897149278
H            8.41076842896920        3.49146519193591        8.34245306888921
O            7.37901455461849        8.29237852428016        4.60000635367910
H            6.52769501237975        8.11228165237715        4.16877034782992
H            7.70057208955095        9.10754130689319        4.19816767900906
O            6.66404977978747        8.58681774774456        7.34143847554404
H            6.80620022556612        8.47788453533617        6.38088751086262
H            7.52155114265592        8.44961201554576        7.74261384131686
24
 energy: -46.196114815875 gnorm: 0.029684679747 xtb: 6.7.1pre (5071a88)
O            4.41787348621846        4.30862628317479        2.52068045033863
H            3.72507109585076        3.64559777724921        2.52676458635007
H            5.24645447214970        3.83705719534823        2.35591089651286
O            2.94792566641315        4.14353839117789        8.27614174583323
H            2.40434458935579        4.42473776421416        8.99971138997461
H            3.39499873138654        4.92646436124946        7.96278178058882
O            4.86092813745416        7.88902256425210        3.34666604187111
H            4.80018639543294        7.23697738817352        2.63689779520415
H            4.23474610050638        7.61829432003263        4.02358504541485
O            4.25305087455338        7.32051646352763        8.22478799289142
H            5.06285385725410        7.72821841341045        7.89165566725198
H            4.18716406279566        7.61801182057059        9.13191482538356
O            6.98352450558125        3.32363209882179        2.99510008805803
H            6.62751811690426        3.34718202174085        3.88887480388962
H            7.52618720985917        4.10501011205222        2.88365396732087
O            9.25735956983525        3.17504578066375        8.64584685215002
H            9.38842749596687        2.31599034529365        8.25381836971690
H            8.39565921693538        3.48546642336711        8.35792495125351
O            7.36499872523058        8.28753124140249        4.60583221870646
H            6.51590853642547        8.10684175247522        4.17732389477264
H            7.67230258379895        9.11232304530622        4.23122963306453
O            6.65390102405606        8.57723913018627        7.35016632866880
H            6.76725000490170        8.46958368950367        6.39641145013751
H            7.50614079080633        8.41558212710173        7.72458192488254
24
 energy: -46.197815671987 gnorm: 0.045589651582 xtb: 6.7.1pre (5071a88)
O            4.42463359140774        4.37609626269411        2.51117689188956
H            3.75166675388187        3.69771847688407        2.53445614673238
H            5.25994120380904        3.92015839465351        2.34452269003667
O            2.99056966102732        4.22295455282048        8.25479439689936
H            2.41805062067590        4.45034041612808        8.98924922966611
H            3.43492943859698        5.04272374770783        7.99762007805159
O            4.85328884006089        7.83796614959986        3.34553267245255
H            4.79859050562207        7.16599965993503        2.65590036636687
H            4.22915536133588        7.57831895835745        4.02016975140926
O            4.28974912274509        7.18417157305913        8.21774485170226
H            5.04736290420657        7.66545059202631        7.85334570694909
H            4.16221792142729        7.61516706563559        9.09925948091517
O            6.99520441327416        3.30309250582009        3.02641071997807
H            6.61462519019816        3.35580854486936        3.89526604247070
H            7.50504615511113        4.09980359923578        2.87901553949821
O            9.25923346594929        3.18206032443336        8.63653892155270
H            9.39094844307451        2.32307172174869        8.24813568097905
H            8.38326863176354        3.48254547449459        8.37084710600627
O            7.34562539673385        8.28528799776079        4.62236914869777
H            6.51129551003535        8.08509061900198        4.15852448344749
H            7.64888402527008        9.11298725704383        4.25982198115013
O            6.63361691931729        8.58471255490268        7.34130066912691
H            6.77668853014521        8.47196147547034        6.39217754661251
H            7.47018264400433        8.37500258601215        7.75408259764690
24
 energy: -46.199390824867 gnorm: 0.049720496637 xtb: 6.7.1pre (5071a88)
O            4.42027661589864        4.45461413509198        2.48704685854803
H            3.76944755072535        3.75589878452444        2.54978131287388
H            5.26038000022126        4.00645744556291        2.32893987354409
O            3.03424232031361        4.30602908057353        8.24010811743434
H            2.43618869808129        4.49104509040750        8.98105806877787
H            3.47955045268974        5.15294662004984        8.03144606099612
O            4.84848877824017        7.77831361900548        3.34321409713313
H            4.79327511192469        7.08394122294411        2.67859867244360
H            4.21858003014617        7.54093398309395        4.01770657124996
O            4.22864719913282        7.16045032251397        8.20844403090332
H            5.01750419474786        7.57423069593206        7.81188797799778
H            4.20688290414127        7.50337586161483        9.08926831292825
O            6.99895259208631        3.29033740030834        3.04362744784442
H            6.62815660163779        3.36583175443311        3.91363939837209
H            7.50930010001942        4.08531742928912        2.87790837367150
O            9.26178933377540        3.19293752417642        8.62492624597556
H            9.38550235804901        2.32162995202135        8.25130144532725
H            8.38189995705018        3.48786805727959        8.37090186714128
O            7.32619924956748        8.27828156342562        4.63669143945353
H            6.50583793128701        8.06278195977626        4.13597732633831
H            7.62992925864302        9.11026654254073        4.28388671716958
O            6.60943840999274        8.59723708151630        7.32174658246516
H            6.81693054201805        8.48119715369508        6.37395970404207
H            7.42737505928338        8.33656723051924        7.80619619760804
24
 energy: -46.201791582949 gnorm: 0.036786098048 xtb: 6.7.1pre (5071a88)
O            4.42824290932746        4.52435560517521        2.44730410896159
H            3.79983516873232        3.79596918422704        2.56981666512713
H            5.29047047533155        4.06569320374375        2.35438334285993
O            3.05627524939897        4.37060746968500        8.24266236002056
H            2.46978855320132        4.56182582655271        8.97871991579874
H            3.50659716363222        5.20399644251489        8.03450213695137
O            4.85827485791811        7.71894307030472        3.32671746693774
H            4.77716771939999        6.97919296850118        2.69700492947463
H            4.21265814086558        7.54286006869359        4.03104698835056
O            4.23935473111141        7.10376877207803        8.19646590498548
H            5.01835685466753        7.52308010660697        7.78106618110754
H            4.22002207561479        7.46817556319712        9.06783363456914
O            6.95642099460540        3.30210599624932        3.03427175217514
H            6.64381954912336        3.38019623309064        3.94442829291897
H            7.50244535311098        4.07387157182793        2.86528830280759
O            9.26087010326048        3.20235455941731        8.61834602403461
H            9.37537509530969        2.31840966225224        8.25942132635887
H            8.38539141398643        3.49435500297274        8.36529522145744
O            7.31410450439205        8.25846878969584        4.62693108589588
H            6.48420199732123        8.07201760065117        4.15914590230228
H            7.61412567801194        9.10912390374884        4.30109268946682
O            6.57565478981197        8.49885308528159        7.33912196121330
H            6.78710954198104        8.48052076252291        6.38079453731830
H            7.41821232955625        8.36974506130536        7.78660196914651
24
 energy: -46.202341612293 gnorm: 0.051614239607 xtb: 6.7.1pre (5071a88)
O            4.50023614726228        4.57094937862035        2.52184239499982
H            3.81641296155667        3.92701804278448        2.55383964570573
H            5.29828964766675        4.10055873065460        2.31542700226563
O            3.08951616200152        4.43862730233663        8.23319785845156
H            2.50086669382574        4.61550069295248        8.97084424827776
H            3.54169545068190        5.27797723662573        8.04621709590454
O            4.85371135361337        7.64316473761252        3.34058796999535
H            4.77971665326506        6.92738853167482        2.70774610862065
H            4.20249256087670        7.45840731265711        4.02046503167690
O            4.26202433612944        7.02952604274629        8.18519226564907
H            5.02822625290901        7.45148846165678        7.74678263459244
H            4.21936645561439        7.46196834554921        9.04287593672388
O            6.90588771038060        3.33005283232990        3.01849515729995
H            6.64137104111592        3.38996256039832        3.95714990474486
H            7.49887702565479        4.06995815729516        2.87971406733810
O            9.26660423809712        3.21465091897835        8.60455153866408
H            9.36919176847249        2.32178827368856        8.26261202059795
H            8.37705239745664        3.49398649544627        8.37378330290617
O            7.29822134262361        8.25440622548789        4.63341768103959
H            6.47323332953574        8.05790249069908        4.17029544858323
H            7.58695770050840        9.10915082992989        4.30679374501001
O            6.55808217755164        8.47892312090518        7.35774065059582
H            6.72368427118287        8.43448977052993        6.40496226410489
H            7.40305757169207        8.36064401873545        7.75372872649261
24
 energy: -46.204563873372 gnorm: 0.032453942803 xtb: 6.7.1pre (5071a88)
O            4.49074273666802        4.65713535260526        2.47464351036979
H            3.83092211375614        3.97559861683240        2.56850873139825
H            5.32400274610537        4.17534760304699        2.35711981754291
O            3.10706178024984        4.47509605636285        8.22999408728500
H            2.52373205134097        4.65302121450179        8.96064914409850
H            3.56333627615196        5.30810528488866        8.05192229589218
O            4.84048522802254        7.59402447675817        3.33374586297744
H            4.78857470431122        6.83547599111347        2.73261760568089
H            4.20297247107565        7.41534752198753        4.02294599027224
O            4.27207491466032        7.00504632311108        8.17079803872907
H            5.04777230478204        7.40578079883360        7.73373214318471
H            4.21937887461581        7.45490871309890        9.02655998635738
O            6.92629709056077        3.32667705631406        3.03731238459288
H            6.60094036352507        3.39975910350885        3.92449416306864
H            7.51503552631840        4.06973131265449        2.91151196373689
O            9.26143551585743        3.21622434359808        8.60486700278607
H            9.37385143375773        2.33199333042106        8.25467612375454
H            8.37202595475884        3.49539031304922        8.37913115988024
O            7.27718660159687        8.26659895022893        4.65686888427380
H            6.47450418952949        8.02359858941548        4.14333020442924
H            7.56263092015109        9.10826478642002        4.30509748102429
O            6.53382607301278        8.48131388830294        7.35005247556248
H            6.71443867730435        8.40526845803068        6.40254423715238
H            7.37154670156174        8.33878242521116        7.77513940619150
24
 energy: -46.205369944434 gnorm: 0.037632549922 xtb: 6.7.1pre (5071a88)
O            4.49740004660342        4.73455142887978        2.45498802334310
H            3.83546221937027        4.04391441689762        2.59719884886546
H            5.33035608612107        4.23631541637179        2.36354412346991
O            3.11111232593276        4.45490217505878        8.22039459686193
H            2.51951143008147        4.62910060948305        8.94975843262377
H            3.56979499626687        5.29290516230033        8.05550561169363
O            4.84707280149343        7.53046296107988        3.33280234274810
H            4.78961769591784        6.74603577521621        2.75401291046776
H            4.19195294588217        7.38812388144674        4.02724806113174
O            4.28000499994626        7.06310591446254        8.15311901207545
H            5.08098118575582        7.43732143711030        7.74764893954605
H            4.22929928827055        7.45255727809184        9.02298836754082
O            6.90880569197244        3.33803106533766        3.03863684478534
H            6.60935093505724        3.41670153336487        3.94374165277028
H            7.53532221757177        4.06253881811435        2.90884721410048
O            9.27215706484277        3.22987197794542        8.58740059456449
H            9.36759764239408        2.33103115358675        8.25985388033123
H            8.36162922948696        3.49232399993810        8.38909004206997
O            7.27232567603637        8.24607150632048        4.63315654874672
H            6.45477987753112        8.01629450479995        4.16737380875789
H            7.53826266289894        9.10045846368633        4.28850170102023
O            6.50263030630329        8.45390866292572        7.32252196387638
H            6.75249368634285        8.39099963834383        6.37145474139480
H            7.33685423759625        8.33096272953198        7.81847443745725
24
 energy: -46.206233484397 gnorm: 0.036684343121 xtb: 6.7.1pre (5071a88)
O            4.50468237611185        4.79589391058233        2.46013393167861
H            3.82443566600646        4.12681715407968        2.59764188921606
H            5.32624414494060        4.28353757705133        2.35963730999589
O            3.11830045116444        4.44442740888701        8.21017063461098
H            2.51964390853634        4.61700998554735        8.94021125747657
H            3.57965290426441        5.28559138834524        8.05331979335450
O            4.85287854578261        7.47221376684247        3.34688915522266
H            4.79110398350178        6.69802928837029        2.76960872073547
H            4.18515159365812        7.33573186809919        4.02776496410791
O            4.26398587489155        7.07149200485668        8.16067028247004
H            5.05752828668782        7.45018555018038        7.74697653237522
H            4.22495469135383        7.45333034415940        9.02890021971933
O            6.90951589615040        3.35734728754232        3.03434268584316
H            6.63555536261422        3.41264929112912        3.95846262759435
H            7.55023057133385        4.06860627905791        2.92206833784546
O            9.23378764428356        3.21006636417751        8.62355745340712
H            9.36860812145564        2.33827519884023        8.25865471828509
H            8.39221702521172        3.51875320309024        8.35055755551422
O            7.26015550963772        8.23953510194296        4.63791773505834
H            6.45077985591544        7.97776871398951        4.16588658449846
H            7.50687036704726        9.09265576644317        4.27635852939104
O            6.53546835810605        8.46620351643281        7.32941746152409
H            6.72746055161164        8.38649274753998        6.37942398525533
H            7.37556355940610        8.31587679311079        7.76969033506198
24
 energy: -46.206055088122 gnorm: 0.047458052291 xtb: 6.7.1pre (5071a88)
O            4.52725456762288        4.81946969472735        2.47374050000927
H            3.81869919791015        4.19134357084564        2.57643176431300
H            5.33183647652955        4.29266391560117        2.35730790138457
O            3.12504919101137        4.44394018932732        8.20059918333530
H            2.52810775957503        4.61750742486642        8.93216881267588
H            3.58714107743150        5.28318386713158        8.04513825110459
O            4.84769698604546        7.45751862300255        3.35683463121532
H            4.80591210629068        6.65821201378037        2.79915230211778
H            4.19760423509077        7.30694090768646        4.04300320091542
O            4.25403499485643        7.05024245477366        8.17472596232457
H            5.02552663346025        7.45101739885933        7.74070820013860
H            4.21583654240307        7.46725590212482        9.03470915291400
O            6.90964293653150        3.38651075961400        3.02674488200279
H            6.64135670025861        3.40258611477888        3.95525116282408
H            7.55136914316408        4.09034643782740        2.94741181649064
O            9.28230001371048        3.24930665183130        8.56414722841279
H            9.35800840630308        2.33603787478530        8.26396650317796
H            8.34047195566889        3.49368382815474        8.40299900899690
O            7.24407546936138        8.23497354554700        4.64399960604740
H            6.44932099780577        7.93195947400427        4.14792608182169
H            7.47377431850620        9.08539070545491        4.26585382184212
O            6.56742296443016        8.47673540194425        7.34153299704016
H            6.70449813994862        8.39707436839055        6.39073151509300
H            7.40783443576354        8.29458938523318        7.72317821404698
24
 energy: -46.207237183341 gnorm: 0.021531472008 xtb: 6.7.1pre (5071a88)
O            4.54122069054077        4.81245903979518        2.46405134641957
H            3.81627275450571        4.20350294134433        2.57423730102978
H            5.33434537059410        4.26630141304568        2.35726796856412
O            3.12167922536467        4.43093475677236        8.19954176757652
H            2.53229794089709        4.61596378689634        8.92839159404437
H            3.58410913087147        5.26215287993908        8.03359150919261
O            4.84812613585226        7.46696807271847        3.37188684061894
H            4.81624403402347        6.67023598869150        2.81356075331006
H            4.20100327549536        7.30414668531656        4.05300098182573
O            4.26048406651857        7.05745932149590        8.17790264566655
H            5.02989679167276        7.46321650819219        7.74742113281982
H            4.20798946065863        7.48957787007517        9.03913093978401
O            6.91386443856174        3.40027910023505        3.03047002195026
H            6.61907338974547        3.41313235535377        3.93814526674683
H            7.56406841887434        4.10122381238788        2.96353044555845
O            9.24390491363322        3.22448595586967        8.60700252890697
H            9.36332106991027        2.34340007311293        8.25744246978604
H            8.36912636707743        3.51920589539759        8.36499732697652
O            7.24756836236223        8.21176414859865        4.61655591105262
H            6.43565736170436        7.93230844742217        4.16906114880746
H            7.46245592921022        9.07521862595273        4.25381279975271
O            6.55618201597328        8.47278426445839        7.32573636502263
H            6.73676637648482        8.40649757185824        6.37030645392749
H            7.38911772914311        8.27527099536677        7.75121718090367
24
 energy: -46.207066823151 gnorm: 0.032412224003 xtb: 6.7.1pre (5071a88)
O            4.54763680638164        4.83866649412256        2.42135935377759
H            3.82431831230905        4.22121376548653        2.59336130653405
H            5.34359264259276        4.27083956529003        2.36219660643967
O            3.13052141673123        4.43088222705454        8.19036755996165
H            2.53294748723244        4.61035237072569        8.91725306276508
H            3.59777357977393        5.26696728315460        8.03671724969854
O            4.86768211792044        7.43944444231065        3.38995491880038
H            4.80057106478996        6.66139222168658        2.82565607990491
H            4.18483144021054        7.31752346724257        4.06534416600041
O            4.26256355830055        7.07705990017502        8.17006490266127
H            5.04179200709316        7.47685673792545        7.75147547400183
H            4.21425094434276        7.47891836662650        9.03687773509737
O            6.89670373596962        3.41509749654738        3.03132261067139
H            6.63183968828458        3.42221421628830        3.95985533049359
H            7.56387359946749        4.10686294688230        2.95224555392645
O            9.24170119594892        3.23096804586402        8.60330192708661
H            9.35242735727563        2.34043580879889        8.26738729714550
H            8.37346917694764        3.52702472732892        8.35354853667138
O            7.24209448194287        8.22067382126370        4.64098197848767
H            6.45139587987542        7.88001834513670        4.14927829731953
H            7.44209498957755        9.06704028645216        4.23659572509406
O            6.54185460286577        8.45869150767774        7.32460235102802
H            6.73213194613666        8.40292610392081        6.36689615900667
H            7.37670721770391        8.25642036233538        7.76161851767124
24
 energy: -46.207649519282 gnorm: 0.017235448886 xtb: 6.7.1pre (5071a88)
O            4.54786047666165        4.83830019225639        2.43126982242884
H            3.82023721711127        4.22764977840114        2.57507400927715
H            5.34018945318914        4.28760117588708        2.34095556229474
O            3.14078467171628        4.43626532249723        8.18007069680380
H            2.53268942918130        4.60107973081722        8.91032836124054
H            3.60735111023575        5.28368225974965        8.04184436926429
O            4.85515226776896        7.45493372234014        3.39327203064657
H            4.81976288146826        6.64038777344516        2.85205348208504
H            4.19509161598733        7.31802499930010        4.08080244629347
O            4.25329871478881        7.07477774190707        8.17246651789255
H            5.03357366509952        7.47432231937639        7.75110431329751
H            4.21159583766541        7.47262473887183        9.03789405843472
O            6.91300251046297        3.41760322764452        3.04155474775748
H            6.63413013262090        3.42174557044508        3.95969363704629
H            7.56399731020270        4.11628211190817        2.95595197134970
O            9.24772164125323        3.24042108618176        8.59120404816549
H            9.34678206509890        2.34110266341206        8.27029249508482
H            8.36494698324312        3.52576638145411        8.35805224236917
O            7.23629792490197        8.20042209728997        4.62578411185323
H            6.42945274844323        7.89292778663252        4.17431376547415
H            7.43439409925334        9.05242840265157        4.23437959694253
O            6.55207482751800        8.45704405486943        7.32153473950068
H            6.72725444972737        8.39852950222871        6.36453377442656
H            7.38713321607599        8.24456787072928        7.74383190031641
24
 energy: -46.206440094293 gnorm: 0.048265718891 xtb: 6.7.1pre (5071a88)
O            4.53928788880529        4.83192084541546        2.41184212868213
H            3.80746110069896        4.22777002092511        2.54691651973058
H            5.34394274145412        4.27484102140579        2.35561891933703
O            3.13103466833689        4.41806252166701        8.18212292757885
H            2.55152745050687        4.61616769955922        8.90996288439388
H            3.59432489404745        5.23882427798198        8.00557575091548
O            4.84150751452024        7.47037328609046        3.43521366988841
H            4.83847640054557        6.71021233026305        2.86347750060036
H            4.20070907582297        7.26189727232473        4.08554742903111
O            4.24889099998443        7.08433808421225        8.18255224031202
H            5.03150944599655        7.48107667026356        7.75945066882126
H            4.19627453269148        7.50312506096690        9.04582040641583
O            6.91997955475158        3.43878100552145        3.03852573266969
H            6.64014310984206        3.42495319332075        3.95716697239994
H            7.58759548678276        4.12712302335457        2.97587499750615
O            9.25847285647707        3.25596805091564        8.57286539509458
H            9.34043805905491        2.34642999185915        8.27127201769857
H            8.34445103618630        3.52130992747655        8.37457533217865
O            7.24224074370911        8.17812621406697        4.60668121306536
H            6.41967795673493        7.88511536741506        4.20079809228925
H            7.42196925442811        9.03911650457301        4.22051494890078
O            6.56782859626895        8.46444805559121        7.31846248830987
H            6.72856145912404        8.39202063885015        6.36187586626262
H            7.39847042290670        8.22648944627525        7.72554859816468
24
 energy: -46.207774766515 gnorm: 0.017764864091 xtb: 6.7.1pre (5071a88)
O            4.55665716695827        4.83308154197952        2.42860864790777
H            3.81622502586422        4.24203962438590        2.54347258289577
H            5.34678430428864        4.28213763214149        2.33901858307077
O            3.13814649381509        4.42650885631031        8.17680066960588
H            2.55485773447763        4.61673966646817        8.90634288254788
H            3.60018711645184        5.25291374343776        8.00785339389284
O            4.84713710458398        7.46148683076572        3.41871859932228
H            4.82885525269251        6.64831246823297        2.87860568530944
H            4.19313654388097        7.30757194631071        4.10284468052923
O            4.25787338611698        7.07557438348727        8.17925880255003
H            5.03594853727393        7.47940452174700        7.75645382838333
H            4.19849425715419        7.50333575947386        9.04103731006412
O            6.90874505959072        3.44624966968225        3.03751112927156
H            6.63940124445463        3.42913691273025        3.96190511685948
H            7.58316566050007        4.13019813313258        2.97451959477461
O            9.24407015344570        3.24937718741564        8.58544655521821
H            9.34205897241081        2.35152694710436        8.26738562231044
H            8.35252402344100        3.52977696885581        8.36310103547745
O            7.23828188392326        8.18829482191247        4.62230667191592
H            6.43011230480294        7.85897462166794        4.18052581634619
H            7.41352471256366        9.04179465201387        4.21881686092159
O            6.55560075389822        8.45674642472919        7.31865961725290
H            6.72967503248862        8.39354832620072        6.36066127670226
H            7.38331252459788        8.21375887011083        7.73840773711709
24
 energy: -46.206773237208 gnorm: 0.043140138154 xtb: 6.7.1pre (5071a88)
O            4.55816577518603        4.87631177072380        2.37827587916524
H            3.82806698040557        4.27198250425728        2.56944591567909
H            5.34781644165617        4.30143601424407        2.34145609645909
O            3.16861078300735        4.45274770074216        8.15365739196226
H            2.54356324220082        4.59081756332065        8.88866231230840
H            3.63433595781947        5.32071712493198        8.04577210914037
O            4.85967610259530        7.41839924335606        3.43056214842055
H            4.80222723615197        6.62573745305321        2.88349513869617
H            4.16994553955740        7.30919231837276        4.10778214219440
O            4.24996116937875        7.06820410375218        8.17072801676402
H            5.02185541436823        7.48030580084780        7.74620771320513
H            4.21359389144464        7.46213861915435        9.03421809069476
O            6.93317904929628        3.43937827864451        3.05961277212646
H            6.63972014506065        3.43137524485998        3.96269860183355
H            7.56983117999717        4.14121880522740        2.97050397538437
O            9.24034855252059        3.25459964768104        8.57980938732680
H            9.33535115469530        2.35016522442653        8.27325719661401
H            8.35587428412129        3.53509477884021        8.35269795414098
O            7.23527021448194        8.17918693958409        4.62870231714539
H            6.42486620476239        7.85176468225904        4.19460861286073
H            7.40400131235834        9.03326063376131        4.22744402505214
O            6.54709192957845        8.41913580602915        7.31710320743550
H            6.72887143999302        8.39781329834810        6.35556070311700
H            7.38255124903788        8.20750695387960        7.73600099252158
24
 energy: -46.208105630469 gnorm: 0.010080488989 xtb: 6.7.1pre (5071a88)
O            4.55892401191105        4.86474091271289        2.39121142364278
H            3.82553619448941        4.26500113798438        2.54718630100488
H            5.35349672725007        4.30497710548439        2.33761196127642
O            3.15836074435640        4.44353607552807        8.16157353286670
H            2.56158921587227        4.61542093250896        8.89250183718986
H            3.62305321976170        5.28380380266699        8.01604474304224
O            4.83825295355414        7.44351397327043        3.43648700830659
H            4.82173804761246        6.63011638169898        2.90084371966077
H            4.18519002458230        7.29064854786873        4.11849145499463
O            4.25356433138154        7.07339086640353        8.17231409438493
H            5.03351297153738        7.47612894007840        7.75037845756659
H            4.20420841747449        7.48347999185441        9.03480622231901
O            6.91391744484804        3.45442932345217        3.04901007296005
H            6.64954262673923        3.43587820068607        3.97416760981590
H            7.58297424794969        4.13917928649388        2.97341673053132
O            9.24105851700922        3.25980352454792        8.57595297398541
H            9.33189290802267        2.35328312611481        8.27412609111005
H            8.34996158468471        3.53668227460370        8.35603462127417
O            7.23211795641105        8.17565615355431        4.62565214116767
H            6.42147645199428        7.84647395104723        4.19247860631843
H            7.39921358729405        9.02879485313569        4.22078827033720
O            6.55037911732015        8.43579935724897        7.31566654974083
H            6.72562693031573        8.38381243563714        6.35717665992386
H            7.37918701730363        8.19393935571494        7.73434161682813
24
 energy: -46.208005166183 gnorm: 0.017470241445 xtb: 6.7.1pre (5071a88)
O            4.56451148658180        4.84308004974925        2.39720661145541
H            3.82350536894660        4.25367371490124        2.52420413417080
H            5.35530688714916        4.29482748260226        2.32322239628124
O            3.15564404119422        4.42505242299575        8.15589682045534
H            2.56566407975648        4.60429670146480        8.88764804440261
H            3.61647227131888        5.25997882333900        7.99927850779774
O            4.84786292328305        7.44416202499134        3.45688574870653
H            4.80254222704266        6.64849196847529        2.91083674638942
H            4.17129863163058        7.31742806710546        4.13584067825633
O            4.25245926668666        7.09211963743357        8.17607942418878
H            5.03867155671735        7.48644649424329        7.75856542560097
H            4.19559171743154        7.50829304745110        9.03949388339756
O            6.92276479518550        3.47052518076380        3.05053980773448
H            6.64188030952615        3.44347067626290        3.96275858739250
H            7.59953947158175        4.15048443513267        2.99252548729612
O            9.23898945073634        3.26682388712772        8.56993418158467
H            9.32944256039128        2.36092351254638        8.27021367242736
H            8.33868889029511        3.53789718146844        8.36098926761130
O            7.24043657464674        8.16583241947261        4.62310114287009
H            6.42676876581780        7.82967609655730        4.20093990080891
H            7.39433258141799        9.02135326220172        4.21446949579578
O            6.56020193335386        8.43767428611249        7.31564600965616
H            6.72538476723519        8.37670006358902        6.35700018619496
H            7.38681469174915        8.17927907430948        7.72498653977426
24
 energy: -46.208305152907 gnorm: 0.008938132590 xtb: 6.7.1pre (5071a88)
O            4.56655744304997        4.86209110994012        2.36881935676704
H            3.83081809956994        4.26775101941537        2.52348877865969
H            5.36318303837728        4.30449520835030        2.32991489597660
O            3.16677242648175        4.43504255436230        8.14688609009058
H            2.57228407045574        4.60688020211006        8.87900044589037
H            3.62789428108044        5.27446939512530        7.99936778887119
O            4.83418998997210        7.44093297104749        3.46580592825211
H            4.80624772458598        6.62984828166229        2.93112962945772
H            4.17076723766748        7.30461769995514        4.14840441831425
O            4.25383476590600        7.08205723419352        8.17449636374779
H            5.03445563288012        7.48328430829374        7.75329279634882
H            4.19596574593516        7.50563512781620        9.03501732582097
O            6.91991464288260        3.48237639310884        3.05225969523301
H            6.65627614558848        3.44291195113791        3.97516983599067
H            7.59464367258025        4.16064269633147        2.99298210661836
O            9.23365789554838        3.27234099099319        8.56666341246957
H            9.32452700410413        2.36557347937235        8.27123082544329
H            8.33559377595654        3.54360021204394        8.35742069104392
O            7.23516751083519        8.15723975996399        4.62342059319495
H            6.42079720332897        7.82045037046454        4.20357528439894
H            7.38476042668995        9.01321097026452        4.21592480746701
O            6.55811058431305        8.43172887593532        7.31282845352245
H            6.72792925290309        8.37257621370604        6.35409695139667
H            7.38042667898305        8.15873348470340        7.72706622527419
24
 energy: -46.208318332690 gnorm: 0.015186818262 xtb: 6.7.1pre (5071a88)
O            4.57003101259577        4.88674870689145        2.34697780079093
H            3.84351351768738        4.28196669317090        2.51809891441317
H            5.37137958058174        4.34133112088507        2.31489623300074
O            3.18511262693844        4.44566524595801        8.13049697860791
H            2.58559049752649        4.60659465325377        8.86466153517012
H            3.64404940862648        5.29256495231130        7.99453935122111
O            4.81266202601071        7.42772351879633        3.48873066197522
H            4.80233522528959        6.60981755569063        2.96174089440905
H            4.16176851446719        7.27888093024906        4.16920812788231
O            4.24937212669413        7.08585863081353        8.16823582531169
H            5.03563601582727        7.48156167074801        7.74954758565296
H            4.19662942623229        7.49803442869634        9.02828692114209
O            6.91790644508142        3.49956153918222        3.06140016780559
H            6.66248613575030        3.46226598376802        3.98588961921475
H            7.61617767353680        4.16356733678079        3.00233649772731
O            9.22512612254036        3.28719977251241        8.55625058062701
H            9.31065094083247        2.37178801011876        8.27885937731610
H            8.32967268074703        3.55581505078691        8.34760358501337
O            7.22908676309313        8.14361635823376        4.62823147683814
H            6.41554955044996        7.79856878573788        4.20654539299850
H            7.36971116023349        8.99869052735409        4.21786251923372
O            6.55278449305061        8.39201296363074        7.31376937136767
H            6.72925664023967        8.36788605483813        6.35119931820203
H            7.37828666564304        8.14077001988973        7.72289396433049
24
 energy: -46.208586911766 gnorm: 0.010575973754 xtb: 6.7.1pre (5071a88)
O            4.57229274158250        4.90184305970911        2.31779460682120
H            3.85428369407661        4.28926941739032        2.50013690375247
H            5.38357564614054        4.36403918562521        2.31185261831254
O            3.19804803919165        4.44815127194268        8.11734550393092
H            2.60210312265802        4.60893791061020        8.85124692945016
H            3.65414907391396        5.29358793888493        7.98076730887480
O            4.80369137424843        7.41198940805956        3.51341982358040
H            4.78205442779340        6.59141159492594        2.99087162628221
H            4.14364675074204        7.28368330526276        4.19605658042079
O            4.24444551128563        7.08639899251799        8.16629845023178
H            5.03448605611888        7.47768250821916        7.74883641237801
H            4.18758316790397        7.50543405597106        9.02379964346123
O            6.92793983368008        3.52071349841528        3.07159309932039
H            6.68333034365800        3.46781152572654        4.00111305027577
H            7.61735568661707        4.18547710399600        3.00784813941205
O            9.21657923454891        3.30340113631214        8.54364774974778
H            9.29905807567759        2.38289519180963        8.28035498729576
H            8.31639221309210        3.56575694163481        8.34463486401789
O            7.23031385286463        8.12267679158800        4.62543842363325
H            6.41001126645148        7.78208103225251        4.22080914810481
H            7.35858220429245        8.98193388564969        4.22021795570567
O            6.56268487186082        8.39773049380079        7.30740388822221
H            6.73362435282412        8.34545134001520        6.34761659324546
H            7.37854370845326        8.10013291997857        7.71915839377622
24
 energy: -46.208727923643 gnorm: 0.016952902273 xtb: 6.7.1pre (5071a88)
O            4.57883563522843        4.88944840863577        2.28345472491145
H            3.86309586366981        4.27938222631194        2.45495362633905
H            5.40091372114026        4.36011369148991        2.31254882893358
O            3.21199661831948        4.42825718945767        8.09399323653837
H            2.61448223581537        4.58385124430785        8.82874674630991
H            3.66236126415172        5.27782484815092        7.95990955188329
O            4.78475199513111        7.41570701486168        3.55652508294318
H            4.75035478879080        6.59722256507577        3.03283770516832
H            4.12123073035650        7.30132846493816        4.24239251534680
O            4.24101035895285        7.10738310050904        8.16572191639239
H            5.03045371251442        7.50114169542328        7.75457438896339
H            4.17432229198894        7.53372688054327        9.02216598576294
O            6.94485061862298        3.56213655207898        3.08167439582802
H            6.70394972981760        3.48270797187485        4.00980111550767
H            7.62913303739039        4.22374304524709        3.02676343630752
O            9.19687974961184        3.32126586665763        8.53198710094283
H            9.29151491366251        2.40980013907859        8.26607125779196
H            8.28994611135140        3.57840780844034        8.34736315094101
O            7.23589827658397        8.09606708032166        4.62288876490486
H            6.40864731439400        7.75068048742691        4.23354039394114
H            7.34547363020769        8.95898500756409        4.21863015762992
O            6.58076252384935        8.38078085937075        7.30599141169114
H            6.74389281047368        8.32171919161979        6.34580734105046
H            7.39001731765100        8.05680917091322        7.70991986422716
24
 energy: -46.208964992003 gnorm: 0.015236857261 xtb: 6.7.1pre (5071a88)
O            4.59151928393164        4.90820056554445        2.25542163805409
H            3.88747716465119        4.28624110180820        2.44223149222729
H            5.41969058492615        4.39789589885652        2.29448598332772
O            3.23575667573394        4.43693919950978        8.07144711605286
H            2.63892412128594        4.58497484844352        8.80709017271249
H            3.68009450897643        5.28929975017926        7.94233466505396
O            4.76445186828669        7.38992730252099        3.59361225627613
H            4.71266140593301        6.57290994001207        3.07128730267167
H            4.09775824343917        7.29424316607062        4.28267698581791
O            4.23621916641794        7.10042399812595        8.16068630354819
H            5.02734657384132        7.48992052049310        7.74837380499187
H            4.16023246924538        7.54768374604142        9.01148012321856
O            6.94560833884374        3.60117143773462        3.09131858471745
H            6.71278614027172        3.51697116418656        4.01830726012732
H            7.66249538364736        4.24090191584671        3.04788485447794
O            9.18269101407988        3.35176804757012        8.50741166195120
H            9.26969684404809        2.42692267606019        8.27301558392399
H            8.26703669149207        3.59516810176878        8.33877663951233
O            7.23600852443306        8.06397604618924        4.61861135510340
H            6.39976430881292        7.72566694616016        4.24856687498975
H            7.33048941068391        8.93510189102967        4.22725398400363
O            6.59126037429037        8.36145433240574        7.30374524986313
H            6.75359364653895        8.29274991993193        6.34420614091874
H            7.39121250586645        8.00797799380954        7.70803666671777
24
 energy: -46.209259806169 gnorm: 0.004615868227 xtb: 6.7.1pre (5071a88)
O            4.58366652205207        4.91021145323416        2.25024154579784
H            3.88713792946872        4.28175827752597        2.44522290147043
H            5.41715347864516        4.41540012882183        2.31405258767189
O            3.26202554617697        4.42886746094304        8.08027756169963
H            2.63670652478858        4.57016981758610        8.79406825369952
H            3.67565176213464        5.29579749849627        7.94377931069225
O            4.76083970710788        7.38233083908619        3.60123771853381
H            4.70122254097950        6.57814108992762        3.05698687269174
H            4.09318413201933        7.28004201036810        4.28335833278956
O            4.23135536925788        7.11151368307851        8.15530796996011
H            5.03434504916197        7.48607948734879        7.75118596942952
H            4.16231092799933        7.54769953688450        9.00713271799699
O            6.94543491061612        3.60716131701451        3.09931120433556
H            6.72142149398522        3.52306133725593        4.02817515078931
H            7.66341385353472        4.24242243135946        3.04832250659962
O            9.17353490140401        3.36452642894555        8.49080719831352
H            9.26387442952523        2.43700156651667        8.26697119960371
H            8.25573291834722        3.59885932261815        8.33817994264522
O            7.23627889561282        8.05671581908966        4.61939259537745
H            6.39826380569167        7.72250679221341        4.24556889166591
H            7.33983560862766        8.92597659704980        4.22691112278034
O            6.59516072242405        8.35109202860996        7.30640208980752
H            6.76224718438863        8.29680844078239        6.34576983630204
H            7.39397703572831        8.00434714554166        7.70959921960645
24
 energy: -46.209518981975 gnorm: 0.007629021057 xtb: 6.7.1pre (5071a88)
O            4.56819686547671        4.91524034538594        2.24267690868532
H            3.88460478330823        4.27582890583670        2.45061947529198
H            5.41145628598793        4.44530730261372        2.34582756646108
O            3.29992518962205        4.42087772917702        8.08235682815595
H            2.64164679514965        4.54018205835945        8.77243587583506
H            3.69002921192654        5.30149822080884        7.96228156995494
O            4.75253555537556        7.36980816912233        3.61006031352878
H            4.68423879170653        6.58540457658592        3.03448268665450
H            4.08756096882800        7.25232545955280        4.28812961397932
O            4.22260497719407        7.12994594250458        8.14284054121813
H            5.04065095552916        7.48616384591307        7.74977522704748
H            4.16244686903136        7.54990491593596        8.99916891370728
O            6.93896245010968        3.62758482604307        3.11731398588720
H            6.74174176696562        3.53670992817383        4.05185223567127
H            7.66752880086952        4.24731921798927        3.04987358472322
O            9.15523786315486        3.39034056175900        8.45604586230451
H            9.25119487376332        2.45739285922246        8.25561610939518
H            8.22936599081630        3.60684103502392        8.33807390651404
O            7.23711160453027        8.04179784351611        4.61852863949819
H            6.39277293832182        7.71671472527744        4.24643145849258
H            7.35477554832191        8.90800499809041        4.22373047622702
O            6.60673001805460        8.33724621451085        7.30960596581060
H            6.77201125086627        8.28555434087002        6.34786618223641
H            7.40144489476855        7.99049648802312        7.71266877298108
24
 energy: -46.209776137216 gnorm: 0.012644478790 xtb: 6.7.1pre (5071a88)
O            4.54933550055162        4.92209007170098        2.23378595568604
H            3.87918325656397        4.27261909862982        2.45647135976951
H            5.40200116041783        4.47939829513407        2.38466410193425
O            3.35150880250710        4.41119504322318        8.08508848104502
H            2.65928004982715        4.50293084328328        8.74820487556853
H            3.71358062135486        5.30731635340543        7.98257024952999
O            4.73835988468462        7.35646204589396        3.61607472988172
H            4.66871658037272        6.59050730822429        3.01477356948397
H            4.08213628950174        7.21577478137216        4.29712489199463
O            4.21536901998724        7.14685280161686        8.12943634780550
H            5.03861354933933        7.49534517990691        7.74081488584347
H            4.16271214634098        7.55210896327188        8.99176087724566
O            6.92749330345536        3.66101825881796        3.14471253967821
H            6.77084365796940        3.56089355060747        4.08746604012697
H            7.67377408245350        4.25706283787113        3.05234649890123
O            9.12885236895512        3.42783701318575        8.40494328085860
H            9.23331146077765        2.48815095792258        8.23751543276435
H            8.18914095035016        3.61723061824375        8.34094134350224
O            7.23496595286991        8.01797937844373        4.61575188699357
H            6.38259497926363        7.70715007281501        4.24705374098606
H            7.37203622028847        8.88024471144932        4.21820875573661
O            6.62226433704744        8.31564562960402        7.31234848920394
H            6.78444289758059        8.26495760675206        6.34987551445597
H            7.41425817721937        7.96771908891650        7.71632885126677
24
 energy: -46.210075316607 gnorm: 0.013629910442 xtb: 6.7.1pre (5071a88)
O            4.53098931886709        4.93039921812592        2.23283756916493
H            3.86957392735043        4.27468724309318        2.46096847372504
H            5.38676880612511        4.51077194941130        2.42610782930502
O            3.40898404995939        4.40553978109364        8.07699051943210
H            2.70292260840923        4.46319274656102        8.72496087612520
H            3.75441866279563        5.31039572919051        7.99941811340012
O            4.71652385185621        7.34451069771905        3.62158764581131
H            4.65217172642762        6.59507644618350        3.00118381269905
H            4.07751876860274        7.17083869577412        4.31380069532227
O            4.20149852964148        7.16863731543269        8.10790884611902
H            5.03227114630513        7.50599940631630        7.72556593055120
H            4.16330074721572        7.55073401971897        8.98334130200916
O            6.91380018726914        3.70792586514289        3.18415141851505
H            6.80365515290849        3.60221342382882        4.13465482939074
H            7.67900363304981        4.27669104373296        3.05930085340722
O            9.09393641110550        3.47313398998008        8.34203706554045
H            9.20859766735711        2.52648014161178        8.21638864956025
H            8.14168082655107        3.63171533114006        8.34154504327477
O            7.22854306027962        7.98429159250546        4.61049502124816
H            6.36676601261417        7.69188854978882        4.24771141249226
H            7.38855156706389        8.84134242933807        4.20947371563961
O            6.64303903982615        8.28834567402360        7.31487175885074
H            6.79971182707324        8.23250792096369        6.35220647913063
H            7.43054772102742        7.93117129961108        7.72075483955083
24
 energy: -46.210477138809 gnorm: 0.012498367777 xtb: 6.7.1pre (5071a88)
O            4.51613603552376        4.93709026617708        2.24079855629192
H            3.85619518210527        4.28122304689025        2.46584117921107
H            5.36836250688299        4.53193700876939        2.46508249734628
O            3.50031016561157        4.39508844384352        8.07193964663191
H            2.75011699684881        4.42685451783209        8.67658474752190
H            3.79334087584375        5.32173158413577        7.99078742871095
O            4.68952312837171        7.33637661262536        3.63067690166224
H            4.63205955824023        6.59901154669541        3.00091666153986
H            4.07255530124019        7.12764793265190        4.33927483754726
O            4.18881530670583        7.18755255699284        8.08306063054814
H            5.01747706120522        7.52579297617125        7.70126624698244
H            4.15768559747455        7.55369042747666        8.96912409408407
O            6.90602928992837        3.75958263872035        3.23297669233631
H            6.82517114610681        3.65927353573779        4.18497956447027
H            7.67658360387694        4.31377581296326        3.07913552513766
O            9.05888380169240        3.50726024621877        8.29398874378877
H            9.18184336963908        2.55825431942748        8.20227831244039
H            8.11037650209848        3.65285831734817        8.32305181015237
O            7.21725820952625        7.94488933482916        4.60428390986752
H            6.34594378847567        7.67067510435059        4.25260281613004
H            7.39579854820866        8.79622136651212        4.19914672817466
O            6.66815180720831        8.25855371890879        7.31859736488804
H            6.81747873337025        8.19422213235388        6.35621882370423
H            7.44867873349775        7.87892706265353        7.72564898109969
24
 energy: -46.210790534540 gnorm: 0.021015300815 xtb: 6.7.1pre (5071a88)
O            4.50575988686030        4.93729351872626        2.24827403364346
H            3.84163894101454        4.28646016974614        2.47054184439428
H            5.35196788921910        4.54242946621964        2.50236607382149
O            3.56902429726291        4.39860548706462        8.03907058117298
H            2.83558031818141        4.41419163858914        8.64050830759015
H            3.86081641302565        5.31731361365209        7.96112983212447
O            4.66621491944177        7.32808044975854        3.65306086385315
H            4.59859706196407        6.60249551915300        3.01472042299568
H            4.06065526010834        7.10101119762242        4.36644144322548
O            4.17798135270918        7.19548752206530        8.05479701537257
H            5.00410417712976        7.53644724198792        7.67382047602838
H            4.14069367229720        7.56239280446087        8.94161591875863
O            6.90768714878204        3.81499765711822        3.29226974220755
H            6.83584420000968        3.73112496403240        4.23954395795410
H            7.66428197323893        4.37337032644290        3.11529814798813
O            9.02015173603759        3.53894543911585        8.24564017185531
H            9.15297264128925        2.59312373352653        8.17963419235580
H            8.07808840248151        3.67742543580992        8.30859002747323
O            7.20535740929730        7.89774303834780        4.59819638367509
H            6.32706706231536        7.63785670421756        4.26059095811012
H            7.39190042436287        8.74402450620631        4.18974050173848
O            6.69431125045221        8.22335040913429        7.32262875849723
H            6.83862697555910        8.15283345643565        6.36102361978953
H            7.46545183664436        7.81148621085002        7.72875942564611
24
 energy: -46.211423953958 gnorm: 0.018487993222 xtb: 6.7.1pre (5071a88)
O            4.49211260068932        4.93579872428067        2.24625230877859
H            3.82752334171379        4.28671192676700        2.47400033508994
H            5.33730602524867        4.55879915289101        2.54318184626442
O            3.68671509494195        4.38707134248745        8.03980360746598
H            2.89262034503938        4.38361359061839        8.58100706927381
H            3.91591436450416        5.32778791875374        7.94562798936124
O            4.64615661342728        7.31594080582335        3.68185292432605
H            4.55753371314800        6.60823097049961        3.02190451834337
H            4.04406149016760        7.07698055111789        4.38993497503019
O            4.16136660467253        7.21220823965942        8.02856538906392
H            5.00530220450461        7.52845480120516        7.65903691151270
H            4.12761453280499        7.57668965886025        8.91644972308015
O            6.89979266935804        3.87744294273050        3.35652573012831
H            6.86553745935629        3.80697907370577        4.30878339805613
H            7.65437853205233        4.42738122017903        3.13905411053354
O            8.97332342629712        3.58955745436840        8.17146251290566
H            9.12457720573043        2.64450094431318        8.13939625482670
H            8.02141552598531        3.70026254758452        8.31067886098503
O            7.19825320340405        7.84428677751926        4.59178563040085
H            6.31214708294762        7.60075034262508        4.26573174618413
H            7.39372316971135        8.68670369761604        4.18174806636683
O            6.71716308388745        8.18248450151061        7.32411474553334
H            6.85930525436278        8.10838562347788        6.36297359261958
H            7.48093170573136        7.75146770168543        7.72839045414444
24
 energy: -46.211599595387 gnorm: 0.028819375600 xtb: 6.7.1pre (5071a88)
O            4.47964504740605        4.93328109588493        2.25591306863790
H            3.81222805711119        4.28390475137630        2.48177054939832
H            5.32260841789859        4.56642136478684        2.56461529365730
O            3.78550582714652        4.38481430858102        8.01924279310800
H            2.94705427979016        4.36284488398586        8.51498805345723
H            3.97242636577158        5.33868958743849        7.91792358289925
O            4.62097215896268        7.31338982146548        3.71436639548770
H            4.52234166933669        6.61409411910059        3.04280795667530
H            4.02350519624724        7.06496922837125        4.41896246861848
O            4.14593928173234        7.22510001480461        7.99843429874750
H            5.01690093244655        7.50823008312229        7.65045374125894
H            4.10515123862480        7.59830579625693        8.87997153969770
O            6.87664023929377        3.94076831364151        3.41759792641507
H            6.90275516364996        3.88042979231893        4.38470736736013
H            7.63774254512910        4.47572607633549        3.15037153662276
O            8.93586779821682        3.61744140980455        8.13567750907710
H            9.10833710501432        2.66968175703096        8.14362815618221
H            7.99697929224477        3.72277439396117        8.26601923295089
O            7.19399420900311        7.79222666654246        4.58739301289274
H            6.29581439744312        7.56721641165627        4.27596637683608
H            7.39364191102161        8.63415345507435        4.17769222537343
O            6.72914125805568        8.13768472481911        7.32359656704479
H            6.87843869165515        8.07505667872590        6.36244682230899
H            7.49114416648583        7.71128577519427        7.72371622557027
24
 energy: -46.212423705272 gnorm: 0.011718997272 xtb: 6.7.1pre (5071a88)
O            4.47656606595465        4.93260622114338        2.26391487421335
H            3.80775794138768        4.28297850185223        2.48816297309323
H            5.31807509960158        4.57146582753349        2.58063081331846
O            3.81983556619256        4.38896253484824        7.98900070855654
H            3.00728130173806        4.34615562376922        8.50213223795564
H            4.00990784017317        5.33931919013796        7.89803034996718
O            4.59551072541706        7.31727082262699        3.72500837539574
H            4.51259898230559        6.61525390957259        3.05806969590300
H            4.01867621026646        7.04536171774672        4.44534843581005
O            4.15146532828036        7.22133703921128        7.98464434216085
H            5.01839146812642        7.51001429023304        7.64006829327176
H            4.09423162960361        7.60730955093185        8.85792390403025
O            6.88481278363653        3.97557640049977        3.44778135900811
H            6.89032262145804        3.92315379010141        4.40695583376146
H            7.62606658282362        4.52739268002218        3.19224247042885
O            8.91093497085525        3.64030976284170        8.10140319717010
H            9.09482536039846        2.69444934701794        8.12344475522524
H            7.96964954395170        3.73521669911231        8.26584905601501
O            7.19010282749594        7.75632467459225        4.58372203693964
H            6.28222255632375        7.54695687237680        4.28031043983391
H            7.39757899582710        8.59826482133687        4.17425162418682
O            6.73564040301973        8.10915130076927        7.32104249585503
H            6.88712939294065        8.04926312220073        6.35941508566018
H            7.49519105191059        7.68439580979944        7.71890934251971
24
 energy: -46.213106851481 gnorm: 0.020810529896 xtb: 6.7.1pre (5071a88)
O            4.46352909375482        4.93188772408591        2.27459731319971
H            3.79475564111538        4.28354990451841        2.50361449047649
H            5.30399523471936        4.58662541766881        2.62866046120801
O            3.92317017343940        4.38997637006771        7.94491162466580
H            3.10618255337112        4.32483967651617        8.43984693502810
H            4.08386561006899        5.34512762497209        7.84795735654500
O            4.56406290043302        7.30865816638011        3.76008100622023
H            4.47536111414237        6.61052467010187        3.09109871718485
H            3.99896308414686        7.03029761156449        4.48329796929674
O            4.14997069535764        7.23046456587898        7.93825342321094
H            5.02421628477673        7.51706485940557        7.61635017729131
H            4.07198209235974        7.61713953106528        8.81227603136041
O            6.88386840699148        4.04875685777688        3.52284186844452
H            6.88685805860137        4.02964831342331        4.47730916978971
H            7.60344837993396        4.61593957197335        3.24891873325499
O            8.87028375753829        3.66536474046028        8.05589869636355
H            9.06626921780419        2.73747691828165        8.06390879965140
H            7.93525770864464        3.76422074525815        8.27477131681380
O            7.17932959868056        7.69083679140484        4.58102144454242
H            6.26650249292108        7.49317757811720        4.28890318605185
H            7.38956830899403        8.52905595882286        4.16515617761271
O            6.75727549127621        8.07306028002892        7.31876126115749
H            6.89944950300929        7.99369845581736        6.35659051151413
H            7.49660984760965        7.60109817668702        7.71323602940021
24
 energy: -46.214180790501 gnorm: 0.020810150556 xtb: 6.7.1pre (5071a88)
O            4.45743105989818        4.93117946583795        2.30554745588466
H            3.78569860215113        4.28275863734249        2.52302880260979
H            5.29137051441474        4.59263918852114        2.66181334272364
O            4.03170397685939        4.39036790607456        7.90472440635551
H            3.20751838087860        4.30318130110077        8.37903211454326
H            4.16709115557494        5.34693305483595        7.80566733245469
O            4.53314260651574        7.30157837795769        3.80060321297040
H            4.43879812004611        6.60713591346030        3.12697796575661
H            3.98240181035478        7.01634839187461        4.52806011216684
O            4.15545970069836        7.23329926502965        7.89104316645523
H            5.03857299028872        7.51725067618385        7.59603402992955
H            4.05037428821839        7.62533116287858        8.76244586105421
O            6.88189150358625        4.12682469198575        3.60064563574067
H            6.88107593525417        4.15253886064301        4.55223657321582
H            7.57311332653140        4.71762384231343        3.30441511285932
O            8.81135094444751        3.71816215209082        7.98551819122663
H            9.04143464864112        2.78847261079803        8.05098390756356
H            7.88020355160668        3.79066115861954        8.23681084396611
O            7.17080740455339        7.61428066691423        4.57649270267716
H            6.25275344922390        7.43030122523292        4.29602532479476
H            7.38194851960774        8.45042960878894        4.15699628820656
O            6.77623659468520        8.03190142095745        7.31130718258188
H            6.91017478900442        7.93261936774840        6.34856210008853
H            7.49422137665138        7.51667156308432        7.70329103446350
24
 energy: -46.215058293341 gnorm: 0.038592231618 xtb: 6.7.1pre (5071a88)
O            4.45887209844500        4.92994316338940        2.34401306167837
H            3.78684264867284        4.28007063502870        2.55634021446449
H            5.28947317550057        4.59291636821766        2.69539574409108
O            4.12661831914185        4.39684745880375        7.85277320022367
H            3.29553533490411        4.28756509242932        8.31010801649063
H            4.24097585712373        5.35166101408917        7.75680708693845
O            4.49888987700647        7.30329310731316        3.84283070123936
H            4.41532320094347        6.59975753296373        3.17406211304562
H            3.97981770511148        7.00592357841067        4.59203111521841
O            4.16860205919907        7.22630411080508        7.83388902203571
H            5.07144290173136        7.50052662932436        7.58363759060148
H            4.02328716901911        7.63035760190668        8.69711810014882
O            6.87896135426493        4.19753916370772        3.67501607528729
H            6.85747815683122        4.29992963794814        4.62807088237411
H            7.52001700982971        4.84174496876601        3.35811774389482
O            8.75987373308850        3.75567575418843        7.94199455671201
H            9.03073570124877        2.82396536518193        8.06862648625701
H            7.84483178746190        3.81237085957980        8.16838400388654
O            7.16431562622340        7.52524688879897        4.56736823678850
H            6.23548842009941        7.36070534416064        4.30565960556251
H            7.36863245041110        8.36581452379958        4.15229552860072
O            6.77780633237662        7.98020988684720        7.29117707724535
H            6.91807532266435        7.88340536972165        6.32815369420190
H            7.48287900839458        7.46671645489238        7.68439284330618
24
 energy: -46.216529616422 gnorm: 0.034227990101 xtb: 6.7.1pre (5071a88)
O            4.44944462400700        4.93309038954466        2.37338030644692
H            3.77932186391486        4.27933687357705        2.57613459131938
H            5.27572630219439        4.60832768952953        2.73476458478405
O            4.23692220947183        4.39197239564680        7.83047327716942
H            3.37830655234470        4.25425709727096        8.25079121151853
H            4.30323921530938        5.36021785684235        7.72897048395233
O            4.46725226841295        7.29552331848109        3.87096225933048
H            4.38418279840708        6.59818101156552        3.19672431274016
H            3.97358194999246        6.97571597228189        4.63709592600784
O            4.16472967728438        7.23575560816767        7.79054235548653
H            5.07663765602256        7.50191861855197        7.55855222128039
H            4.00638224667643        7.63844174785217        8.65160318704877
O            6.87041112218420        4.28221896572752        3.74307085011978
H            6.86512138171560        4.40251728322580        4.69714841034882
H            7.49535089416666        4.93487485455367        3.40636361328094
O            8.71224308770202        3.80059941282699        7.87313666746218
H            8.99625430581972        2.87551259688462        8.01744635917363
H            7.79519742967934        3.84001553955854        8.17266354225961
O            7.15413108656486        7.44728682702600        4.55601338138843
H            6.20831130169016        7.31183123153763        4.31581201684711
H            7.37390377916191        8.28573904049821        4.14165480885630
O            6.80150234442076        7.93767669853352        7.28451848400496
H            6.93771115109637        7.83475231477678        6.32161886197124
H            7.48891000145587        7.39272716581027        7.67882098749940
24
 energy: -46.216426774999 gnorm: 0.066126708592 xtb: 6.7.1pre (5071a88)
O            4.44106571426991        4.93726301369055        2.39489450707921
H            3.78541521517035        4.27083210314551        2.60070809389141
H            5.27428365577402        4.62845967390925        2.76914733436262
O            4.27350972534539        4.39359138205723        7.80641891473706
H            3.41216834412465        4.24254560446677        8.21800050734197
H            4.32155943093694        5.36516610742426        7.70598042199064
O            4.48635747317757        7.26471462319145        3.90152571533077
H            4.35807416765039        6.57096187459817        3.22762364762485
H            3.96105499914612        7.00705098235099        4.64191707925025
O            4.17284084081715        7.22899778653003        7.75806104469686
H            5.07163455875035        7.51304976991902        7.52529582366377
H            3.99914135759929        7.63835933550084        8.60618426615617
O            6.85138874913664        4.38518376598151        3.76254267475965
H            6.85216118950248        4.43335838581414        4.71345822527128
H            7.48600552561140        5.02568107296354        3.48201124651425
O            8.71607021578675        3.78728772196562        7.87084489738934
H            8.95968745475941        2.88776253559312        7.92550839343696
H            7.80488716900808        3.86275970240228        8.23625746218667
O            7.14432856483011        7.38945942157158        4.54858586384799
H            6.19470069039630        7.26711863837440        4.32146148741438
H            7.38041227883123        8.22293042919056        4.12706634884569
O            6.82009207898967        7.93299033748282        7.27592676817543
H            6.94729605942924        7.82266094501371        6.31406466672800
H            7.48063979065243        7.34030529713569        7.67477730960386
24
 energy: -46.218706310510 gnorm: 0.038139506868 xtb: 6.7.1pre (5071a88)
O            4.42824754202773        4.93665253203852        2.38218240122680
H            3.78565679300725        4.26526968210860        2.61729943893571
H            5.27434047174063        4.65523070273672        2.82770528449357
O            4.31228232048894        4.39438869438545        7.78263685968456
H            3.46935659079134        4.23239036468544        8.20148433884012
H            4.35631222295664        5.36276790139131        7.68312466208810
O            4.46384042593648        7.26255454136288        3.91063207902679
H            4.34615869763536        6.56584669372201        3.23972735395271
H            3.97355519245736        6.97772888684140        4.68176681687520
O            4.16517145951592        7.23913169119159        7.72068793091328
H            5.08210836228945        7.50807593329017        7.51353744489436
H            3.98819835323536        7.63322791566256        8.57661229951664
O            6.85356712164269        4.42418832531304        3.81148584299347
H            6.85897555852846        4.50935448893283        4.76526040408991
H            7.45600835849062        5.10279606228345        3.49688935461365
O            8.67951983330201        3.82394602735516        7.83734120540423
H            8.96309495300886        2.91393111195134        7.95152427136445
H            7.77105170453289        3.86193129333306        8.18584338632057
O            7.13304590499579        7.34107276288812        4.54110496560611
H            6.18246708437593        7.22953559358332        4.31679622725522
H            7.37751410436884        8.17118418107447        4.11762544784656
O            6.83352207299326        7.90977119284740        7.26990812997685
H            6.95333287220760        7.78670647700620        6.30782239791025
H            7.48744724916738        7.31080745428636        7.66926415647215
24
 energy: -46.215140295043 gnorm: 0.101102368566 xtb: 6.7.1pre (5071a88)
O            4.44975397803587        4.93752918424540        2.47972669826588
H            3.79454204085101        4.25676243420853        2.64556820419909
H            5.27853824746347        4.61357277027697        2.76471158365530
O            4.33393906891648        4.40257051456552        7.74900059608454
H            3.48703463386533        4.23531665664187        8.16423981124358
H            4.37242529852501        5.36673221206998        7.65110099712929
O            4.43347615893847        7.29977957743106        3.92689241711979
H            4.36299681471582        6.57021251730308        3.28778933876444
H            3.99968709834379        6.97436001256997        4.75148190280039
O            4.16793107468846        7.22940311650880        7.68261897963163
H            5.10543431548127        7.48513187515602        7.51166980025702
H            3.96370456238067        7.63495462038470        8.53273225121222
O            6.86365984161769        4.43478867233161        3.83195098474674
H            6.82168239490711        4.58853464122833        4.78651934004370
H            7.38895831781415        5.21645241619011        3.50769821671068
O            8.66597288758997        3.82024107905004        7.86335842026446
H            9.00202118514818        2.91195613786666        7.99578574278646
H            7.77230368610132        3.84727717316657        8.11972969769213
O            7.13067695339058        7.28909332607639        4.52798975364308
H            6.17127879029394        7.19393782221479        4.31963959256229
H            7.35912652057924        8.12466045886914        4.11582016609658
O            6.81494471000375        7.85332931976306        7.25090447980326
H            6.95836359897707        7.76577346168702        6.28953613171156
H            7.49632307106746        7.36612051046973        7.65179759387834
24
 energy: -46.220589931529 gnorm: 0.031022285300 xtb: 6.7.1pre (5071a88)
O            4.42994554001174        4.93630682557988        2.44798817282198
H            3.79621694253343        4.24680753794547        2.65542667711558
H            5.27955521535769        4.64869862336517        2.80785315143506
O            4.36541665105284        4.39786541835653        7.75355941745061
H            3.50115962786948        4.22070898514203        8.14982295938615
H            4.38329734352838        5.36968160928984        7.65224247867993
O            4.45502358522403        7.26960841170548        3.95127775515644
H            4.34415231615129        6.55658836871273        3.29733273591894
H            3.97457180457392        6.99155089734219        4.73154539250954
O            4.17608183989026        7.22237890229885        7.67906432746023
H            5.09357773987629        7.49540764163246        7.48988979330044
H            3.96577404852662        7.63681052970123        8.51976213366987
O            6.84761979434239        4.50907732529800        3.83839987958108
H            6.81856110178624        4.58738487198094        4.78701084091944
H            7.42117486904420        5.22259816835397        3.56368857798748
O            8.65335355288501        3.84027578440108        7.83368814331853
H            8.98531800472999        2.93693461545859        7.96373013641377
H            7.75050751193232        3.84931756865425        8.13965137474902
O            7.12962927769844        7.26651843728289        4.52287851533946
H            6.16514174096973        7.17870377276684        4.32523841861473
H            7.37019507267588        8.09759747546031        4.10578309147295
O            6.83114702710182        7.86689557890863        7.24669370305390
H            6.96394613082379        7.74746613588778        6.28767997783116
H            7.49340851111111        7.32330702474828        7.65805504611720
24
 energy: -46.216624038745 gnorm: 0.094976753097 xtb: 6.7.1pre (5071a88)
O            4.42482641698380        4.93187723755257        2.45514893326003
H            3.80624978429580        4.23666198720653        2.68466448017702
H            5.28351179345673        4.66529672059895        2.85958188756625
O            4.36629441302399        4.40642531291852        7.71709490557898
H            3.55507417216912        4.22975608368890        8.14970004174596
H            4.42933102689878        5.35233781610487        7.63269138160148
O            4.46180476065529        7.25025429555410        3.98198273894254
H            4.32356765184196        6.54543935032349        3.31840078081677
H            3.98865935792039        6.98235766946280        4.76968479756713
O            4.18104153916381        7.22445868452065        7.63377541666452
H            5.10762462967569        7.49642927486653        7.46573958234207
H            3.95794865267739        7.62583290202765        8.47443183814107
O            6.83219016621641        4.54306203778724        3.88275612196718
H            6.84862585604968        4.66597217538257        4.85371467888875
H            7.35864436682586        5.30726451787626        3.53722102378490
O            8.64613026299353        3.84631424053769        7.80762221283240
H            8.94274160198930        2.96530278967527        7.87629418398885
H            7.73916684844431        3.86959579966589        8.20198025896455
O            7.11011016554217        7.23365683996433        4.52431874443253
H            6.16070142297197        7.14321826874600        4.31382724013117
H            7.37713966398712        8.04933433236110        4.08163923475162
O            6.86187127538247        7.90542111027581        7.24187390080007
H            6.96293367594048        7.71962874266917        6.28409671441278
H            7.46858574459184        7.22259232050525        7.66002160094716
24
 energy: -46.221967466990 gnorm: 0.013943640171 xtb: 6.7.1pre (5071a88)
O            4.42060987519746        4.93567347217359        2.47104809580459
H            3.80480673159387        4.23431058641392        2.69333697459699
H            5.27907830064559        4.67153055136199        2.85730607086569
O            4.41432888837218        4.39945243795835        7.72171501551382
H            3.56495949643146        4.20224085354782        8.12298309309480
H            4.41929169698757        5.37152626498363        7.62301108923695
O            4.45092794956381        7.25267383185032        3.98798831042039
H            4.31836533432369        6.54178161478497        3.33197947753367
H            3.98814501795462        6.97894908980031        4.78524707136584
O            4.17503590152563        7.22554509470498        7.62074028159229
H            5.10087990489161        7.49550616239718        7.45431803390889
H            3.95164032671328        7.62976213696194        8.46161071571884
O            6.83668586316815        4.57799456196982        3.88225264611025
H            6.81929068587882        4.65986189830696        4.83718535212507
H            7.37495929543834        5.32832697916122        3.59670038383058
O            8.62879584009198        3.86151224418781        7.80279937781804
H            8.95886555545026        2.96849444717005        7.91272917154990
H            7.72887684679892        3.86707988144702        8.15189882576285
O            7.11368133302508        7.21804749614897        4.51710039736472
H            6.15181627138690        7.13972863414992        4.32412951189029
H            7.37522137243116        8.03423166268795        4.07875599255646
O            6.85166722838627        7.84561533907886        7.23855916486629
H            6.97303978114749        7.71136297210254        6.28102054441906
H            7.49380575229369        7.26728229692266        7.65384710236031
24
 energy: -46.222097610399 gnorm: 0.035384788152 xtb: 6.7.1pre (5071a88)
O            4.41571095432847        4.93620744972830        2.50527779456523
H            3.80392220333861        4.22961332688016        2.72138450173843
H            5.27317842055489        4.67934553784886        2.88305101035447
O            4.48493472452163        4.39823098245459        7.68853332639805
H            3.61422917503181        4.19167631157255        8.06494188741360
H            4.49050548002055        5.36291084801090        7.60230712885973
O            4.43245404456651        7.24984568679504        4.03034593053902
H            4.30238419695875        6.53177605499757        3.38614310157102
H            3.97368829232558        6.97823642894345        4.82803149338979
O            4.18602532232352        7.21968925044236        7.57143032183799
H            5.10527480297250        7.50513623811008        7.41591351647878
H            3.93052420721096        7.63885501304028        8.40193231573485
O            6.83217837378019        4.60588223378508        3.91930782326814
H            6.79106453068135        4.70245383375249        4.86956857233791
H            7.35027190351717        5.37448120671882        3.64775169571925
O            8.58988374066350        3.89261379511372        7.77567026090383
H            8.95630310142194        3.00394267838467        7.90921388356518
H            7.69617079130288        3.87750121814941        8.10785293457719
O            7.11570400835118        7.19915122288814        4.50573726853951
H            6.13143169450457        7.13653131023222        4.35379095060824
H            7.36649034673627        8.01146046312172        4.06404749110227
O            6.87376000582351        7.82579802695528        7.23205464017882
H            6.99028826560259        7.67165205062232        6.27490465708349
H            7.48839666315980        7.19549934172478        7.64907019354530
24
 energy: -46.223081144264 gnorm: 0.031992534853 xtb: 6.7.1pre (5071a88)
O            4.41492905300636        4.93647256615304        2.54122534148201
H            3.81716224170763        4.21688992647056        2.75335007165255
H            5.27907606868756        4.68634549765058        2.89018834161242
O            4.48683869148163        4.38854379022939        7.68287519584552
H            3.63255750711109        4.20441790874934        8.07150554942582
H            4.50018965381766        5.34498404046131        7.57468803305386
O            4.45149755977806        7.24183211730527        4.07742461382783
H            4.30483560449718        6.51476317559517        3.44815621912126
H            3.98082037384564        6.99546490905959        4.87066255981154
O            4.18204427484780        7.20747716296562        7.52239830876432
H            5.10084028481418        7.49349456066402        7.36981697154784
H            3.92232135631747        7.62886215226776        8.34788412862110
O            6.81463903859978        4.55298221256922        3.90181665444038
H            6.75344879704506        4.63848736878069        4.85607802036588
H            7.33178021435895        5.32496136700540        3.65591422481004
O            8.58259273873691        3.90638910419206        7.78117429712168
H            8.96419625424486        3.02312729334999        7.90442325741523
H            7.68624243270383        3.87331990705855        8.08644994416955
O            7.11225974225406        7.28823364303804        4.51217758019019
H            6.14132217519585        7.19607874188771        4.36464448546678
H            7.35436508391567        8.07765898551542        4.03228970871645
O            6.88100395567877        7.80943760414786        7.23482971474525
H            6.99674408158947        7.66507353134147        6.27831458327636
H            7.50306806546280        7.20319294381540        7.64997489482769
24
 energy: -46.223553018894 gnorm: 0.053847782434 xtb: 6.7.1pre (5071a88)
O            4.39786927836476        4.93464089075031        2.57815676785125
H            3.82740791749160        4.19400615716105        2.80002410970014
H            5.27722577329781        4.71854759608396        2.94761396754917
O            4.57548823798673        4.38165510787882        7.65778078533552
H            3.74521927577785        4.17311377431204        8.05284688226931
H            4.51944640104285        5.35923741740213        7.50593504671134
O            4.44274858658689        7.22190497501104        4.14241659952605
H            4.25584624370409        6.50037000677951        3.50480375318452
H            3.99721827679683        6.98661049712083        4.96141212894548
O            4.16223090647774        7.21426948803398        7.42964730109759
H            5.11812443111786        7.45992792254278        7.32239354242029
H            3.90756696193246        7.61067218119240        8.26160071937239
O            6.80417819535233        4.60741701361348        3.94679904131861
H            6.74243268968634        4.65628178737353        4.90385481190186
H            7.28225082507895        5.42414247287431        3.71924450288960
O            8.54741582876563        3.94892080779637        7.72673804630833
H            8.92109052509482        3.07713362212206        7.84001901578454
H            7.64964595401320        3.90103396992786        8.09208840318417
O            7.08632713582516        7.26947409826889        4.51533844943585
H            6.13314447480469        7.18322460325994        4.35281187330774
H            7.36537699797596        8.03304316109522        3.99348870255070
O            6.89524165703678        7.74836803698684        7.23161998863828
H            7.01757459199462        7.63605154870243        6.27507520314676
H            7.52370408349348        7.17844337398171        7.64655305788657
24
 energy: -46.225132993055 gnorm: 0.036949582294 xtb: 6.7.1pre (5071a88)
O            4.38584274693254        4.93756380878253        2.60058177324017
H            3.83038067821310        4.18664705668972        2.82740763911362
H            5.27223984386300        4.73579071890696        2.97518752242382
O            4.58828024276151        4.38852517986199        7.62079297854268
H            3.74602532111991        4.14906297080653        8.01351076980170
H            4.57294136454990        5.34814525160692        7.53225967100136
O            4.42574847800531        7.22544860023370        4.17477290242580
H            4.24286274302567        6.49781586442066        3.54482721002210
H            4.01401609721968        6.97371621303289        5.02628537473445
O            4.19120505045270        7.18519790082065        7.39917455370528
H            5.10445183303752        7.47881439468736        7.26748837368320
H            3.90946898476604        7.60908609660500        8.21002444235447
O            6.79027017010067        4.59837412910799        3.95275840091125
H            6.73309009154379        4.61022549834924        4.91297982697610
H            7.27418069581124        5.40878972041244        3.74084404960894
O            8.53390355662337        3.96483370115979        7.71806804978204
H            8.90961881935413        3.09880417301125        7.81727849915412
H            7.63715351961132        3.90952336736918        8.08300108033560
O            7.09196210329296        7.29378609864793        4.49385793935610
H            6.11600991343919        7.22976795624444        4.36561044521347
H            7.36216180943962        8.06019917546586        3.98610461726614
O            6.90175455671272        7.73306010098092        7.22578761428564
H            7.04202450754333        7.64189149683097        6.26960892846349
H            7.51918212228026        7.15342103623622        7.65005003791677
24
 energy: -46.224752392617 gnorm: 0.069301998462 xtb: 6.7.1pre (5071a88)
O            4.38796239026009        4.93616274038176        2.64372911587197
H            3.82071805936838        4.19802605905381        2.85712689406816
H            5.25859779611355        4.71128780470286        2.98666191011049
O            4.65565781288161        4.38807012148019        7.59144590737342
H            3.80638445582743        4.13219525629114        7.97809246327662
H            4.60044326382262        5.35906630353655        7.48034662394848
O            4.41399953117667        7.22693076950958        4.23577927455985
H            4.25502419479610        6.47926113235766        3.64014455982800
H            3.96740116450739        7.00354084292345        5.05008401015031
O            4.20459063154474        7.17523820271456        7.32350369216987
H            5.14025572188875        7.46601782747818        7.23781038889672
H            3.87073374473949        7.61171321766084        8.12513140293694
O            6.79085966458208        4.56616161145702        3.97330244679198
H            6.69050431481000        4.59444978160485        4.92717313799153
H            7.25264616406885        5.39531472539825        3.78511479479017
O            8.49686928785386        3.99014255679537        7.71910530767572
H            8.93768485627374        3.13026504258911        7.83479231850868
H            7.60815392177092        3.90940453049694        8.01011899186742
O            7.11430783983637        7.32566757327872        4.47485495557441
H            6.10560156603818        7.27235855213957        4.40648208803561
H            7.34076537034787        8.09907189924821        3.98121779467715
O            6.92057168455567        7.75197876022242        7.22571032120036
H            7.06394863761238        7.63293852822292        6.26828689255771
H            7.49109317502298        7.06322667073004        7.65224740746017
24
 energy: -46.227795149336 gnorm: 0.027968950986 xtb: 6.7.1pre (5071a88)
O            4.37327602574991        4.93568933725387        2.66778491304833
H            3.82252831625581        4.18215662834129        2.88319624709155
H            5.25463446448498        4.73110808663893        3.01505827089227
O            4.69350153392664        4.38418303502816        7.57249548420809
H            3.83932574544720        4.14000719813629        7.94619608131365
H            4.65677033611901        5.33781028917543        7.46512641748134
O            4.40907275127542        7.22087913531144        4.27042938621880
H            4.23089557392314        6.47030129139217        3.67900480501610
H            3.98000482800229        7.00644147115490        5.10310403265098
O            4.20092117557656        7.16634681595352        7.27942484824797
H            5.13765327103930        7.44800163471300        7.19809431818047
H            3.87683063951977        7.60036539081550        8.07747414730040
O            6.78199381204918        4.59491707341674        3.99971113657275
H            6.68678810309894        4.59379244724784        4.95645732042878
H            7.23491232296630        5.43432443831555        3.82425509654077
O            8.47116329847416        4.02469871347284        7.68256083430020
H            8.92539898558570        3.17167793072973        7.80319332468801
H            7.57424237048761        3.91181316514129        8.01169597871566
O            7.08667921099353        7.32762401410453        4.49185185684824
H            6.11212611800699        7.26135227617934        4.38126318580712
H            7.35020064684969        8.07746106204490        3.95171715516487
O            6.91713342408967        7.70281964375536        7.22950124819728
H            7.06842814207567        7.62028281953812        6.27096795746418
H            7.51029415370287        7.07443661241111        7.64769865394633
24
 energy: -46.225748953441 gnorm: 0.078224345341 xtb: 6.7.1pre (5071a88)
O            4.34576247805873        4.93674709407767        2.70060889101619
H            3.83237518313960        4.15027968671298        2.92431328010049
H            5.25344417959508        4.76980319560886        3.05088116244054
O            4.74359265636123        4.36585997224697        7.57295091774856
H            3.92121908940443        4.13090546899754        7.96126165978438
H            4.63016685051050        5.34385416894031        7.38505673946536
O            4.39670295617812        7.22949324511006        4.30517374287355
H            4.19199320131629        6.47307404219236        3.71465150920392
H            4.03589059288232        7.00412355095469        5.20897241711300
O            4.21496611573774        7.14280502554658        7.22697391123595
H            5.12612339413896        7.43857983795314        7.12944112927470
H            3.90615371466897        7.58135525691644        8.01045160940456
O            6.76162495419836        4.60839561387129        4.01160972244056
H            6.67596543707374        4.52249345352383        4.97483074870897
H            7.22355143452513        5.44347504694141        3.87598826581789
O            8.47655903168520        4.03531469465311        7.65964333174651
H            8.85050415522749        3.18660227324891        7.75754733686080
H            7.58733936147025        3.95973978371077        8.01539110828573
O            7.08149659486617        7.34474423444337        4.46896970870907
H            6.09230974152830        7.30106517054554        4.39287685943389
H            7.33980523461036        8.09464213293052        3.93697663296226
O            6.91636399227755        7.67559306267830        7.22036458008800
H            7.08729125370102        7.62247457840944        6.26215223313467
H            7.50357364654509        7.05706992005689        7.64117520247726
24
 energy: -46.229668812465 gnorm: 0.020020757420 xtb: 6.7.1pre (5071a88)
O            4.34658372873984        4.93514344716222        2.72180378038632
H            3.82388903525432        4.15927707291913        2.93824900168954
H            5.24330806332776        4.75727384839863        3.06607689499194
O            4.77496448460348        4.37884496995541        7.53059102092243
H            3.93462022984557        4.10880793322677        7.91150237362547
H            4.70311673069189        5.33769801394832        7.40779252402409
O            4.40007463484033        7.22066744490798        4.33915609592048
H            4.19315008509640        6.46688854797146        3.75093169533223
H            3.99676202296585        7.02161307031855        5.19716849945910
O            4.21007573487789        7.14593837929643        7.18828964371304
H            5.15781711010420        7.41528473039283        7.13393181185494
H            3.87476518608022        7.58405768002432        7.97362453509530
O            6.76984082382722        4.60034652191638        4.03880065126820
H            6.66143843487776        4.53820044404019        4.99450233555387
H            7.20420292880728        5.46212902123890        3.90454302367107
O            8.44381668927809        4.06230776020052        7.63818554767517
H            8.86390475110660        3.21477783191802        7.75945033227426
H            7.55427713409363        3.96114274852260        7.98745271216786
O            7.08491391937085        7.34882064996886        4.46967442084999
H            6.09406669793059        7.29835862271114        4.40446037584846
H            7.33184210040198        8.09433601677796        3.92724900689969
O            6.92437296329653        7.66489923527537        7.22282193522174
H            7.09670191746714        7.61270263474256        6.26438992669987
H            7.50626984281588        7.02897388443615        7.63761455518380
24
 energy: -46.227155295808 gnorm: 0.085702532484 xtb: 6.7.1pre (5071a88)
O            4.33484633774897        4.93389259668666        2.76268830194818
H            3.80163839282425        4.16918420126550        2.97065382381740
H            5.21763463320637        4.74506545893190        3.09311178355001
O            4.88075528515441        4.36708042930253        7.49142580736292
H            4.02859446501874        4.10503204072781        7.84870522949890
H            4.77453473940813        5.32620145126724        7.32659730581113
O            4.37676290587784        7.23401528398047        4.35232739996622
H            4.18910212786282        6.46341935501948        3.79712225849169
H            3.98701382440806        7.03450597420288        5.21313618412413
O            4.26314195656896        7.09053704067117        7.19193227634041
H            5.14461064636186        7.43447012931443        7.09671128536191
H            3.85212037143656        7.61894170062364        7.92483654549297
O            6.74926333190757        4.63416889480096        4.10685031711785
H            6.64918734706649        4.59587580717477        5.06253416659667
H            7.19501451375088        5.47093114557996        3.96006828566516
O            8.38296454542225        4.10988640523773        7.60383925215127
H            8.90032300403865        3.27117227658175        7.76094437497700
H            7.49092708401884        3.95178116898477        7.93795479139069
O            7.05205480480031        7.34496932324409        4.49066479390075
H            6.09406699744250        7.26844509442853        4.38911257635857
H            7.31655011957888        8.06650159264744        3.89503050564692
O            6.92828168101614        7.64327907473974        7.23205887226024
H            7.09899153541937        7.59867261221945        6.27279006258644
H            7.48639459936389        6.94046145263778        7.62716649991508
24
 energy: -46.232309062372 gnorm: 0.022023827504 xtb: 6.7.1pre (5071a88)
O            4.33017296428071        4.93166898898888        2.76728424282684
H            3.80513164147557        4.15827018524294        2.97220291146135
H            5.22490422877245        4.74490391691187        3.09508272263004
O            4.91470980256078        4.37495503162100        7.49230634138819
H            4.06728367985224        4.08482031854586        7.83925841483943
H            4.78593711607735        5.32738078520716        7.33327891973190
O            4.36486950414386        7.24562819485114        4.33908212404608
H            4.18518110314878        6.46622549203832        3.78614575242022
H            4.00154834983318        7.04129966462690        5.21105591090421
O            4.24023038646355        7.10047165881050        7.19103751882616
H            5.16009377084683        7.41119740074104        7.12753020367227
H            3.85236240694562        7.61079107718560        7.91416451387950
O            6.75566475918518        4.61478507521857        4.12163965525857
H            6.64000774886177        4.57140605287198        5.07557985989564
H            7.19528223233019        5.46325698980088        3.97902638451385
O            8.35449167352789        4.13488233254266        7.62408170757798
H            8.85045478624966        3.31109070034635        7.74787096644361
H            7.44768518912703        3.94987370631643        7.89870230404009
O            7.06732001874849        7.35020833949241        4.47438259589824
H            6.09063037812561        7.28836501383070        4.40416846786596
H            7.31559531345286        8.07435019453910        3.89297084183152
O            6.95103550145471        7.63781055765881        7.23784966205181
H            7.11440958461729        7.60619146493525        6.27641351220383
H            7.47977310962133        6.91865736794700        7.60714716612488
24
 energy: -46.234576883218 gnorm: 0.019367087824 xtb: 6.7.1pre (5071a88)
O            4.33410897343847        4.92745697480689        2.78389243087494
H            3.81766750174096        4.14369540720060        2.97768667511766
H            5.23582926302423        4.73907830145676        3.10659717276568
O            4.97983494423211        4.38434178506415        7.49619951630910
H            4.13950046475489        4.04990706134354        7.82520165378529
H            4.81195159057688        5.32873067112701        7.33986922883262
O            4.36502146270696        7.25956926726330        4.32395890779468
H            4.18301632804415        6.47454161447301        3.77515237564626
H            4.02283910845880        7.05948646508572        5.20631181350083
O            4.24359617254579        7.10527328006570        7.18743797040101
H            5.18797050995289        7.39060312727283        7.17458011664495
H            3.84433059848385        7.60872311105124        7.89003777852302
O            6.75819842060009        4.59784682725727        4.14663896989357
H            6.62738632558832        4.53671335222589        5.09818479795080
H            7.19061920261497        5.45684554745716        4.01867424079571
O            8.27411217396541        4.17350102941820        7.61606518407922
H            8.77796035445657        3.37404645467008        7.73722193659676
H            7.35964860658819        3.95824030282708        7.84425068591113
O            7.06850016582652        7.35500572233715        4.46140289093210
H            6.08090298543935        7.31938540902201        4.40980153103923
H            7.31861750340957        8.07824747903832        3.88851869386198
O            6.95995712215562        7.60722596794698        7.23837763843626
H            7.13699849933866        7.61333562795295        6.27863895180394
H            7.47620697175996        6.87668972390815        7.58356153883497
24
 energy: -46.237258339321 gnorm: 0.031557931658 xtb: 6.7.1pre (5071a88)
O            4.34578579713584        4.92078693394158        2.80630887279322
H            3.83441374772769        4.12853974197783        2.98348004877615
H            5.24822251828637        4.72918524624700        3.13410897804276
O            5.06492615085541        4.38615324106903        7.49160601378302
H            4.23927761122545        4.00772861031013        7.81426872023597
H            4.86032894938716        5.32554704546740        7.35361209366044
O            4.36906986444785        7.28040920475913        4.30501009581862
H            4.18576071007820        6.48574053163435        3.76736835977408
H            4.05457508789667        7.08849996067486        5.20099397891168
O            4.26927394209940        7.09445011083152        7.19019583069602
H            5.22212857607532        7.37345256632578        7.20669901821959
H            3.84430248501302        7.61254861112167        7.86092146969519
O            6.76171154225539        4.57968678426305        4.18605902815602
H            6.61850550991666        4.49597111439108        5.13486962975628
H            7.17868633645701        5.45206816514890        4.07516121250166
O            8.15379749703629        4.23953637983676        7.60633148030380
H            8.67275034108946        3.45026426580805        7.69165246769537
H            7.23497857661574        3.98423796979123        7.78427832627018
O            7.06403057241236        7.36484208840226        4.45303228551332
H            6.07045717596432        7.34417526861353        4.40976755585507
H            7.31685091254166        8.08339950606655        3.87933573517115
O            6.97283244815034        7.57038410973373        7.24168513158514
H            7.15504275262015        7.62132159443513        6.28307818990345
H            7.45706614441589        6.79956145942268        7.54843817721276
24
 energy: -46.240603588782 gnorm: 0.025548047779 xtb: 6.7.1pre (5071a88)
O            4.36560811461646        4.91189407157658        2.83810081484884
H            3.85767356800176        4.11120864175171        2.99123995997380
H            5.26415923593715        4.71488424657071        3.17879061668288
O            5.16676855391368        4.38068499286802        7.47768028929634
H            4.36512006379876        3.95972059380558        7.80654293329911
H            4.92892327518916        5.31665310915399        7.37343911106458
O            4.37556183429415        7.30800346600981        4.28475268169303
H            4.19323220677085        6.50291591370341        3.76005619907609
H            4.09701818222805        7.12305467394136        5.19615446099394
O            4.31658873855979        7.06800664964042        7.19806008093111
H            5.26826405411684        7.35218454777383        7.23414404698782
H            3.84774466822203        7.62847468748234        7.81309464936613
O            6.76482274755668        4.56148178953883        4.24599315093147
H            6.61463867197745        4.45089137173486        5.19170768028256
H            7.16131841918268        5.44787663123559        4.15143005306328
O            7.98391089215088        4.32934090497748        7.57405922870358
H            8.53206992811195        3.55045155711861        7.60844497100388
H            7.07607259885384        4.03602388913515        7.72668015629872
O            7.05348965984971        7.37830570787932        4.44736807912996
H            6.05683074713802        7.36880123606824        4.40461025155632
H            7.31227942917005        8.08829367769296        3.86592680505820
O            6.99104578614246        7.51908635756843        7.24687705193171
H            7.17627511141282        7.62226321583830        6.29161188084593
H            7.42535876250898        6.68798857720939        7.50149754731060
24
 energy: -46.242082800416 gnorm: 0.029731354555 xtb: 6.7.1pre (5071a88)
O            4.39005261427636        4.90441447470404        2.86457151060553
H            3.88433927845469        4.09998470168674        3.00129425702332
H            5.28040611026638        4.70884586458775        3.22273623236027
O            5.18991968069116        4.36116969199977        7.43208331880220
H            4.41921268753417        3.94256054116955        7.81197323954915
H            4.96916145949967        5.30626424848577        7.39255127482149
O            4.37956062638199        7.32675163130331        4.27879081584606
H            4.20666430204938        6.51931945956329        3.75706341883334
H            4.12650221248023        7.13337496647548        5.19508386831208
O            4.35312325245416        7.04121770018486        7.19982346315940
H            5.30058788692324        7.32139020645442        7.23637191375350
H            3.86721855101613        7.64421638364595        7.77485666903789
O            6.75885263061641        4.55313236471734        4.31471292189772
H            6.61291051656957        4.43230483372966        5.25889548755527
H            7.14783498897916        5.43988571254268        4.22278494521202
O            7.89089095616118        4.44214939716196        7.57848416860459
H            8.43125524615201        3.64079471872293        7.52982785321168
H            6.95874009084218        4.10686018761747        7.62587306748337
O            7.04225556569935        7.38513389374416        4.44494106118150
H            6.04916608751065        7.37948357191902        4.38946050637563
H            7.31294452425654        8.08546222955479        3.85154833945359
O            7.00003645233738        7.45290373625626        7.24299624510071
H            7.19820061117112        7.56921517114248        6.29706539490169
H            7.42493891738126        6.62165482290829        7.48447272724632
24
 energy: -46.243654242889 gnorm: 0.038556838038 xtb: 6.7.1pre (5071a88)
O            4.41853927172538        4.89358130994690        2.88838919930978
H            3.91588643042528        4.08851641270092        3.01789588450613
H            5.29901657389142        4.70672962606366        3.26482138850472
O            5.15684172472785        4.34885346981203        7.37973935675375
H            4.41977056624594        3.94482963899036        7.82845217413608
H            4.96658815348000        5.30607570015931        7.40418958456150
O            4.37928975463788        7.33850158827742        4.27847814369244
H            4.22291708040625        6.52991826469283        3.75844196153784
H            4.14541344987456        7.13072182213740        5.19409200233008
O            4.37552293328328        7.03345392014693        7.19012473421652
H            5.32286289403306        7.29292270682798        7.22619878387712
H            3.90225779715909        7.65639780449885        7.75646001659178
O            6.75467955573941        4.55475016719446        4.38408387410496
H            6.60739408669080        4.43858076422325        5.32688821580465
H            7.13727417268488        5.43766069360646        4.28833295422087
O            7.82731749846635        4.48287747076959        7.45562418134586
H            8.36622392492957        3.69761179586629        7.50180906387239
H            6.92403420823206        4.23427238803191        7.59417191962569
O            7.03149925305365        7.39329757198570        4.44644665518207
H            6.04614296898475        7.38612396988991        4.37117160459153
H            7.31639377423397        8.08320921697831        3.83827372587960
O            7.01326138148095        7.38257700657868        7.24165116418299
H            7.21521487495002        7.50708126231905        6.30360197541610
H            7.43043292036745        6.54994593858092        7.46892413608294
24
 energy: -46.244976822097 gnorm: 0.034497945544 xtb: 6.7.1pre (5071a88)
O            4.44201579685754        4.89246867874009        2.89297667683553
H            3.93158097704401        4.09266930211557        3.01515896925759
H            5.31028985939240        4.70815357281216        3.29181878958758
O            5.07804367768320        4.34662836536762        7.34309159917532
H            4.36378352742620        3.95099643722639        7.85256424507668
H            4.89298585105793        5.30109193233967        7.35432675599119
O            4.36946350271601        7.33764478942590        4.28572636842084
H            4.23058939235464        6.52608769236707        3.76860935449410
H            4.14539033800521        7.11478724382494        5.19896331804041
O            4.37562345767792        7.04925898493810        7.16704658276621
H            5.33561288632424        7.27149475265713        7.21066221376392
H            3.94832876532493        7.64400146719636        7.77474561928729
O            6.75359129087429        4.55522903871783        4.42711262289975
H            6.59403145701635        4.45064706531858        5.37005186417568
H            7.13226194554391        5.43684021087462        4.33147590159856
O            7.86844967682409        4.54768134133380        7.44800953800340
H            8.37338850131627        3.73700570541311        7.49052250066215
H            6.93919017797897        4.31741590530781        7.54216077378314
O            7.03366813959953        7.38870636222967        4.45312247004928
H            6.05304358687524        7.37914709244109        4.36773300419417
H            7.32627970351610        8.06415945010108        3.82928622689739
O            7.05479355661423        7.35155517266651        7.25769071793189
H            7.21402678578565        7.50855649436423        6.30974816318947
H            7.42834239589407        6.44626345250122        7.42565842424461
24
 energy: -46.246084226338 gnorm: 0.024575375055 xtb: 6.7.1pre (5071a88)
O            4.46602563412527        4.89338013466530        2.90005246386097
H            3.94508795719488        4.09701760590429        3.00904498752455
H            5.32404743772393        4.70545193799469        3.32241925594138
O            5.05738239087812        4.35406490633611        7.36059317708013
H            4.33972599582225        3.93313021577514        7.84029466447991
H            4.82668308650943        5.28749912063709        7.28348509688144
O            4.35893086647110        7.33961145187949        4.28649727222557
H            4.22973090221315        6.52111845049896        3.77666492811820
H            4.14806437953095        7.11244375757442        5.20402751857007
O            4.37124095088170        7.04431078504899        7.16052742024421
H            5.34058043885552        7.23868094605035        7.19557715110084
H            3.97145073432928        7.65149247605631        7.77643323762116
O            6.76231387189649        4.54958651957537        4.46567625356628
H            6.57555491070812        4.45405609726240        5.40751285843848
H            7.13002785072065        5.43978803124625        4.37561197660575
O            7.85187197259816        4.60289186146092        7.43696566652076
H            8.36131869211355        3.78882882215689        7.46124856199418
H            6.91390003010391        4.35076745252374        7.51132008587056
O            7.04241957187525        7.37941458424634        4.44445707406068
H            6.05815643753638        7.38336157495681        4.36953246797616
H            7.33590804109579        8.05428681109915        3.82704733271152
O            7.05074484561581        7.29981336860361        7.24769531702118
H            7.23534920713897        7.46013468773085        6.30382679051376
H            7.49825904376373        6.47735891099837        7.44175114139729
24
 energy: -46.246668178102 gnorm: 0.014042317480 xtb: 6.7.1pre (5071a88)
O            4.48446903058086        4.89121414690536        2.92135483969590
H            3.95968570341660        4.09333075869500        3.01525209684209
H            5.33786461139090        4.69758758284605        3.35562727959149
O            5.07419834401577        4.34391108668359        7.33139169316236
H            4.37327349648714        3.89931300124322        7.82222342866911
H            4.81217610956727        5.27990683851529        7.27354066496819
O            4.36043656409236        7.34550875481034        4.28437678783610
H            4.22487449180757        6.52594058197502        3.77713262115046
H            4.15282016941518        7.12849859199520        5.20451199879365
O            4.39755810156236        7.03144771233213        7.16391730742009
H            5.36938496421822        7.21835626200302        7.19870609764812
H            3.98493249258561        7.67824748623088        7.74664267401551
O            6.76174094808765        4.54395614456164        4.51233249000358
H            6.56312717992330        4.44992958587056        5.45197460463130
H            7.12931468137994        5.43673651274954        4.42399326537020
O            7.78226752398768        4.63663496910096        7.40617737676015
H            8.31946905561492        3.84087132628071        7.41519589828907
H            6.85890771608719        4.35730593135078        7.50241068464260
O            7.04459796782487        7.37516649559808        4.43865820774092
H            6.05625704191652        7.39678314280127        4.37054798395453
H            7.34566386133010        8.04168803424212        3.81965865329726
O            7.07148036878462        7.30330336944158        7.24479179509898
H            7.24101294161554        7.45364371506065        6.30243706242080
H            7.48926188401030        6.44920847898993        7.42540718832149
24
 energy: -46.246980010356 gnorm: 0.022456929364 xtb: 6.7.1pre (5071a88)
O            4.49479651472317        4.89231504314881        2.93239731086868
H            3.96829049767757        4.09677894920596        3.02713803164044
H            5.34671347547969        4.69819836820437        3.36781180131581
O            5.04113824651956        4.32427341069846        7.31615487455263
H            4.32971476219390        3.90007527507819        7.78262943815110
H            4.78671866127413        5.26581728463592        7.25430121658994
O            4.36315820467492        7.34054861208266        4.28937182455965
H            4.21785405017825        6.52429595257370        3.77989101847970
H            4.14022658866054        7.13483403262145        5.20568633436103
O            4.41702786859580        7.02319006464703        7.15960379454314
H            5.38133596131090        7.22263076095610        7.18765046768562
H            4.00291927381901        7.66844643249002        7.74496168446230
O            6.75640972637029        4.54768772218148        4.52983034746493
H            6.54207057975426        4.46552543418306        5.46708235986562
H            7.13902912309349        5.43454776047510        4.44146354160237
O            7.79199478582207        4.60111127713013        7.39839440614220
H            8.33830241237102        3.81266125269085        7.40449482928308
H            6.87940855009339        4.31788679362574        7.53498859361355
O            7.05079079565423        7.36584324016894        4.43789375846391
H            6.06282492688537        7.39408972056703        4.37096027062737
H            7.35928267109097        8.01916324326074        3.80992198142089
O            7.07575826361767        7.37550261643357        7.23649254328487
H            7.23558843575434        7.48494809359666        6.29358890014728
H            7.47342087408801        6.50811916962719        7.43555337119696
24
 energy: -46.247432776413 gnorm: 0.015098751695 xtb: 6.7.1pre (5071a88)
O            4.51487211865597        4.88589143181510        2.95120198906594
H            3.98867509945088        4.09216949136794        3.04600216139797
H            5.36117961811374        4.69769000639960        3.39989281336764
O            5.00326802173466        4.31121354260190        7.25953752442435
H            4.31947563612550        3.89104256959632        7.79157089396062
H            4.75044403161683        5.26028945485642        7.23817026165584
O            4.36269170599894        7.34691387744946        4.28490000807475
H            4.22492463902861        6.52488237993794        3.78125762904375
H            4.14750970469736        7.14038705754629        5.20473905069900
O            4.42793785486237        7.02676545612486        7.14097132588174
H            5.39812961703224        7.21207607938531        7.18205697614755
H            4.03321972751168        7.64802953562847        7.74939456021217
O            6.75073310034458        4.54792509138896        4.57304844590144
H            6.52062385852603        4.47488548676003        5.50752816999982
H            7.14228636440474        5.43006125652181        4.48581317253482
O            7.76969175591888        4.61693833979734        7.38382366770541
H            8.31649017148617        3.82509270481971        7.35745082046082
H            6.86094855384303        4.32408926818334        7.53453549412333
O            7.05144477274178        7.36544913559894        4.43840698614678
H            6.06764784544955        7.38969995622696        4.36218467642433
H            7.36893955658438        7.99595015243902        3.78694818406075
O            7.07749545451359        7.37749174407948        7.23598885933737
H            7.24805561866566        7.51710950758376        6.28877088651948
H            7.48809042239546        6.51644698417561        7.42406814317607
24
 energy: -46.247547812910 gnorm: 0.022167020197 xtb: 6.7.1pre (5071a88)
O            4.54067250256763        4.88267655186448        2.97159246403699
H            4.01556628088963        4.08832416441002        3.06229145881522
H            5.37934743131937        4.70180775128331        3.44011136588248
O            4.98422727418706        4.30050083403326        7.27225161485137
H            4.28605481193965        3.88549452695922        7.76216827262064
H            4.72553863980834        5.23236634271263        7.17816486954471
O            4.36446076529755        7.36116082921602        4.27642824014709
H            4.23972194675595        6.53015713773424        3.78183281839170
H            4.16675422314445        7.14983181357506        5.20312138567393
O            4.44955922584383        7.01164622124963        7.12947830879729
H            5.42490709275381        7.18522394369013        7.17571943851342
H            4.06437207519048        7.63619510273823        7.73828560154069
O            6.74956570908053        4.54174527628364        4.61952185128510
H            6.48736181837495        4.47345290389155        5.54893557146366
H            7.14403009197793        5.42396288369463        4.54305398462734
O            7.72927216597643        4.65805963854281        7.37062152137637
H            8.26765718602538        3.86247499554314        7.31299083665627
H            6.81930752504310        4.36101613639728        7.52352717911007
O            7.05410201511225        7.36546975734418        4.43944099869336
H            6.07313717705193        7.38614115675920        4.35686583053177
H            7.37665137765009        7.97379270200730        3.76626430893306
O            7.09001793032162        7.36892464584555        7.23863304290851
H            7.26445980067999        7.53687749143541        6.28749713771396
H            7.49803018271038        6.50118770307494        7.40946459820525
24
 energy: -46.247955644821 gnorm: 0.011582862457 xtb: 6.7.1pre (5071a88)
O            4.55008771414535        4.88111575718050        2.98869190933775
H            4.02884207298457        4.08309472402907        3.07802542051400
H            5.38721577663950        4.70511832403560        3.46105843775076
O            4.96749022333352        4.29360131337168        7.25187784798032
H            4.28282346530450        3.86701690061724        7.77253598661872
H            4.69210774983797        5.22150953917626        7.15199464180194
O            4.37008618627961        7.36687003247962        4.27257340708474
H            4.24504570049414        6.53421852520334        3.78147464836903
H            4.17005281839601        7.16064051107418        5.19909796715901
O            4.46237441442818        7.00238481967199        7.12796953263251
H            5.43770761895530        7.17558065416049        7.16364604691498
H            4.07513696806563        7.65187347012060        7.72154489206868
O            6.74818794846964        4.53815340158726        4.63339726635665
H            6.46569356113427        4.47209331729969        5.55817192298480
H            7.14910736592831        5.41917791257848        4.56519940641295
O            7.72218156009636        4.65714751076011        7.37830482242656
H            8.24829012254015        3.85618874009822        7.29345971962159
H            6.80786222919800        4.35901850184987        7.52951324557705
O            7.06122144517420        7.35907789758943        4.43135696359987
H            6.07849661074210        7.38562949125695        4.35572792472256
H            7.38049272177346        7.96618369482188        3.76218819917288
O            7.10103038525293        7.40216724945628        7.22643035696414
H            7.27063703880366        7.52149956171429        6.27834991252328
H            7.49260355172521        6.53912866015364        7.42567222172480
24
 energy: -46.248176184154 gnorm: 0.012380808782 xtb: 6.7.1pre (5071a88)
O            4.55450530074551        4.87889054479023        3.00927033029205
H            4.04086346954729        4.07570536054141        3.10069973201581
H            5.39319886663073        4.70876484462719        3.47919521221952
O            4.95358643787317        4.28009004357690        7.22996259300859
H            4.27108466678098        3.85983731757986        7.75605489123158
H            4.69071845142093        5.21638254726086        7.16569247368368
O            4.38104469113639        7.37158435250281        4.26857143041950
H            4.24937147650889        6.54231996671836        3.77620696954603
H            4.16921284144533        7.17434517423832        5.19051862128113
O            4.47659516120831        6.99837620816738        7.11696615296014
H            5.44888701484075        7.18228791779914        7.15755348174219
H            4.08097580782509        7.64499752072437        7.70630576457993
O            6.74169238213379        4.53725957493409        4.64688367443211
H            6.45576111754954        4.46801894691262        5.56607511727237
H            7.15450354563026        5.41314491170551        4.58365073657484
O            7.70011373291473        4.65200123856373        7.38790117122986
H            8.21922533474145        3.84666630048423        7.26074114127349
H            6.78953712358679        4.35348762794563        7.55199035538748
O            7.06867039147251        7.35435090830406        4.42899214428840
H            6.08408329972308        7.39219233032966        4.35428008526631
H            7.39413583921379        7.95014879448403        3.75294181892216
O            7.10771187323155        7.42225646980502        7.22248702544382
H            7.27723480167860        7.54066396255387        6.27330726629880
H            7.49206162186343        6.55471764573817        7.42201451094912
24
 energy: -46.248368612004 gnorm: 0.010520717058 xtb: 6.7.1pre (5071a88)
O            4.56536299420356        4.87344502016701        3.03985439935212
H            4.06128084569411        4.06704378637032        3.14513778462728
H            5.40404411809676        4.71681984867456        3.51622497513384
O            4.92669391060393        4.25903638151333        7.20187345157701
H            4.24816772193133        3.84452944378967        7.73653489082376
H            4.67893136216222        5.20530589485028        7.17780871110324
O            4.39482218569245        7.38680032801023        4.25342196950239
H            4.26440984132860        6.55404763378773        3.76736187591199
H            4.18548549082637        7.19407666612648        5.17725420072680
O            4.49723681038363        6.99168427588135        7.09879816868819
H            5.46492081879362        7.19145152295938        7.14278784498524
H            4.09134886126320        7.63697550990966        7.68072068435559
O            6.74888542958618        4.52976823172943        4.66681341434715
H            6.41750364986675        4.46675496102124        5.57393557444769
H            7.16180651873993        5.40719104372929        4.61806006699184
O            7.66666654423412        4.64082837687528        7.38951188065523
H            8.17255799756063        3.84286665828558        7.24492300328613
H            6.75428846841927        4.35558276331843        7.56330124823602
O            7.07775701960079        7.34998798017658        4.43021825620958
H            6.09309861335361        7.39822216167491        4.34777188947508
H            7.41446862384635        7.92141715563818        3.73532343804580
O            7.12069218335029        7.44463004779200        7.21962266283630
H            7.28720822520539        7.56900721349128        6.26787761018143
H            7.49713701496015        6.57101760451623        7.41312469881816
24
 energy: -46.248535355283 gnorm: 0.024627061346 xtb: 6.7.1pre (5071a88)
O            4.57717097195188        4.86834855262699        3.07488313362612
H            4.08624496407584        4.05695198378139        3.19983799740029
H            5.41711228929521        4.73006488301229        3.55775834760303
O            4.89414498728799        4.24417853456952        7.19027594039231
H            4.21325967636528        3.82342022549447        7.71354907177810
H            4.64826232416082        5.19049342767227        7.16450473135890
O            4.41135867544417        7.40883383564237        4.22961300985069
H            4.28736367740051        6.56764073846226        3.75513330006055
H            4.21645398007391        7.21545370003145        5.16040176619425
O            4.51610494537572        6.98754270322224        7.07478170749871
H            5.48489687749387        7.19488933967971        7.12741915247754
H            4.10411569092045        7.63028734124853        7.65117803182070
O            6.76110240567330        4.51622646506188        4.68662617774368
H            6.36618562606464        4.46263618016739        5.57635790769675
H            7.16880892243675        5.39751963579504        4.65709232246706
O            7.63298221729027        4.64844191442568        7.42785282955653
H            8.10534070478741        3.83362895346679        7.17847846019507
H            6.72077456740892        4.37510574339660        7.61147457343799
O            7.08999159893149        7.34248498529767        4.43057342781462
H            6.10629306217238        7.39984566091389        4.33831354815339
H            7.43544952785856        7.88937233135312        3.71962475199510
O            7.14098464332923        7.46258450013329        7.21528114294084
H            7.30227582185183        7.58714176189773        6.26151740552580
H            7.50809709205311        6.58539711293732        7.40573396272848
24
 energy: -46.248762039728 gnorm: 0.016482328896 xtb: 6.7.1pre (5071a88)
O            4.57236977179935        4.87144762569202        3.08592149609436
H            4.08871394370389        4.05429047158260        3.21545424994587
H            5.41652949189555        4.73722713006086        3.55973565920533
O            4.88146301585386        4.25227021961052        7.20905554735053
H            4.19288551275638        3.82189282351247        7.71244168172763
H            4.63112024537982        5.18904918421157        7.14379579494083
O            4.42431039709316        7.41668353394738        4.22085124870946
H            4.29879683888402        6.57594989906985        3.74760238437503
H            4.23027912163804        7.22080087248110        5.15049455260829
O            4.51586793155886        6.99091443446946        7.06422508750311
H            5.48803596329428        7.19524745962442        7.12057764004485
H            4.10191988031160        7.63733972985767        7.63590565656870
O            6.75137894608528        4.51370070064998        4.69326985307759
H            6.38861959085270        4.45419424050024        5.57542713447330
H            7.16525354299809        5.38679527374698        4.65437211669852
O            7.62253229135092        4.65589953607230        7.44357786817599
H            8.08650818692366        3.84902632699889        7.18924922166662
H            6.70557437046165        4.39101028671434        7.61576231803599
O            7.09881288262267        7.33458326262931        4.43053429650902
H            6.11674678089560        7.39228703563970        4.33478764200463
H            7.44066282044796        7.88353557608213        3.72664314306015
O            7.14988383394061        7.44792225752186        7.21365930785727
H            7.31118233395995        7.57359450362097        6.26162450056898
H            7.51532755499560        6.57282812599354        7.40329429911432
24
 energy: -46.249013100474 gnorm: 0.012494198232 xtb: 6.7.1pre (5071a88)
O            4.58176185337838        4.87170712963570        3.10857601455413
H            4.09641188296833        4.05539053363020        3.23989081112689
H            5.42929208361468        4.73116627318053        3.57003195920349
O            4.86148282977239        4.24707618136863        7.19058467927855
H            4.17708606011784        3.81656857746769        7.70303456651693
H            4.61567660263061        5.18527587087495        7.13264293953843
O            4.43716459463668        7.42206161733031        4.21914946463623
H            4.30206277122082        6.58721697302045        3.74149404992299
H            4.22843958840763        7.23264713357917        5.14096020373021
O            4.52692037994873        6.98643965475113        7.05453893116413
H            5.49796849452457        7.18939219213784        7.10783157263958
H            4.11107747126475        7.64589221241267        7.61586028831976
O            6.76616279205411        4.50365912904547        4.71822041226470
H            6.34683974547623        4.45766284277486        5.59108125566588
H            7.17172757114636        5.38239854985399        4.68875743081288
O            7.60520581766601        4.66794247361853        7.44107196376004
H            8.07279946599295        3.87412964225946        7.18125895087341
H            6.68632085799257        4.39702039717488        7.60550276501315
O            7.10712602574338        7.32771891897794        4.43246591745034
H            6.12574965044468        7.39634702626673        4.33237674581609
H            7.46086602721293        7.86113915837842        3.71796439944948
O            7.15417732386826        7.44425165865793        7.21161593637676
H            7.32289355839035        7.57216092703065        6.26237671865548
H            7.50956180123026        6.56322543686283        7.40097472354604
24
 energy: -46.249289171474 gnorm: 0.016600619548 xtb: 6.7.1pre (5071a88)
O            4.59065881447016        4.86745214313934        3.13527382529003
H            4.10485891473041        4.05619239835947        3.28783480029580
H            5.44170770740613        4.73090972825976        3.59584771849166
O            4.83572415179213        4.23707746168139        7.15828631200750
H            4.15341073830709        3.80459982401910        7.67333760681087
H            4.60087451600949        5.18390176597218        7.13373082221983
O            4.45062000019113        7.44159730463862        4.19652918076752
H            4.31342416551728        6.59852719793701        3.72989746585678
H            4.25621855704089        7.25541367085930        5.12686723934229
O            4.54320590018958        6.98520115723893        7.03673397430298
H            5.51288209755678        7.19156373996316        7.08997200996856
H            4.12427054069861        7.65062278129841        7.58904574418137
O            6.77434810333962        4.49046471350055        4.75245687088488
H            6.31379935566780        4.45250975888603        5.60850179449287
H            7.17559855394222        5.37254453573503        4.73003069990517
O            7.57381826600789        4.67196662223436        7.46860845994281
H            8.02533350498840        3.88229246643397        7.13983623800736
H            6.65295657344868        4.39936051240434        7.62505990967811
O            7.11992045205709        7.31419301672235        4.43192695367404
H            6.13841628618889        7.40287548152450        4.32520031691903
H            7.49132082423233        7.82453983883353        3.70597713361368
O            7.16251118107055        7.45654327440746        7.20747779405420
H            7.33902863461021        7.58191501783921        6.26066086882367
H            7.49986741024048        6.56622609840447        7.39916896078322
24
 energy: -46.249590957695 gnorm: 0.018952330991 xtb: 6.7.1pre (5071a88)
O            4.58949976210649        4.86552942428334        3.15056698548951
H            4.09354060001015        4.06728469076155        3.33310656713786
H            5.44813149275221        4.72369790864314        3.59878012862234
O            4.82458337720330        4.24759804628195        7.14494724838422
H            4.13368182563447        3.80713598687458        7.64035487628073
H            4.59308142077251        5.19893277739888        7.13182121088160
O            4.46955629177008        7.45661937658966        4.17581625172165
H            4.32293550678721        6.60982017145453        3.71552692616647
H            4.27774693704987        7.27459370691086        5.10998247014761
O            4.54094812244154        6.99918824227660        7.01449843038838
H            5.51440650507873        7.19827509181968        7.07517887815478
H            4.12763403491339        7.65432194618143        7.57329049940281
O            6.78381096135157        4.47597401144021        4.76791746976312
H            6.29060009036521        4.44299299780382        5.60541452316866
H            7.17590501847358        5.36406076599069        4.74911764114784
O            7.55501949236023        4.66025336616968        7.50824812191569
H            8.00290432554801        3.88957760531794        7.12708975552096
H            6.63521183969951        4.38085929641885        7.65494733383000
O            7.13876402553731        7.29580437370388        4.42952739635290
H            6.15867958099007        7.39425778463204        4.32209464700783
H            7.51353084144583        7.80031109486016        3.70945934995121
O            7.16238478604626        7.45970027127075        7.20600681449185
H            7.35228046268060        7.58504570445207        6.26233609507453
H            7.48993794868615        6.56665586875690        7.40223307931095
24
 energy: -46.250066017280 gnorm: 0.022120923292 xtb: 6.7.1pre (5071a88)
O            4.58861101304611        4.86397426942326        3.16714236235500
H            4.06611252112535        4.09439393100484        3.40206523101299
H            5.46134629272523        4.70569392497474        3.58700065560826
O            4.80137699300652        4.27231217502514        7.11717353441679
H            4.09672569156584        3.82578259067055        7.59022088297879
H            4.58004926001700        5.22811165490930        7.11373778335971
O            4.49966386804122        7.47839953577441        4.14797896736026
H            4.33783714608649        6.62870373650852        3.69363763572086
H            4.30803716954732        7.29912964799913        5.08555008733467
O            4.53163736556942        7.01966964382103        6.98868275339932
H            5.50934740708245        7.19957442654315        7.05245940740202
H            4.12688974610033        7.68328763186948        7.54385848388934
O            6.78616359539355        4.45837473112522        4.80369864265112
H            6.27033827654019        4.42599808331411        5.61058049336042
H            7.16775485525843        5.35188678389443        4.78103298889823
O            7.54399621491504        4.64584182271311        7.57038765537382
H            7.98022859545156        3.90781901597815        7.11723016190607
H            6.62156786412754        4.36359459643983        7.68119010296077
O            7.16541317007233        7.26857159169500        4.43854356535107
H            6.19122397344720        7.38734906611370        4.31506336323771
H            7.56969155824630        7.73352041126160        3.69547253667979
O            7.14977655689889        7.44486310072883        7.21356304413287
H            7.37374778898225        7.58100525278729        6.27772227406356
H            7.46723832645821        6.55063288571967        7.41427008685882
24
 energy: -46.250767082211 gnorm: 0.017388199134 xtb: 6.7.1pre (5071a88)
O            4.60008085645313        4.86109000693496        3.19097710502043
H            4.04546837568441        4.12503634259345        3.47814076577538
H            5.48536579557541        4.68059710781886        3.57690978891548
O            4.77349493427724        4.29640511824570        7.08516354761709
H            4.05376484947783        3.85680760600853        7.54238225870224
H            4.57030282203427        5.25209784067463        7.07848935747847
O            4.53796655911465        7.49729397799688        4.12854941375407
H            4.36032727111020        6.65213876965552        3.67298640507353
H            4.32921569250704        7.32183563161069        5.06061007925382
O            4.52732574484321        7.03604848134852        6.96317579942015
H            5.50593726332346        7.20075459261459        7.03391907192893
H            4.12488351346019        7.71388279356164        7.50867718254141
O            6.79306554860527        4.43050338626055        4.85166265568691
H            6.20272755381803        4.42834351586420        5.62117313700539
H            7.16224629967742        5.32722047697434        4.81953311858395
O            7.53250411171089        4.64503683386438        7.61784778826827
H            7.95952775099920        3.94573767869202        7.10578417843928
H            6.60683994094168        4.36503353866121        7.69055542902242
O            7.19945628387869        7.23101467226946        4.43585198317473
H            6.23098148208102        7.36691926948566        4.30901696396714
H            7.61213647173392        7.68771525821617        3.70492845460644
O            7.14048506884382        7.41782414859177        7.21804123376859
H            7.39685854317854        7.55901009824315        6.29035201428161
H            7.44381251637553        6.52014336410922        7.42353496802509
24
 energy: -46.251102390256 gnorm: 0.023076802976 xtb: 6.7.1pre (5071a88)
O            4.62029671580098        4.85737563441409        3.21751219598609
H            4.04280420743656        4.14968421886414        3.52733683096873
H            5.50528096457483        4.65794149041347        3.58654079840738
O            4.75541531527941        4.32194689070098        7.05437333154493
H            4.02376812618811        3.88977721489651        7.49546114843886
H            4.55321602386908        5.27202717115237        7.02669858871388
O            4.56675212282478        7.51006134667729        4.12026933655105
H            4.38708741669878        6.66877445236112        3.66388556554560
H            4.33421281043499        7.34090700520008        5.04360001139096
O            4.52658665138144        7.05910644797493        6.93446030787044
H            5.50903916790387        7.20613380239314        7.03489545210387
H            4.13090542754070        7.71909463256528        7.49435890672944
O            6.78167259794574        4.41056899636405        4.90413005567852
H            6.14613671631546        4.42403026755841        5.64367503784325
H            7.15031737777966        5.30543813333020        4.86488063222854
O            7.50518921445169        4.64952595183179        7.62158885006877
H            7.94857220320264        3.99887364250499        7.08036003108923
H            6.58542559135838        4.36601390869838        7.68683724482285
O            7.22255919273468        7.19702988363448        4.43838467391750
H            6.25902777946593        7.36099010222862        4.29805698203525
H            7.66266056331211        7.62919810950809        3.70291319038448
O            7.14636169838933        7.40864888860553        7.22345892140002
H            7.41054091936309        7.51649947589598        6.30300976997011
H            7.42094644545302        6.49884284252392        7.44157483661953
24
 energy: -46.251534010687 gnorm: 0.027434483226 xtb: 6.7.1pre (5071a88)
O            4.63317225495063        4.85220077133205        3.25625914086337
H            4.04754610543980        4.16554202734230        3.58974096182669
H            5.51879125742555        4.64346874723838        3.60691213828568
O            4.72958388383214        4.33822061630176        7.01557816368194
H            3.98431745817388        3.91179920519883        7.43896684470424
H            4.53989021609304        5.29163089624767        7.00397378683172
O            4.61072275990853        7.52537497340059        4.10501613580639
H            4.42379466007628        6.68713448221278        3.65232014873864
H            4.34783571392428        7.37361346718805        5.01957653542285
O            4.52909864714229        7.07184974011486        6.91461998769240
H            5.50569698412586        7.22052109842188        7.02029740345809
H            4.12631067019550        7.75124540979997        7.45759560476392
O            6.77016346288775        4.38538902671247        4.94442925437477
H            6.09999715703051        4.39899675200067        5.64969722235233
H            7.13041064999516        5.28469752382160        4.90565325575918
O            7.48226798359482        4.65371594445996        7.66429847057026
H            7.91326846026368        4.04055028216462        7.03210775832482
H            6.55818612519281        4.36998656965255        7.69595292172777
O            7.25599021253887        7.15960680971303        4.44030299827227
H            6.29701991484770        7.34768260347285        4.29093316366517
H            7.71099650971108        7.57145864699629        3.70627086633587
O            7.14389634376296        7.39385411046820        7.22937467921399
H            7.43198545770181        7.49847374825813        6.31372191185190
H            7.40383236089086        6.48147705778079        7.45466334578323
24
 energy: -46.248990188130 gnorm: 0.077383753977 xtb: 6.7.1pre (5071a88)
O            4.62809289831403        4.84353760935665        3.24804694777155
H            4.04735314555488        4.17315746561696        3.57166394221584
H            5.49906136697571        4.63278120829279        3.60637504060119
O            4.74922759664281        4.35819407256083        7.00175723026278
H            3.98879894045090        3.94799456734259        7.41167484690801
H            4.56973680228448        5.32246508347050        7.03752744420233
O            4.62732566379073        7.51202960640070        4.10680517692268
H            4.44779206060206        6.66454461648885        3.67133588479042
H            4.33829555098504        7.39309602035139        5.02344854610109
O            4.50395638383759        7.08161745004735        6.94486219581542
H            5.46525498669264        7.24228666313549        7.03188210053538
H            4.09021100637826        7.80212737367638        7.46270033983129
O            6.74821432354540        4.37520892808448        4.91404153415181
H            6.12920502961790        4.36155485508080        5.61054377433691
H            7.08771052543662        5.28734823208698        4.86541733227754
O            7.52647617997123        4.64010785896581        7.66914995662632
H            7.94010173459376        4.04498660351716        7.06170644171227
H            6.58393368926146        4.38218504264395        7.64264416982847
O            7.26864027959431        7.13821746364355        4.44158711935941
H            6.31197133875081        7.32702171416421        4.29922114309865
H            7.70811010882668        7.57295329540957        3.73855978805337
O            7.11273048440653        7.36398020184124        7.24381155274074
H            7.42908675250297        7.48243866595500        6.32719154496880
H            7.39348840068934        6.46865591216785        7.47630864719552
24
 energy: -46.251989080056 gnorm: 0.019975558125 xtb: 6.7.1pre (5071a88)
O            4.62912005798323        4.84385618264445        3.24684055192842
H            4.03807616845448        4.17679267612630        3.60465055402931
H            5.50843033084732        4.63354088524331        3.60617448507983
O            4.74141265341393        4.36463276415357        7.01080275181756
H            3.97871417158930        3.93658337388925        7.40549117152594
H            4.55414164299104        5.32638630519082        7.02892422417202
O            4.62577566091143        7.52347398815445        4.08677105986089
H            4.44663603356265        6.66349927207673        3.66335414932927
H            4.35630597019053        7.40426958009485        5.01271092133822
O            4.49610129194021        7.09752921962005        6.92088601689723
H            5.47323630389018        7.23799070230462        7.02918376439108
H            4.09500499141986        7.78182287522088        7.46557038443935
O            6.78349167316272        4.36359172265489        4.91421259708953
H            6.09131496061338        4.37608190594726        5.59921424239053
H            7.10127866480580        5.28602391525361        4.87486956382055
O            7.51389471423023        4.63128918665145        7.68190046925247
H            7.92881958781138        4.03844354902610        7.05227868423413
H            6.57876091545470        4.36935377504799        7.67599075863200
O            7.26445956538636        7.14161163939951        4.45980707501654
H            6.30978586327603        7.33878512369145        4.29603751315705
H            7.73617937912911        7.53352570044494        3.71449366426979
O            7.11921713834785        7.37741387429322        7.24628136609571
H            7.43203240957012        7.49294704575404        6.33102143150518
H            7.39258510072440        6.47904524741729        7.48079530003496
24
 energy: -46.251752134974 gnorm: 0.033135106262 xtb: 6.7.1pre (5071a88)
O            4.63102239557902        4.84401851157006        3.24754398259753
H            4.03303576395241        4.18661366848252        3.62226521114522
H            5.51187841477643        4.63096429269549        3.60875819416285
O            4.73501443265394        4.37881202576670        7.00705601813539
H            3.96872800350703        3.95125059124769        7.39553931555477
H            4.53778484415529        5.32870977783150        6.98208316309162
O            4.64320270816028        7.52255724619286        4.08604001470545
H            4.45767981762369        6.67062522903619        3.65556365731812
H            4.36195326626807        7.40276718862010        5.00494669042309
O            4.50208183727360        7.11423106410443        6.90609364167802
H            5.48279960763427        7.24572560086471        7.03248893903706
H            4.10612053829238        7.77262044121223        7.46945340945083
O            6.76378242292921        4.36517681795416        4.94469536838134
H            6.08361559650324        4.37238384680232        5.62535106920461
H            7.12759459619936        5.25816682249765        4.89739379018359
O            7.48634506852456        4.64060470790603        7.66534966429643
H            7.92859309502099        4.07589274306979        7.00341284488758
H            6.57065668460211        4.36499551091316        7.70125515040122
O            7.27730694073846        7.12150878712677        4.45669141419243
H            6.32541214352579        7.31151367567713        4.30316187892911
H            7.73111166960724        7.52723528601983        3.72591372464580
O            7.12918653813819        7.38926745381961        7.24581415504378
H            7.42781919646526        7.47148482712953        6.33215169536535
H            7.37204966757552        6.47136439376151        7.48923970747561
24
 energy: -46.252528864676 gnorm: 0.011888863313 xtb: 6.7.1pre (5071a88)
O            4.63605898309678        4.83896144392682        3.27399920584997
H            4.04357132021696        4.18592507380500        3.64840330104621
H            5.51724583761459        4.62393452363135        3.62714801544234
O            4.72203315977487        4.38451735868956        6.98564457247393
H            3.94891585634113        3.95921901050704        7.36298499625799
H            4.53242265426148        5.34126579273167        6.98537671255290
O            4.65980893007140        7.53281700207476        4.07251688107946
H            4.47600437955512        6.67496647977061        3.65280224096472
H            4.37334813626850        7.42573564381694        4.99346391612098
O            4.49927020365724        7.12119984989825        6.89877195503621
H            5.47617106782352        7.25349502939608        7.02143338107174
H            4.10230066749115        7.79042071293469        7.45604801634890
O            6.77160043609931        4.34511534117942        4.95673347515675
H            6.06061934097205        4.36321984972857        5.61712261255289
H            7.11296875447061        5.25054960754197        4.90749265766302
O            7.48873805251695        4.63751898264850        7.68774710450032
H            7.89822005474766        4.07987147255586        7.00934352635187
H            6.55356473122972        4.38228451029361        7.67144896569333
O            7.28942100608499        7.10040346963202        4.46359323931710
H            6.33838106088727        7.31819675018867        4.29906956771848
H            7.76750331968293        7.48391231949878        3.72644388149523
O            7.12143339366193        7.38222199443904        7.25207511173941
H            7.43297004577410        7.46844115537199        6.33935032326159
H            7.37220385740643        6.47429713604216        7.49924904061056
24
 energy: -46.252617286891 gnorm: 0.019727020155 xtb: 6.7.1pre (5071a88)
O            4.64378095009378        4.82918754110022        3.28768187649638
H            4.03870712054640        4.20310675006254        3.70532787964280
H            5.52525665445800        4.60758600950104        3.63502640836715
O            4.69812781515793        4.40242002179994        6.96314911935885
H            3.91358688404538        3.98268983072497        7.32387195056705
H            4.51835922006124        5.36538859486808        6.98163725363102
O            4.68976544413500        7.53787308491189        4.05334573464635
H            4.50319856642441        6.67400440554571        3.64525626031954
H            4.39094246621842        7.44859709618376        4.97468777190009
O            4.48788340722818        7.13969420910087        6.88773931691545
H            5.46507870869086        7.26233357975541        7.01325467711095
H            4.08934708338987        7.82369746656080        7.43731999957495
O            6.78457716483200        4.31680773214644        4.96356571950464
H            6.05038550400705        4.34061028383133        5.59918953169274
H            7.08951624145798        5.24322935786215        4.91009973840337
O            7.47710008729877        4.62390245066175        7.70050415294800
H            7.89539470820747        4.10701531622153        6.99987674461403
H            6.54679577836991        4.37185176608354        7.68759445934161
O            7.31006275995772        7.07593120775626        4.47637687432016
H            6.36454506474339        7.30189709547607        4.30238268462705
H            7.79768704387462        7.43584504640512        3.72863020750519
O            7.10893509089323        7.37755132767840        7.26283182000893
H            7.44188985857382        7.47027099698423        6.35170468369274
H            7.36385162704176        6.47699933908284        7.51720783511597
24
 energy: -46.252941766067 gnorm: 0.008473747734 xtb: 6.7.1pre (5071a88)
O            4.64201692518357        4.82554778698209        3.31228162401483
H            4.04721687217420        4.19704534644085        3.72297560197094
H            5.52724610487543        4.60124484610231        3.64873349983132
O            4.68561558458639        4.41328396420087        6.95157536571881
H            3.89804564599711        3.99686263333575        7.30686371783249
H            4.50954468396228        5.37519361971340        6.96637397048636
O            4.70806706607816        7.54181928774984        4.04616757486820
H            4.51797990814647        6.67816249096677        3.64161632886946
H            4.40328101884375        7.45995384304133        4.96469237218984
O            4.48859867778046        7.15489123044202        6.87426893661347
H            5.46761386141462        7.27140862636863        7.01223324038143
H            4.09030527735895        7.82563762498971        7.43378054328842
O            6.78668485398621        4.30618582366066        4.97399717138542
H            6.04572221396181        4.32760594714469        5.59879955915611
H            7.09948194032475        5.22696450474968        4.91980712469777
O            7.46596647511273        4.63168212019328        7.70159616442452
H            7.86960525343738        4.12463086299224        6.98650100935423
H            6.52959555564619        4.39290031135371        7.67309435206257
O            7.31846126943146        7.05888097759096        4.48302547598755
H            6.37645690306925        7.28890851869327        4.30463916541156
H            7.80769791880712        7.41159320133719        3.73451381193717
O            7.11197525228419        7.37829868750072        7.26615934443018
H            7.44102307252958        7.45548203858623        6.35594458543284
H            7.35657291471546        6.47430621617011        7.52862215995878
24
 energy: -46.253225412940 gnorm: 0.004550734916 xtb: 6.7.1pre (5071a88)
O            4.64039924432667        4.82422946364789        3.31245229803458
H            4.04575079567474        4.20401353199477        3.73675380625445
H            5.52815806916635        4.59223543593914        3.63889218116504
O            4.68901702568526        4.41802340090600        6.94623301767826
H            3.90546494287134        3.99776733949287        7.30412279568000
H            4.50866387239296        5.37795149961690        6.95693956697860
O            4.70964094188029        7.53825650820988        4.04418502308851
H            4.51447230434880        6.67326980276006        3.64521171583764
H            4.40905779391547        7.46314966879674        4.96303386315656
O            4.48897559053515        7.15780353638034        6.87384803111978
H            5.46695364527301        7.27251543524240        7.01221627094057
H            4.09027200200118        7.82140004500333        7.44000951611188
O            6.78902427105697        4.30267509530093        4.97285348825448
H            6.05261463005211        4.33050222252859        5.60099632373360
H            7.10751026907141        5.21940971191284        4.91062413265585
O            7.46940521869699        4.62037837323020        7.70958302146585
H            7.84791854624891        4.16238739563630        6.94755518529470
H            6.52863483161562        4.39682721099651        7.68665909932453
O            7.31577761697499        7.05487124569003        4.48900570519000
H            6.37537596766296        7.29371982300394        4.30972048845148
H            7.80758905635989        7.39978460413293        3.74125012936382
O            7.10876650704854        7.37557733096223        7.26831102148193
H            7.43544308102551        7.44751600675535        6.35789581694062
H            7.35988902582231        6.47422582216620        7.53991020210146
24
 energy: -46.253421397612 gnorm: 0.012188474913 xtb: 6.7.1pre (5071a88)
O            4.63697273346630        4.81782822777918        3.31484478935058
H            4.04353540394516        4.21913685726828        3.77423181902933
H            5.52931685998750        4.57494690523072        3.62242103962734
O            4.69574864486472        4.42814771410418        6.92850420057468
H            3.92342908952400        3.99874559984493        7.29856745771961
H            4.50931280714377        5.38552194840379        6.94194450282096
O            4.71365973077294        7.53301533384845        4.04164851446778
H            4.51506511242471        6.66489612588170        3.65076267297918
H            4.41649023498141        7.46817915232182        4.96071298865353
O            4.48787739967003        7.16563874523497        6.87235923167618
H            5.46447392500752        7.27541578454844        7.01559271576944
H            4.08674239932827        7.81367897559262        7.45365505646828
O            6.80085881448559        4.29720876016180        4.97159335558745
H            6.06145622457576        4.33257962305263        5.59419016930084
H            7.11419598375177        5.21237549454704        4.88569889480738
O            7.47107241567767        4.61388041551898        7.71019930377945
H            7.80660414887654        4.22229476855685        6.88355230509089
H            6.52742049241584        4.39798720462257        7.71640921844546
O            7.31099680875044        7.04924839202336        4.50184679606015
H            6.37313290516082        7.29611266676452        4.31314436711423
H            7.81047890523363        7.37618022526331        3.75328443940746
O            7.10478887294560        7.36979561885712        7.27594366650807
H            7.42543015838657        7.43097724009698        6.36335824325135
H            7.36571517833074        6.47469873078218        7.56379695181433
24
 energy: -46.253558511106 gnorm: 0.005711026608 xtb: 6.7.1pre (5071a88)
O            4.63270459604879        4.81391665530318        3.31939602449781
H            4.04260914817093        4.22771547245452        3.80062540168648
H            5.52861694791816        4.56497406651589        3.61151025663937
O            4.69754902512463        4.43279039040800        6.91272999135825
H            3.93323127851691        3.99937675772366        7.29475548369698
H            4.51050119158279        5.38970170732389        6.93263797189359
O            4.71622583121579        7.53067228100491        4.04104281863441
H            4.51618941671469        6.66069895673249        3.65486474032147
H            4.41954846475577        7.47217354718721        4.96049015857602
O            4.48691835022416        7.17000329396541        6.87296978703448
H            5.46320795949686        7.27814930340328        7.01809890909325
H            4.08428181295528        7.80901540089694        7.46318278536877
O            6.80776793968092        4.29534821282942        4.96479636337795
H            6.06665576089855        4.33079804453292        5.58517071444484
H            7.11576174316779        5.21128426703567        4.87014759118069
O            7.46782403080392        4.62318467480237        7.70041822762960
H            7.79595173450691        4.23066618378463        6.88069927160173
H            6.52699037163612        4.39707699788252        7.72227498060666
O            7.30892087434332        7.04495150925932        4.50716342887224
H            6.37226200828999        7.29704995470493        4.31620301672671
H            7.81170461180280        7.36441765061642        3.75796286776432
O            7.10323631168678        7.37050702111489        7.28074741017224
H            7.41914828629522        7.42600175588626        6.36617837518603
H            7.36696755387022        6.47801640493778        7.57419612394003
24
 energy: -46.253698088267 gnorm: 0.005979857632 xtb: 6.7.1pre (5071a88)
O            4.62275363941336        4.80466647667462        3.33291726098446
H            4.04286802472644        4.24022205169770        3.85435643597556
H            5.52549294318042        4.54951393927811        3.59616649172775
O            4.69825187516580        4.43935858196331        6.88209407985150
H            3.94677705485897        4.00300302032229        7.28704740330913
H            4.51360888958719        5.39699901502642        6.91258182434430
O            4.72153306239722        7.52711887676088        4.04046426468005
H            4.52208930593878        6.65355723071924        3.66174703364459
H            4.42273894492329        7.47876021477181        4.96043578794815
O            4.48502225756601        7.17791612609415        6.87448302498773
H            5.46148834998913        7.28339848955641        7.02357520760060
H            4.07973441387547        7.80237956053040        7.47903674859087
O            6.82063310430180        4.29144721636161        4.94916338291402
H            6.07466111549716        4.32349105655210        5.56450858598906
H            7.11610843160860        5.21120438902560        4.84459446511648
O            7.46728652022539        4.62659973365516        7.69896567099386
H            7.77601973101311        4.26636753429687        6.85894377605568
H            6.52793915725478        4.40125298729213        7.72890808163561
O            7.30762055245782        7.03784960999691        4.51522509454596
H            6.37225101188738        7.29300889474110        4.31909807513720
H            7.81542310494605        7.34547389137744        3.76358689611439
O            7.10154215651565        7.36965837631994        7.29366608528868
H            7.40988767136687        7.41642660097154        6.37536878058217
H            7.36304393101056        6.47881663632092        7.59132824228603
24
 energy: -46.253876070443 gnorm: 0.006427354645 xtb: 6.7.1pre (5071a88)
O            4.60444408874136        4.79295383946163        3.37177013057047
H            4.04722385690635        4.25140767809594        3.93876732739881
H            5.51765922883317        4.52530429648867        3.58394996571940
O            4.69576867600042        4.44790910428888        6.82929520321423
H            3.96295751713114        4.01242651731391        7.27073093401916
H            4.51760145880328        5.40749266557462        6.87405565732981
O            4.73086284135923        7.52239611467115        4.04206152291450
H            4.53068036523506        6.64460017125603        3.67322765361095
H            4.42390520035954        7.48917898158506        4.96130633069619
O            4.48242743718001        7.18813444056606        6.87834719463040
H            5.45871964204439        7.29387792352601        7.03373044814147
H            4.07151211068340        7.79380256807272        7.49866078531290
O            6.84504224596490        4.28449307319047        4.92803658975896
H            6.08578753856360        4.30737293800531        5.52902439095535
H            7.11381763918486        5.21353808112046        4.81138370597196
O            7.46650710049898        4.62911875581680        7.69448461961483
H            7.75039081761030        4.32074015848767        6.82331500688430
H            6.52896880291437        4.40531273911440        7.72936350332161
O            7.30905775368306        7.02671792388983        4.52565694235386
H            6.37478173646603        7.28277259623875        4.32414384600234
H            7.82168448668704        7.32255381548756        3.77114628371780
O            7.09787830348479        7.36994197897869        7.31153411719263
H            7.40345360861238        7.40651586768468        6.39123104176961
H            7.35364279275962        6.47992828139158        7.61303949920219
24
 energy: -46.254082453265 gnorm: 0.011567788993 xtb: 6.7.1pre (5071a88)
O            4.58072346904467        4.77379525455282        3.42151704001455
H            4.05496932061070        4.26524361468564        4.05370673668125
H            5.50302229895692        4.50701578601969        3.58362588258605
O            4.68903965414987        4.45546422173196        6.76435560244278
H            3.97319779613063        4.02747417126197        7.24044359422134
H            4.52157882135530        5.41766685615230        6.82087098347834
O            4.74113486171561        7.51586233674199        4.04564858310797
H            4.53812318746210        6.63388804394850        3.68776957376322
H            4.42353916130888        7.49898125104871        4.96294401934010
O            4.47969835477066        7.19638991173503        6.88458922616082
H            5.45551834173433        7.30680562761009        7.04464101384791
H            4.06213289493395        7.78588886408091        7.51549239208594
O            6.87343581570057        4.27578438263077        4.90473154199584
H            6.10077855746738        4.28529106347702        5.49061064005819
H            7.11439776693382        5.21454445646661        4.78418558626746
O            7.46311234988685        4.63401510619022        7.68044960946895
H            7.73211107958304        4.37047028047943        6.79086208839375
H            6.52869471998127        4.40367947731500        7.71622088963192
O            7.31397813040243        7.01371774230975        4.53545591728290
H            6.37976277780106        7.26905336924293        4.33320438675823
H            7.82785002587460        7.30629217676382        3.77993557461241
O            7.09287281680581        7.37414891573412        7.32762733318985
H            7.40408632640031        7.40387017510053        6.40896339772434
H            7.34101672069663        6.48314742502732        7.63041108718956
24
 energy: -46.254449278385 gnorm: 0.015134667328 xtb: 6.7.1pre (5071a88)
O            4.54190900303888        4.75475247269713        3.52131203570259
H            4.07061274120482        4.26664862812111        4.20177278636420
H            5.47262810986862        4.48121347490425        3.60671097668151
O            4.67206590601634        4.46414549868108        6.66433311167349
H            3.97591826522450        4.05492778030736        7.18377571774734
H            4.52715308047827        5.43123609094114        6.73917925960520
O            4.75431467013558        7.50900884795757        4.05537528907776
H            4.54340561369813        6.62358269888297        3.71048782626944
H            4.42044230078262        7.51144080368093        4.96853461466456
O            4.47600095292351        7.20424968940777        6.89461583829761
H            5.45113904576893        7.32600968521577        7.05902036157216
H            4.04874705763042        7.77827919302390        7.53114732704443
O            6.91436528806412        4.26145193555709        4.87373956829587
H            6.12765089023077        4.24996711281143        5.44293833207474
H            7.12212133998855        5.21204397911022        4.75961397996549
O            7.45595918526861        4.64254028011519        7.65212203598634
H            7.72164680094720        4.42859161147612        6.75432863460679
H            6.52735086318124        4.39376068044246        7.67930702942687
O            7.32514185279360        6.99585723227374        4.54646447659988
H            6.38958256501039        7.24570702604911        4.34751826447040
H            7.83659741748689        7.29582735289316        3.79161890952102
O            7.08602076446793        7.38544023699138        7.34620581422725
H            7.41477258638896        7.41220334351886        6.43376023163690
H            7.31922894910879        6.48960485524775        7.64438027879178
24
 energy: -46.254705207400 gnorm: 0.019388917309 xtb: 6.7.1pre (5071a88)
O            4.50022910046729        4.72806848068195        3.61516037334842
H            4.08763559346627        4.28480954017397        4.38113001977618
H            5.43523144513082        4.46345414579867        3.63495202581140
O            4.65503537703205        4.47714491406835        6.56550429089840
H            3.97451682263307        4.08491600995114        7.11256941956834
H            4.52705672375426        5.44582180563721        6.64515779724380
O            4.76552371722926        7.49616408075196        4.06279345925292
H            4.53904486726633        6.60759706236201        3.73431620299800
H            4.42323644525130        7.51934539703757        4.97180650263312
O            4.47307817260058        7.20959171115681        6.89976252061909
H            5.44591571150048        7.34221258369493        7.06999800491891
H            4.03489849321442        7.76722951356458        7.54306645198544
O            6.95039954149616        4.24316435561429        4.84800685035499
H            6.16691173442598        4.22365444882606        5.41660928465263
H            7.14832532403690        5.19452894367958        4.73661677212476
O            7.44615547862621        4.64691870869975        7.61620666523574
H            7.70669838763429        4.50352975823930        6.69248736371149
H            6.52384974886361        4.36754259248271        7.64609072381900
O            7.33628430104039        6.97978197474274        4.56279637243142
H            6.39969817086059        7.22703173472783        4.36591469492968
H            7.84590654341649        7.28916035456887        3.81103256045688
O            7.07826308168624        7.39634350546908        7.36080439610484
H            7.42862648191389        7.42389027789671        6.45683760769260
H            7.30225398616107        6.49658861048174        7.65864233973555
24
 energy: -46.253643737277 gnorm: 0.049236364608 xtb: 6.7.1pre (5071a88)
O            4.50590799641446        4.73236183907708        3.60416643274290
H            4.08518335110181        4.28890326421393        4.33720671824089
H            5.40893585541165        4.49197935246581        3.69419968479070
O            4.64778691011164        4.47583090848695        6.59926313790998
H            3.94440773495214        4.09242202125363        7.09762320094429
H            4.51193124586106        5.43858002008210        6.63281952604932
O            4.75398417472115        7.49092885818645        4.06359481386592
H            4.51124306693919        6.60656043864625        3.73593544021141
H            4.43029587967848        7.50554133542498        4.97235256009709
O            4.47668831208995        7.19236776088925        6.89104036985335
H            5.44653210997871        7.33055113023922        7.05765118313221
H            4.03884965714813        7.76884710190091        7.51609043051915
O            6.93066294145975        4.23472756476349        4.87241405802654
H            6.18666713691382        4.24136171775610        5.47934802231775
H            7.18594330432901        5.16193146264792        4.76940554888596
O            7.43965674960048        4.64249840352080        7.60031313495401
H            7.74646064304271        4.46559869516004        6.70530266578794
H            6.51877664271516        4.33762256478928        7.61590671417384
O            7.34167177160619        6.99461354587797        4.56262493314009
H            6.40244585998115        7.23487406649052        4.37003009852929
H            7.84313096987279        7.32898336482001        3.81771810642325
O            7.08051054445267        7.40516197377697        7.33955478561158
H            7.44771098857394        7.45588105941497        6.44430661217049
H            7.30939140275205        6.50036206042307        7.62939452192579
24
 energy: -46.254992500523 gnorm: 0.020932998292 xtb: 6.7.1pre (5071a88)
O            4.49615267773096        4.75024518458177        3.61786151847855
H            4.08175455533667        4.28789139855148        4.34538392828297
H            5.42975075480618        4.46581284305878        3.63439535197600
O            4.64326270432327        4.47459911617483        6.58535317741456
H            3.95883005846632        4.08582468658812        7.13742567087083
H            4.51514762279630        5.43878090027353        6.64777974788068
O            4.75554090485451        7.49518497326117        4.06025544950661
H            4.51325532927701        6.60934084995067        3.73642580585563
H            4.43490868481799        7.51518837975821        4.97134891774378
O            4.47551804487561        7.19506072596140        6.88456532078827
H            5.44533023794790        7.32597025855818        7.05383017240893
H            4.03849543574611        7.76480832363055        7.52021306885910
O            6.93582991231882        4.23362967449564        4.86471584777008
H            6.18653171746786        4.23752877975612        5.46927208230171
H            7.18166673392687        5.16471693331529        4.74945545756021
O            7.43400990608452        4.64484102927746        7.61118406809640
H            7.74394623492744        4.45172501860457        6.72722487110258
H            6.51275763134150        4.35451876242288        7.61377471597035
O            7.33896420335266        7.00033488151174        4.56780731647747
H            6.40091206981726        7.24185156460220        4.36788167421078
H            7.84485869163455        7.32365178711006        3.82142905455292
O            7.08093342246641        7.40365181061915        7.34340956528053
H            7.43301277013113        7.45213296710815        6.44252279017484
H            7.31340494526013        6.50119966113578        7.63474712673999
24
 energy: -46.255167776939 gnorm: 0.018185182653 xtb: 6.7.1pre (5071a88)
O            4.49226719338176        4.73332848195777        3.61312849990944
H            4.08490058386428        4.29902038984600        4.38458353460409
H            5.42320148897796        4.47425080409278        3.64778034533625
O            4.63824769328593        4.46890269026455        6.56955113619695
H            3.95290874214281        4.08536265367159        7.12180884629572
H            4.52597831422261        5.43863929037444        6.65737207629187
O            4.76016867120947        7.49049459349823        4.05575730403536
H            4.51866988990783        6.59954212103494        3.74296403127454
H            4.43332084482123        7.52659802502603        4.96911427929582
O            4.47536859998167        7.19743412128292        6.88647557416519
H            5.44664611444962        7.32602498912981        7.05477787418171
H            4.04029317878786        7.76825418684909        7.52050608043958
O            6.95291801546496        4.23221442268089        4.86359748684845
H            6.17729586421756        4.22703326568612        5.44338078080565
H            7.16743936373845        5.17635147418869        4.73564230950310
O            7.43252869246524        4.63809870829150        7.62486903282444
H            7.75054486958454        4.46450131765364        6.73292188965876
H            6.51145750040168        4.36023783454546        7.59869327634768
O            7.34079297713057        6.99907848779941        4.56625719229133
H            6.40222932184779        7.23648888785332        4.36604683373874
H            7.84674945078165        7.32644566339151        3.82088659595836
O            7.08374670263664        7.40200148500490        7.35083901482487
H            7.42579435223234        7.44970848458900        6.44521587341051
H            7.31130682417361        6.49847813159510        7.63609283206543
24
 energy: -46.255310207218 gnorm: 0.008579694559 xtb: 6.7.1pre (5071a88)
O            4.48690518550025        4.74034549182976        3.62975930248912
H            4.08116638937515        4.30154204959011        4.38574999648066
H            5.41696618443063        4.46117139822691        3.64825352160475
O            4.64001442107954        4.46975350390389        6.57892032162699
H            3.94732270237246        4.08549657474544        7.10974154688942
H            4.52059265881203        5.43701513980410        6.64500270959228
O            4.75972312151523        7.49254123927008        4.05635721712123
H            4.51663586134449        6.60190839361577        3.74546988197156
H            4.43644551506847        7.52828779185945        4.96925549599658
O            4.47696067826815        7.19478805052982        6.88337915716244
H            5.44720730089636        7.32378841914261        7.05340229937554
H            4.04018129388980        7.76644248229873        7.51641355969723
O            6.95415779154578        4.23057608668109        4.86611601310798
H            6.18293502404586        4.22809633155971        5.45014394691388
H            7.17444980228901        5.17096530692222        4.73622834190088
O            7.42899130040259        4.63731044171465        7.62611506437438
H            7.76050229783534        4.47234428031683        6.73004572757603
H            6.50910410211686        4.34975917712969        7.59407506767080
O            7.34070338245158        6.99957640412648        4.56702836240888
H            6.40250877741094        7.23797701038264        4.36540531636484
H            7.84804420199367        7.33362321680460        3.82570583873904
O            7.08437050944369        7.40325261337938        7.34799505813134
H            7.42562199103451        7.45152728855151        6.44190429170498
H            7.31326475658566        6.50040181792224        7.63579466140305
24
 energy: -46.255425426346 gnorm: 0.012146159776 xtb: 6.7.1pre (5071a88)
O            4.47668107494091        4.74117744712229        3.64758048384329
H            4.08096074300067        4.31561132923423        4.41400900950499
H            5.40258305085325        4.45490084932619        3.65516609338209
O            4.62949291124886        4.46845476761083        6.55792019328676
H            3.94813416677167        4.08798653979246        7.11953016329589
H            4.51517804140978        5.43465753210476        6.62625242668555
O            4.75881032154251        7.49193658883382        4.05743592773521
H            4.51340697834516        6.60196771046060        3.74895939594316
H            4.44018560853456        7.52650495954314        4.96892774416868
O            4.47897075950290        7.18981685679583        6.87846294025394
H            5.44732260744479        7.32144640907179        7.05293346873017
H            4.03789261762737        7.76188372343670        7.50959905476080
O            6.95683620915802        4.22733290956630        4.86071078142443
H            6.19878344901120        4.22574951359823        5.45699014192342
H            7.19237119763122        5.16010055380512        4.73979877946078
O            7.41939746701830        4.64297483397822        7.61439855998372
H            7.77644089728377        4.45157214241895        6.74331249987214
H            6.50012345243014        4.34513161116004        7.57240399828572
O            7.34251444008745        7.00247092607060        4.56978109018582
H            6.40411209293641        7.23806099119124        4.36558165450573
H            7.85092113460667        7.34941158092502        3.83487274869111
O            7.08407153516417        7.41083842687166        7.34345877021656
H            7.42754045516505        7.46144905178647        6.43828680670221
H            7.31204403799328        6.50705325560324        7.63188996746180
24
 energy: -46.255566004901 gnorm: 0.011388033755 xtb: 6.7.1pre (5071a88)
O            4.47395968918891        4.74021441633842        3.64334776445135
H            4.08093753200117        4.32802570652277        4.42420858992608
H            5.39965783950605        4.45140451328286        3.64874890961914
O            4.62946117710824        4.46254175710395        6.57031206441677
H            3.94068835236496        4.08197670468742        7.11380137814445
H            4.51680104618824        5.42956822455449        6.63755179507034
O            4.75952644281596        7.49210489385612        4.05379229820915
H            4.51442784883923        6.59997070809422        3.75074221887948
H            4.44195975222162        7.53249003600825        4.96664470008348
O            4.48044815773587        7.18588099716611        6.87647362174443
H            5.44904484500683        7.31708467841220        7.05015525202861
H            4.04015622158286        7.76302079334185        7.50269282223995
O            6.95795474184238        4.22771684601515        4.86259308237191
H            6.19737860326998        4.22689101221288        5.45678250588608
H            7.19044170166332        5.16174934215866        4.73631812267181
O            7.41564112451861        4.64299725413231        7.61961251653249
H            7.79035421971397        4.43272357682008        6.76144545888247
H            6.49607017812798        4.35091018875583        7.56220342561190
O            7.34250657703180        7.00630360871104        4.56765237985480
H            6.40385699110210        7.23912903251456        4.36174604842181
H            7.85203305296574        7.36238799735397        3.83760381760632
O            7.08578284620540        7.41244339444025        7.34126059613593
H            7.42206781794156        7.46165135752431        6.43296031267441
H            7.31361849076536        6.50930347029997        7.62961301884094
24
 energy: -46.255642720609 gnorm: 0.015000005932 xtb: 6.7.1pre (5071a88)
O            4.46723910523772        4.73798167002079        3.64225200495578
H            4.08155155353284        4.36213811732117        4.44785560609831
H            5.38418918399510        4.43383542243739        3.64660956053477
O            4.61878978310230        4.44517996153371        6.57205518158901
H            3.93457077336972        4.06481546831853        7.12774836379398
H            4.52404259124395        5.41674659390121        6.67235271177675
O            4.76403546218817        7.49380807621186        4.04210998321357
H            4.51973861411670        6.59389498613392        3.75833428468671
H            4.44915503012418        7.55520207794207        4.95900048866118
O            4.48515056311972        7.17685107630284        6.86998653160022
H            5.45456330386036        7.30578004115233        7.04297783639841
H            4.04626080958669        7.76500813941859        7.48576874902503
O            6.97396091159664        4.22579267218961        4.86820923978529
H            6.19506959264882        4.22501820997646        5.44360211549524
H            7.18550133759407        5.16736836369425        4.71939436850461
O            7.39530646041298        4.63954411392022        7.63982833501254
H            7.82842379742332        4.40110067848950        6.80146740420075
H            6.47535100245668        4.36738694865646        7.52238379615198
O            7.34216544071433        7.01438262682274        4.56161443761497
H            6.40308668551581        7.24186836019414        4.35129095345279
H            7.85624635601851        7.39982287853557        3.84857934749431
O            7.09021107092278        7.41514130031679        7.33694169877847
H            7.40292959482446        7.45441401062710        6.41814490990622
H            7.31723622610225        6.51540871619024        7.62975479157349
24
 energy: -46.255839777053 gnorm: 0.006905578917 xtb: 6.7.1pre (5071a88)
O            4.45954882314978        4.73909275434606        3.66050925217053
H            4.08670554167371        4.36340054953995        4.47079269036253
H            5.37870098338359        4.43020658188616        3.64509989592856
O            4.62220683964600        4.44904918463642        6.56872068484922
H            3.93872538856881        4.06516226749860        7.11759669531208
H            4.51557716018197        5.41735947210795        6.64758299115285
O            4.76397853521750        7.49502106256910        4.04633935516074
H            4.52315768269455        6.59803375876373        3.75528418964555
H            4.44819345589495        7.54658602651849        4.96046785793338
O            4.48575499891378        7.17676748907575        6.87101357520537
H            5.45463447189444        7.30867992864662        7.04679607445491
H            4.04324110108648        7.76006066028121        7.49001855790851
O            6.97495894555227        4.22531070440636        4.86068384022564
H            6.20260978779600        4.22462452888143        5.44184314900630
H            7.19463818277060        5.16320150561088        4.72082931528711
O            7.39760365566313        4.64441494177337        7.62877565276355
H            7.81584141732148        4.39004558790552        6.79540052661644
H            6.47613179624943        4.37950307796861        7.52732701880591
O            7.34244577541651        7.01260772122851        4.56336889052833
H            6.40314054794373        7.23862586160246        4.35165958003928
H            7.85702217992426        7.39888681269695        3.85167889632147
O            7.08860798078510        7.41797819576284        7.33644572163187
H            7.40508270462405        7.45538914427845        6.41943108402714
H            7.31626729335608        6.51848269232217        7.63059720496714
24
 energy: -46.255920788334 gnorm: 0.005036292521 xtb: 6.7.1pre (5071a88)
O            4.45798050833235        4.74168575496528        3.65688809043342
H            4.09564885044691        4.36945423232104        4.47027030096603
H            5.37588943592470        4.43370108240158        3.63735224779238
O            4.62286171781130        4.44680340916380        6.57865070310489
H            3.94204090818205        4.05605849199535        7.12536354548688
H            4.51036065584296        5.41357964903600        6.65914455094979
O            4.76335547241709        7.49624957333540        4.04472032195577
H            4.52215390978235        6.60033103327024        3.75095600979379
H            4.44882836517990        7.54426672119371        4.95856111389442
O            4.48726398914483        7.17239877892166        6.86957729189535
H            5.45630013001007        7.30555194587375        7.04505942446060
H            4.04468555756318        7.75820168109845        7.48630339359774
O            6.96997299312102        4.22715600303201        4.85825608225906
H            6.20413676594721        4.23038105368858        5.44538065969649
H            7.20277258555582        5.16014342396360        4.72644985190886
O            7.39352004008533        4.64806021701189        7.62714069375681
H            7.81597699554686        4.36007846191170        6.80758547282694
H            6.46852303190050        4.39582924473032        7.52634406938011
O            7.34172288155017        7.01461182153656        4.56043867335494
H            6.40224360044928        7.24046899466012        4.34889790815533
H            7.85692095357926        7.40947119503342        3.85452922264517
O            7.08790853787630        7.41910019087615        7.33003307225826
H            7.40335975226620        7.45324809434282        6.41285754182276
H            7.32034761119257        6.52165945594412        7.62750245790873
24
 energy: -46.255988066374 gnorm: 0.008035175508 xtb: 6.7.1pre (5071a88)
O            4.44142976715899        4.73904529821293        3.69076475068238
H            4.12321576624663        4.39669633474470        4.53989747785895
H            5.35692276545943        4.42242052004129        3.62816480319764
O            4.61641777334993        4.44554010991864        6.55803524630533
H            3.95314759160406        4.04348608028933        7.12113638818561
H            4.49814319136362        5.41085538108409        6.65074789808589
O            4.76749374193570        7.49507988316323        4.04320093027661
H            4.52165113374607        6.59829522422848        3.75256927722814
H            4.45128552646826        7.54730293587603        4.95628291582009
O            4.48916755247928        7.16605396039296        6.87053403589009
H            5.45889042474441        7.30477704688432        7.04470270250048
H            4.04431221190196        7.74909171574638        7.48820215329959
O            6.98233775633103        4.22118160685960        4.84468491178187
H            6.21812318822628        4.23035688488161        5.43108896114331
H            7.22224911694221        5.15197528458504        4.71589636048976
O            7.37724771620681        4.65951699132985        7.61438728244915
H            7.81203868240422        4.31897740054881        6.82057132283714
H            6.44662502359083        4.42871182669028        7.50604018141062
O            7.34409709519138        7.01401817838352        4.55916166266972
H            6.40357334592734        7.23573220495745        4.34662885905134
H            7.86115275767298        7.43006500081269        3.86724844337541
O            7.08434848970369        7.42633430032765        7.32465300354305
H            7.39804284540050        7.45094663870262        6.40680188621607
H            7.32286178565288        6.53202970164615        7.62686124600652
24
 energy: -46.256041323785 gnorm: 0.004209126854 xtb: 6.7.1pre (5071a88)
O            4.45228817488954        4.74127493231955        3.67460800381130
H            4.13183435206757        4.39511805310886        4.51465128605078
H            5.36600088373851        4.42846547627095        3.62030375898543
O            4.62127024900938        4.44752629582795        6.57055293040516
H            3.96177872989082        4.03760125646051        7.13566473725056
H            4.49540214198173        5.41242059939849        6.66589938200928
O            4.76582325320740        7.49528257556812        4.04394231034259
H            4.52311824554517        6.60030732930807        3.74590575351241
H            4.44849398530121        7.54038872223055        4.95724175323107
O            4.48785988327686        7.16774276645501        6.87411208135833
H            5.45896582044881        7.30505564110487        7.04418557687274
H            4.04653410978242        7.74841071664873        7.49654590445891
O            6.97905233137718        4.22147815570619        4.84762122421255
H            6.20936123359753        4.23603092296444        5.42906650426142
H            7.21785179205165        5.15485491806135        4.71428784378814
O            7.37956818047449        4.66075942102101        7.61546077581769
H            7.79431924127887        4.30995976428005        6.81797898143295
H            6.44507266681227        4.44159739544703        7.52238103076098
O            7.34282793960474        7.01323860303344        4.55630877351563
H            6.40222861164757        7.23589143467148        4.34472014215488
H            7.85940730405616        7.42311892937523        3.86245335859292
O            7.08387036198346        7.42431307519444        7.32373431327313
H            7.39555747449278        7.44674044667178        6.40500192984463
H            7.32628828319234        6.53091307917958        7.62563434436120
24
 energy: -46.256077848853 gnorm: 0.002889435501 xtb: 6.7.1pre (5071a88)
O            4.45418196321680        4.74185885377006        3.66723305208700
H            4.13860353879869        4.40196986527479        4.51397990553300
H            5.36790694931081        4.43041826933241        3.60923717602204
O            4.62122396815319        4.44796241351574        6.57940675962039
H            3.95934123444093        4.03772006517777        7.13810878908558
H            4.49509270968922        5.41315222136143        6.67436965050239
O            4.76403868538531        7.49435852929646        4.04525388379255
H            4.52290587024632        6.60108883372410        3.74271617640628
H            4.44698635070410        7.53408815232591        4.95832867800878
O            4.48719981747919        7.16685333395931        6.87492505004108
H            5.45856576474470        7.30352573623711        7.04373118552688
H            4.04757601686584        7.74786622204222        7.49803240091649
O            6.97460117944357        4.22093628854384        4.84685642538866
H            6.20685391713358        4.23780183524725        5.43148283258605
H            7.22010324422552        5.15255455207102        4.71826396066981
O            7.37703008517167        4.66048708489817        7.61872620786809
H            7.79735857646460        4.30749697436544        6.82357345453214
H            6.44222270944725        4.43991547173373        7.51954101256847
O            7.34308430712011        7.01098658970960        4.55403540556689
H            6.40256352437655        7.23478513123563        4.34409447184407
H            7.86000003038970        7.42675493732135        3.86252184562105
O            7.08454482271908        7.42523563094108        7.32120934391299
H            7.39525928365674        7.44959419965365        6.40195655359002
H            7.32753070052497        6.53107931856959        7.62067847861398
