16
 energy: -18.619331353150 gnorm: 0.068419064733 xtb: 6.7.1 (edcfbbe)
C           -0.78036602133113        0.99099335191161       -0.27213652210080
C            0.00860251930964       -0.02421848596161       -0.46011022701432
C            1.45763726121287       -0.02252320640313       -0.43432203332577
C            2.25000947036012        0.99882386499534       -0.29691803396791
C            1.39414074505324        1.26961717306721        2.75320684748879
C            0.07733612478225        1.26256262076715        2.75015111137065
H           -0.39705963436193        1.97167592953807       -0.12738205419025
H           -1.85296010724225        0.89970806593062       -0.27402434766419
H           -0.44026239447907       -0.98430572650179       -0.61549601110051
H            1.91187683882063       -1.00733000302450       -0.55147084350920
H            3.31995778899378        0.89566667142359       -0.27117016105744
H            1.86564947352994        1.99685310118969       -0.22450917397904
H            1.96814209195624        0.36247762392229        2.85241224480843
H            1.96178205534317        2.18076020494985        2.67663081427927
H           -0.51414554283915        2.14851079824382        2.55365948979057
H           -0.48923163925293        0.34372087008641        2.76876311547399
16
 energy: -18.620512517751 gnorm: 0.024722473048 xtb: 6.7.1 (edcfbbe)
C           -0.78727516387285        1.00194743580922       -0.27962406530265
C            0.00728683827120       -0.04164786829947       -0.46215846081173
C            1.46003956165923       -0.04003094073676       -0.44479209630988
C            2.25645605684702        1.00845514366007       -0.30676588525168
C            1.39416818351605        1.26863332725248        2.74463288433442
C            0.07806023664341        1.25509270176217        2.69511736457542
H           -0.39779120739873        1.98971820680904       -0.12202082368316
H           -1.85999167938659        0.91053673430645       -0.27955269192962
H           -0.44348788843359       -1.01021298919410       -0.61794035322413
H            1.91189857927030       -1.02268633507440       -0.54352916195830
H            3.32723095851407        0.90908740883547       -0.27538893194156
H            1.86806918283825        2.00773935712030       -0.21415933003083
H            1.96826165718445        0.36513871910721        2.86995535611521
H            1.96098533731007        2.18274401031548        2.68338063807459
H           -0.51196739142301        2.15751161079298        2.59110600594892
H           -0.49083423168386        0.34096633166847        2.78902376669725
16
 energy: -18.621108135915 gnorm: 0.020168996571 xtb: 6.7.1 (edcfbbe)
C           -0.78842464706553        1.00552493881966       -0.27091140023550
C            0.00863647220212       -0.04295473399004       -0.45845411116519
C            1.45955136422114       -0.04373479539675       -0.43928196974156
C            2.25712603147903        1.01085507066980       -0.29445054975928
C            1.39062507825243        1.27172310587492        2.77143803261129
C            0.07471955021905        1.26023668840871        2.73600971615006
H           -0.39795558896914        1.99569706785494       -0.11957718650401
H           -1.85950015812467        0.90559335579749       -0.27092687082650
H           -0.44368242078431       -1.01057206724074       -0.62004989530241
H            1.91131973365809       -1.01988465691043       -0.55241203535627
H            3.32689255379601        0.90455087256625       -0.26971562274982
H            1.86953855879724        2.01159497109421       -0.22046301985945
H            1.96484074495678        0.36310275673986        2.84686558052582
H            1.95959403655805        2.18141097087268        2.66865103758052
H           -0.50573921921059        2.14700674498279        2.55237100395168
H           -0.48643306013030        0.34284256399126        2.76819150598291
16
 energy: -18.621538995850 gnorm: 0.009356874164 xtb: 6.7.1 (edcfbbe)
C           -0.78542811416152        1.00244449753041       -0.27472061312224
C            0.01056853580239       -0.03635857576621       -0.46184901146738
C            1.45798993248396       -0.03825693742485       -0.43942298383688
C            2.25342759641874        1.00882601351158       -0.29701643341625
C            1.39235389117252        1.26904881831271        2.74534284632258
C            0.07552922918795        1.26104427202517        2.73886409260101
H           -0.39594452458243        1.98846470285088       -0.12869758280247
H           -1.85516093020954        0.89747454767946       -0.27843862420249
H           -0.44269172563988       -0.99978066684763       -0.61809457793318
H            1.91186043794694       -1.01267399969781       -0.55139205697450
H            3.32188374014003        0.89593538063382       -0.27299369842703
H            1.86585689431605        2.00674026428025       -0.22456390692611
H            1.96684527495804        0.36435305301479        2.85886354082467
H            1.96175285127106        2.18154273335696        2.68340241635154
H           -0.50996683415836        2.14980646699787        2.56983567014848
H           -0.48776722509054        0.34438228367720        2.77816513816252
16
 energy: -18.621589329521 gnorm: 0.007236891365 xtb: 6.7.1 (edcfbbe)
C           -0.78523427865978        1.00293607599983       -0.27121222065816
C            0.01030525719758       -0.03605621137181       -0.45930219311985
C            1.45841692933362       -0.03789119252333       -0.44035076880301
C            2.25372337122517        1.00976189104887       -0.29981609419915
C            1.39239008416692        1.26955316731274        2.75282758868269
C            0.07535199319091        1.25817732241291        2.71724089921535
H           -0.39430682361472        1.98627061144862       -0.11669222124210
H           -1.85535626161374        0.90114943618422       -0.27290393011599
H           -0.44386580299699       -0.99940587590630       -0.61562535379361
H            1.91236109387737       -1.01379457942249       -0.54599711154284
H            3.32256765110798        0.89896154881230       -0.27248553028224
H            1.86527900335958        2.00573026275430       -0.21401306612904
H            1.96762227639053        0.36427798804482        2.85871941162002
H            1.96111049188067        2.18101472507950        2.67249977439050
H           -0.51065547155562        2.15107467692361        2.56248132490303
H           -0.48860048343407        0.34123300733683        2.77191370637667
16
 energy: -18.621629519200 gnorm: 0.005167140226 xtb: 6.7.1 (edcfbbe)
C           -0.78711668836217        1.00302982165483       -0.27692721887646
C            0.00986705915261       -0.03873309102641       -0.46176000412740
C            1.45888606611686       -0.04033988361074       -0.44112215669260
C            2.25483483471099        1.00981890358829       -0.30028428406996
C            1.39232487797560        1.27061042641581        2.76270520578090
C            0.07565761243569        1.25960687926674        2.72930792545823
H           -0.39661867045284        1.98835411741251       -0.12700377225167
H           -1.85752902576510        0.90226614308564       -0.27896364812387
H           -0.44363858936798       -1.00363395818764       -0.61956047596477
H            1.91228862850803       -1.01639324648118       -0.54938721299971
H            3.32414765576965        0.90077574787416       -0.27319648878089
H            1.86700341733140        2.00705321485632       -0.22306531289898
H            1.96719996881944        0.36367618606084        2.85482678631108
H            1.96115408953089        2.18184629087157        2.67861039060914
H           -0.50923066598290        2.15233460244801        2.57280248181435
H           -0.48812154056476        0.34272069990588        2.78030200011488
16
 energy: -18.621662555400 gnorm: 0.004225416309 xtb: 6.7.1 (edcfbbe)
C           -0.78696063561001        1.00349299298750       -0.27239760292237
C            0.01011465853627       -0.03805202677178       -0.45953658918847
C            1.45876882255464       -0.03998439014634       -0.43894676654344
C            2.25496156519966        1.00986022005735       -0.29597470193880
C            1.39197617604647        1.26934227406124        2.74922839630942
C            0.07549808452845        1.25982200458391        2.73018278846636
H           -0.39670360000703        1.98962546701116       -0.12399987479387
H           -1.85713999561769        0.90135631713209       -0.27392960675890
H           -0.44328327966801       -1.00296137948473       -0.61784842591551
H            1.91179343367846       -1.01530820640497       -0.55167136569266
H            3.32414752570889        0.89963863634289       -0.27162326279590
H            1.86763660174533        2.00771495649186       -0.22115090494915
H            1.96645984643285        0.36397540643998        2.85730020279318
H            1.96094349855185        2.18162331674354        2.67849312885853
H           -0.50928904563198        2.14985180226032        2.56406786136737
H           -0.48781462659272        0.34299546283059        2.77509093900649
16
 energy: -18.621686851885 gnorm: 0.001740816393 xtb: 6.7.1 (edcfbbe)
C           -0.78592689095939        1.00309504180337       -0.27409331105270
C            0.01038467688040       -0.03727888193059       -0.46109275123046
C            1.45848022785258       -0.03916239515672       -0.44094826334607
C            2.25383165047192        1.00990861639494       -0.29953985665777
C            1.39228911271659        1.26978663480647        2.75390077359991
C            0.07551628808544        1.25953855314308        2.72856627636576
H           -0.39511513027158        1.98779780388956       -0.12209920074303
H           -1.85595874291054        0.90095369484391       -0.27684376272472
H           -0.44348020615764       -1.00156006937905       -0.61753202391669
H            1.91210926121685       -1.01487888478239       -0.54759200124496
H            3.32278646174945        0.89915281785675       -0.27305158963253
H            1.86558647333516        2.00667060753736       -0.21878419484887
H            1.96719470938974        0.36414694430430        2.85780392911550
H            1.96127075529406        2.18146162970885        2.67648307885147
H           -0.50983919542254        2.15077159659789        2.56717344287609
H           -0.48802042141507        0.34258914449687        2.77493366989134
16
 energy: -18.621674593532 gnorm: 0.002832218556 xtb: 6.7.1 (edcfbbe)
C           -0.78689257266183        1.00303870352430       -0.27309662035537
C            0.01019199051347       -0.03735736166247       -0.45962892098344
C            1.45876184187880       -0.03934220656139       -0.43920743410897
C            2.25497130982143        1.00956798215192       -0.29750459490792
C            1.39218852706977        1.26989369216836        2.75599168896888
C            0.07542059953666        1.25919400397901        2.72476388873495
H           -0.39680720974370        1.98861686679105       -0.12533065764453
H           -1.85702675483605        0.90068872737035       -0.27375227199053
H           -0.44346207449731       -1.00169302348020       -0.61793960515776
H            1.91203320385877       -1.01470236134298       -0.55155771496852
H            3.32408271520062        0.89883981495360       -0.27183560240861
H            1.86789214190412        2.00708447339173       -0.22224468545133
H            1.96703133114320        0.36368999097631        2.85531846351176
H            1.96113019759091        2.18162904770349        2.67869202016333
H           -0.50982006675641        2.15135481175028        2.56648165067815
H           -0.48858615016703        0.34248969242125        2.77813461122218
16
 energy: -18.621690441583 gnorm: 0.001091498812 xtb: 6.7.1 (edcfbbe)
C           -0.78678482917924        1.00314227527150       -0.27370906087403
C            0.01015091389239       -0.03777750089034       -0.46009521286985
C            1.45873598694239       -0.03967568048826       -0.43954827101363
C            2.25464071499525        1.00979551592998       -0.29771476305985
C            1.39222330917524        1.26980177747571        2.75449008714607
C            0.07555476482587        1.25944424244162        2.72742851730191
H           -0.39633652099446        1.98852211893638       -0.12418278754389
H           -1.85696293069525        0.90137657213668       -0.27561209052622
H           -0.44353849207030       -1.00229777939519       -0.61817454978728
H            1.91211579295377       -1.01517302733991       -0.55030295037443
H            3.32381383652954        0.89965960258454       -0.27218342608208
H            1.86704354689460        2.00710604363308       -0.22085413752015
H            1.96699812243837        0.36388324640986        2.85658753451967
H            1.96113063259366        2.18159084897672        2.67752056794371
H           -0.50956266324296        2.15098650570245        2.56691693537928
H           -0.48811315520347        0.34260809274978        2.77671782266305
16
 energy: -18.613322200847 gnorm: 0.121388394956 xtb: 6.7.1 (edcfbbe)
C           -0.78396709989149        0.97828943417608       -0.17137106202376
C            0.00923042084086        0.02162039536210       -0.50084455127934
C            1.45369741134310        0.02325957495046       -0.45300466933401
C            2.25293234523465        0.99476060995020       -0.21994059882740
C            1.39538741660728        1.27096333121222        2.65613809446946
C            0.07786911147291        1.25621578302870        2.65065332071492
H           -0.41116447123664        1.93693596242633        0.08182275848535
H           -1.85580949745115        0.88375850791889       -0.17570271712093
H           -0.43296474185257       -0.91553806239864       -0.78112150391926
H            1.90680471898848       -0.96265103330287       -0.65359604799351
H            3.31966697083259        0.87595193479117       -0.16937567054368
H            1.87814934770707        1.98963543253851       -0.10865113999047
H            1.97252213985300        0.36535102772315        2.76167925386596
H            1.95736179731311        2.18552723746481        2.59718157189297
H           -0.52293501391438        2.10849718029756        2.54318711923815
H           -0.48414141727045        0.33147010157768        2.59420092929518
16
 energy: -18.618314017705 gnorm: 0.027273986779 xtb: 6.7.1 (edcfbbe)
C           -0.79524294168549        0.99586499549370       -0.18799900225839
C            0.00640573209348       -0.00523166302745       -0.51000565699445
C            1.45681397981881       -0.00532401696176       -0.47343325902366
C            2.26499928078728        1.01211895285827       -0.23706816502630
C            1.39556513404062        1.26876126142661        2.66120782996389
C            0.07900778362501        1.24866084885487        2.61374758242705
H           -0.41103049829144        1.95862940739652        0.08765026200446
H           -1.86734183144395        0.89876539944045       -0.18305135190288
H           -0.43866129243208       -0.94937879994797       -0.78630892043637
H            1.90437606788281       -0.98610227086228       -0.63976869268310
H            3.33225337007510        0.89690961352590       -0.17497386017799
H            1.88198233151773        2.00719617662275       -0.09108121160632
H            1.97347234726646        0.36401538324053        2.75164358604239
H            1.95639591604003        2.18796247092161        2.62600935594452
H           -0.52638344062018        2.13025095784977        2.55603436193487
H           -0.47997250009780        0.32094870088481        2.63865222872192
16
 energy: -18.618443770519 gnorm: 0.026407802899 xtb: 6.7.1 (edcfbbe)
C           -0.79549508943963        0.99839152774388       -0.16463715459660
C            0.00904836448590       -0.00585715945912       -0.49914665536294
C            1.45571369628298       -0.01268425728148       -0.45962446087484
C            2.26396220955865        1.01273893431222       -0.20854022902444
C            1.39225233521168        1.26786651183308        2.67160368001242
C            0.07615627334233        1.24425947812361        2.64241710826170
H           -0.41117981157019        1.96538989291471        0.09844029457603
H           -1.86468707225305        0.88782362881459       -0.16770613243250
H           -0.43773252970421       -0.94226601824394       -0.79059779337217
H            1.90476880585268       -0.97416031673609       -0.66215680729717
H            3.32942624114414        0.88542834067307       -0.16403796925816
H            1.88425766355435        2.01233018191282       -0.10287046624560
H            1.97358600368239        0.36593441498579        2.75802283947060
H            1.95251464902537        2.18489174637335        2.58120788895857
H           -0.52409776307247        2.13046964716203        2.53889607519660
H           -0.47585453752453        0.32349086458784        2.57998486891814
16
 energy: -18.619451498712 gnorm: 0.008192314426 xtb: 6.7.1 (edcfbbe)
C           -0.79177073193240        0.99680582500997       -0.17622929939022
C            0.01130183398607        0.00052968392267       -0.50664659048113
C            1.45439993442155       -0.00695560215846       -0.46562621992113
C            2.25877944009743        1.01209485425691       -0.22003517097844
C            1.39452397042801        1.26780494867105        2.65598156676478
C            0.07776300338977        1.24471214364531        2.64349666542838
H           -0.40870113918079        1.96067523144215        0.08066915856536
H           -1.85960356189601        0.88193856455652       -0.18395115926169
H           -0.43636112458651       -0.93570345882826       -0.78618976903949
H            1.90623250580403       -0.97034175362115       -0.65153419478160
H            3.32278285468973        0.87813735633878       -0.17298788372234
H            1.87767082917831        2.00672362781538       -0.10677775712707
H            1.97450669941979        0.36691255794537        2.76115884889471
H            1.95542474079917        2.18710600817025        2.61111188365382
H           -0.52332465470618        2.12751468345956        2.55336318699346
H           -0.48098516133558        0.32609274709030        2.61545182133224
16
 energy: -18.619296722898 gnorm: 0.011390444732 xtb: 6.7.1 (edcfbbe)
C           -0.79172958223990        0.99725853876826       -0.17216661509543
C            0.01063525484040        0.00222946444170       -0.50368693280256
C            1.45540323909112       -0.00427926218280       -0.46805181759807
C            2.26019264477918        1.01412360760987       -0.22641311534887
C            1.39426891189681        1.26949485401828        2.65852806884711
C            0.07734818503972        1.24442208395277        2.61786606933791
H           -0.40676194705252        1.95445763392375        0.10052502981145
H           -1.86035345591125        0.88597885551832       -0.17353475752927
H           -0.43860815193964       -0.93496147044299       -0.78127776481612
H            1.90606901890343       -0.97307560724906       -0.64213709069178
H            3.32481428886345        0.88197045923800       -0.17168634133951
H            1.87806277876694        2.00428399524177       -0.08744044912491
H            1.97277289633717        0.36528401162435        2.74920627361539
H            1.95651334949155        2.18727039174601        2.60670155385933
H           -0.52465325040517        2.12638773419404        2.53489649109574
H           -0.48133474188492        0.32320212731407        2.60992648470923
16
 energy: -18.619565765494 gnorm: 0.003757988757 xtb: 6.7.1 (edcfbbe)
C           -0.79350470846705        0.99721340364529       -0.17766145957687
C            0.01035632633392       -0.00048446765735       -0.50568443035956
C            1.45571491434897       -0.00730670242541       -0.46652004650456
C            2.26072344265094        1.01348047339405       -0.22398931756716
C            1.39421885601114        1.26978787106223        2.66760880309610
C            0.07755695264521        1.24488828695350        2.63431042689407
H           -0.40918044398916        1.95740716707911        0.08782612909231
H           -1.86232578497835        0.88652171880029       -0.18082731220847
H           -0.43811753915577       -0.93787431019623       -0.78680582989154
H            1.90614824634366       -0.97404828503792       -0.64970502561393
H            3.32588902467187        0.88292549529813       -0.17185364433698
H            1.87994177627322        2.00622301049795       -0.10102049845316
H            1.97331337274280        0.36578171158684        2.75696799721511
H            1.95609111728270        2.18700743315388        2.60448126805325
H           -0.52414324789443        2.12828587816554        2.55199746289842
H           -0.48004286624330        0.32423873339641        2.61213056419264
16
 energy: -18.619538809523 gnorm: 0.005353065101 xtb: 6.7.1 (edcfbbe)
C           -0.79298562092004        0.99724300024547       -0.17259418420982
C            0.01085022117024       -0.00015237098426       -0.50311728025763
C            1.45539618892272       -0.00767031287153       -0.46363818171241
C            2.25993367235310        1.01309553601986       -0.21797382722651
C            1.39423743790429        1.26798978014395        2.65272617076198
C            0.07770815303908        1.24408872345922        2.63370673916646
H           -0.40904320270437        1.96014274808478        0.08608450895847
H           -1.86134846963968        0.88478363936908       -0.17718805149062
H           -0.43727124911164       -0.93717355317966       -0.78502443721210
H            1.90580975983267       -0.97217304403907       -0.65221708271363
H            3.32497445263056        0.88127128473912       -0.17082617280077
H            1.87955057866302        2.00713606190474       -0.10197748436502
H            1.97361556175679        0.36628195889715        2.75879634503312
H            1.95529503450957        2.18692553653450        2.60877589811084
H           -0.52333999496047        2.12769157820327        2.54554735014939
H           -0.48074308486948        0.32456685118974        2.61017477673789
16
 energy: -18.619594222836 gnorm: 0.001169930363 xtb: 6.7.1 (edcfbbe)
C           -0.79272153944379        0.99720588466936       -0.17522704830150
C            0.01088059323994        0.00032058457835       -0.50564323884866
C            1.45548036471639       -0.00696994365753       -0.46689385511153
C            2.25984336161345        1.01351012013728       -0.22246809972947
C            1.39416226283997        1.26912992506371        2.66099397439398
C            0.07749494797110        1.24459487099835        2.63549144832985
H           -0.40834648936352        1.95801948972653        0.08932416937346
H           -1.86114853029974        0.88525359227330       -0.17968852155231
H           -0.43753412709396       -0.93702440546118       -0.78592588440104
H            1.90587511027307       -0.97318211454281       -0.64893313287483
H            3.32475921631008        0.88140305093229       -0.17188348696876
H            1.87887797530942        2.00633018388110       -0.09942531349101
H            1.97361461113058        0.36607382704970        2.75624807907755
H            1.95564535723110        2.18709230449865        2.60646358584829
H           -0.52375669314504        2.12769594761842        2.54713666349949
H           -0.48048698271267        0.32459409995082        2.61168574768613
16
 energy: -18.619576921640 gnorm: 0.003072685143 xtb: 6.7.1 (edcfbbe)
C           -0.79352668998713        0.99730536095130       -0.17567346792753
C            0.01054678195662       -0.00000634579218       -0.50347217734898
C            1.45572126812070       -0.00714322362354       -0.46448052315448
C            2.26051984189356        1.01347737255446       -0.22216399808262
C            1.39439111666290        1.26924666779143        2.66302732225408
C            0.07765248116685        1.24434900230047        2.62887715302495
H           -0.40951097078682        1.95858725580748        0.08646359027986
H           -1.86211951444120        0.88555518209383       -0.17854802900961
H           -0.43799369034973       -0.93741935014262       -0.78411189276118
H            1.90610506778816       -0.97301958438390       -0.65025341297110
H            3.32569804229442        0.88199995932037       -0.17157435260933
H            1.88027207950318        2.00660160524500       -0.10162343414271
H            1.97319878466276        0.36567329175236        2.75837141940183
H            1.95640666236077        2.18677321241111        2.60644222050419
H           -0.52417415398368        2.12819200760874        2.55004781027534
H           -0.48054766828499        0.32387500382204        2.60992685919692
16
 energy: -18.619594708785 gnorm: 0.001118261779 xtb: 6.7.1 (edcfbbe)
C           -0.79320561863538        0.99718292235013       -0.17534486194219
C            0.01068240152088        0.00004425514116       -0.50443285503488
C            1.45567012065336       -0.00721298534638       -0.46534334030200
C            2.26020025967387        1.01341862817399       -0.22175175121213
C            1.39428165387522        1.26920165613002        2.66143696870414
C            0.07760110547824        1.24448372701213        2.63210008782770
H           -0.40895036125049        1.95821346136486        0.08795913388909
H           -1.86174649129286        0.88555088973397       -0.17898154771090
H           -0.43785388994293       -0.93713668262059       -0.78570580731250
H            1.90608388556450       -0.97306005212166       -0.65031079187140
H            3.32532826450923        0.88188213732346       -0.17137618589432
H            1.87963863133379        2.00642587058023       -0.10038322177821
H            1.97340358972204        0.36590826234019        2.75716725824348
H            1.95600261410339        2.18697042099682        2.60596700229951
H           -0.52397039486455        2.12796054937477        2.54869235546358
H           -0.48052633187193        0.32421435728324        2.61156264356065
16
 energy: -18.600121310231 gnorm: 0.171551725477 xtb: 6.7.1 (edcfbbe)
C           -0.78814532796616        0.96332141889538       -0.07334168823592
C            0.00998118304107        0.07204073311701       -0.53279302563025
C            1.45026785537392        0.07074137651690       -0.46983126705382
C            2.25579046609640        0.99006151686615       -0.14370759061797
C            1.39698701335974        1.27272717620610        2.56010461044102
C            0.07864694413193        1.24902723533457        2.55346203389652
H           -0.42689847549614        1.89675995881893        0.28205397514515
H           -1.85887176240307        0.86588860284342       -0.07972305691784
H           -0.42579132335029       -0.84136572971061       -0.94286379828771
H            1.90309136386946       -0.91468966509923       -0.75288562190176
H            3.31931495757240        0.85488297677274       -0.06867921331147
H            1.89188500835898        1.98167756292289        0.00579679568685
H            1.97730617802615        0.36864841037028        2.67133768620817
H            1.95227120415552        2.19121046871796        2.52125975516696
H           -0.61954453444521        1.98604644824508        2.49034179173289
H           -0.47837893248426        0.32710937930666        2.41861529084202
16
 energy: -18.611293436172 gnorm: 0.038055861865 xtb: 6.7.1 (edcfbbe)
C           -0.80055341210168        0.98135147633187       -0.10324060561670
C            0.00830234811482        0.03820472430367       -0.55287265894808
C            1.45533535447757        0.03522511292096       -0.49887414564842
C            2.27303334427561        1.01432619715382       -0.16573648066520
C            1.39018555194273        1.27230280771277        2.57595056317456
C            0.07430896831764        1.23720282461911        2.52833272340705
H           -0.42520097184760        1.91114237431078        0.27835698626488
H           -1.87125889549163        0.87129246502333       -0.08572996160818
H           -0.42758044567584       -0.87417640634604       -0.94505665020766
H            1.90088590376341       -0.93873950183553       -0.73688071078959
H            3.33584028981904        0.88135941401042       -0.07549768629236
H            1.89536776947862        2.00341127991838        0.02543519094197
H            1.97333518602504        0.36931219587519        2.64932593966337
H            1.94333417133731        2.19735533285655        2.56267894527372
H           -0.62048460237414        2.04118980725520        2.49989714326366
H           -0.46693874222061        0.29332776601367        2.48305808494983
16
 energy: -18.611341976651 gnorm: 0.035332387532 xtb: 6.7.1 (edcfbbe)
C           -0.80315552201962        0.98417232636054       -0.07171007566064
C            0.00805293658120        0.03507502827296       -0.53350179155957
C            1.45140538173564        0.02130265061904       -0.47631054956106
C            2.26735036465876        1.01335260258603       -0.12479978518952
C            1.38950640477162        1.26995958192348        2.57306483855419
C            0.07379691412768        1.21480446854297        2.53799093589914
H           -0.42778733781186        1.92115999840332        0.29123875338066
H           -1.87122693373685        0.86815915744392       -0.08147732803920
H           -0.42912725928513       -0.85790843752914       -0.94723102347826
H            1.90021500854501       -0.92002525924694       -0.75506163470978
H            3.32826362512721        0.86772035386438       -0.05703284893149
H            1.89498904784097        2.01050756641425        0.01545996253566
H            1.98404208554149        0.37916211878690        2.67025598782024
H            1.93701738961164        2.19812930954667        2.50657534715801
H           -0.61271758495248        2.04253959559772        2.49086131599756
H           -0.45271270289484        0.28597680853816        2.40082457294691
16
 energy: -18.613087945253 gnorm: 0.009840135883 xtb: 6.7.1 (edcfbbe)
C           -0.79580306753263        0.98146417081685       -0.08349250077319
C            0.01305806721763        0.04232168414678       -0.54689729467434
C            1.45311182829686        0.02893109662747       -0.49239932263931
C            2.26404298342638        1.01284829007541       -0.14485926144425
C            1.38804955022466        1.27154071070225        2.56726520919650
C            0.07061818945997        1.22162799678058        2.54959039415825
H           -0.42296483372937        1.91583007191229        0.27633949596950
H           -1.86233718594003        0.85804869938618       -0.08920684356941
H           -0.42534171855622       -0.85675130959740       -0.94581343177348
H            1.90437147035237       -0.91956167046456       -0.74962032395996
H            3.32350962962039        0.85971108672978       -0.07455096459973
H            1.89031225755247        2.00336845544715        0.00845499957035
H            1.97651363299263        0.37582347790500        2.66666573621846
H            1.94260122535926        2.19658203224140        2.54009504736904
H           -0.61098934475010        2.04259336187526        2.50615714937476
H           -0.47084086615393        0.29970971553973        2.45141858873965
16
 energy: -18.612612632448 gnorm: 0.016645628842 xtb: 6.7.1 (edcfbbe)
C           -0.79802518645621        0.98634275357113       -0.08383115371107
C            0.01031353155729        0.04671134973093       -0.54204606912500
C            1.45238128857363        0.03429271141125       -0.48935114454967
C            2.26390199673275        1.01705399592933       -0.14884878448797
C            1.39113042263270        1.27461699340386        2.56511674435529
C            0.07342203052741        1.21920175536232        2.51826250571248
H           -0.42309986119692        1.91125303836629        0.29371758526886
H           -1.86564362100932        0.86561459000758       -0.08330197082785
H           -0.43005590436556       -0.85776893832934       -0.93452681612124
H            1.90048889845545       -0.92502188038505       -0.72983775376204
H            3.32407605333635        0.86438949823944       -0.06887522126446
H            1.88908686478583        2.00140793832283        0.03209658474011
H            1.97887102442088        0.37440941809048        2.64796070465426
H            1.94589782342057        2.19891457499377        2.54380803007959
H           -0.61059690429142        2.03218273641681        2.47078819810153
H           -0.46423663928303        0.29048733499262        2.44801523810002
16
 energy: -18.613258595645 gnorm: 0.003476971692 xtb: 6.7.1 (edcfbbe)
C           -0.79852937170489        0.98343015643090       -0.08747005334085
C            0.01159870590015        0.04179212870530       -0.54419398299227
C            1.45429731185718        0.02978320521257       -0.48954017289977
C            2.26548002868958        1.01566382485610       -0.14739232922497
C            1.38839332390210        1.27481371054507        2.57489745847806
C            0.07110234071002        1.22094265270683        2.53984430144220
H           -0.42485397244926        1.91299829356067        0.28090564364557
H           -1.86624742962146        0.86243877267923       -0.08805177940801
H           -0.42752240389191       -0.86012107821850       -0.94348392827212
H            1.90303009985295       -0.92371612624433       -0.74485010974041
H            3.32639103756186        0.86530961318019       -0.07112483724029
H            1.89196517709478        2.00316005388378        0.01824790929151
H            1.97618820415374        0.37503398703418        2.66051764056363
H            1.94372893390697        2.19779999340288        2.53538583454675
H           -0.61093184888966        2.03915557706099        2.49780304517168
H           -0.46617831923180        0.29560310532832        2.44765203714215
16
 energy: -18.613220057405 gnorm: 0.005415855035 xtb: 6.7.1 (edcfbbe)
C           -0.79730875464717        0.98298984212656       -0.08111366299021
C            0.01160766625790        0.04259188458628       -0.54312933849114
C            1.45361913326400        0.02885654966562       -0.48914004560356
C            2.26405927886263        1.01433946084454       -0.14351645022179
C            1.38865234951135        1.27314743299382        2.56217356094703
C            0.07134343804790        1.21936004308058        2.53551107502913
H           -0.42305577119239        1.91471244251551        0.28268515262976
H           -1.86472069840077        0.86258255553685       -0.08477785698258
H           -0.42779204416976       -0.85713418868933       -0.94489115796955
H            1.90223902984055       -0.92250008271337       -0.74661672704774
H            3.32480031184755        0.86248887420018       -0.07085909318975
H            1.89184770694548        2.00414380005445        0.01160322748100
H            1.97695158659636        0.37586643384830        2.66465174114657
H            1.94296133354521        2.19743170233789        2.54198298589360
H           -0.60964208591126        2.04027375723621        2.49764137234527
H           -0.46765066255720        0.29493736250011        2.44694189418682
16
 energy: -18.613280266419 gnorm: 0.001048979326 xtb: 6.7.1 (edcfbbe)
C           -0.79762168129704        0.98325142342245       -0.08440157898612
C            0.01185920025259        0.04280417251912       -0.54449717097826
C            1.45401262596891        0.02978008860854       -0.49030642719754
C            2.26420366233264        1.01518552608370       -0.14524407029215
C            1.38840515165733        1.27392359180846        2.56934400929660
C            0.07097462530133        1.22003794288042        2.53958433306571
H           -0.42382528793623        1.91415544096261        0.28146355337230
H           -1.86503180702737        0.86198074663979       -0.08686925527414
H           -0.42718664886117       -0.85878066022345       -0.94312531951304
H            1.90267727476139       -0.92295617004466       -0.74448043715956
H            3.32501047120576        0.86344157348877       -0.07130894369869
H            1.89106187910813        2.00332754921259        0.01768337027709
H            1.97674930177473        0.37503254255548        2.66063827585818
H            1.94352602478904        2.19712281655941        2.53727671982610
H           -0.60967317302939        2.04008113387866        2.49576223600980
H           -0.46722980116029        0.29570015177231        2.44762738255659
16
 energy: -18.613267023728 gnorm: 0.002424318884 xtb: 6.7.1 (edcfbbe)
C           -0.79838607862372        0.98342922764777       -0.08578928803375
C            0.01147082516886        0.04227059576509       -0.54355017991227
C            1.45428783565012        0.02947040996720       -0.48951277248250
C            2.26506427141387        1.01548916316312       -0.14791987271598
C            1.38839633806456        1.27547815773712        2.57303582475181
C            0.07092193916177        1.21980004027473        2.53730012677394
H           -0.42446717211550        1.91269670167519        0.28362252858823
H           -1.86603500507777        0.86270608049419       -0.08768925956432
H           -0.42793991743874       -0.85902633703891       -0.94360060827295
H            1.90253483717626       -0.92364827982444       -0.74520455717456
H            3.32601965058435        0.86395036748370       -0.07187967075574
H            1.89266920310960        2.00385900423767        0.01380895760663
H            1.97688135104390        0.37630430176475        2.66314455127951
H            1.94322670487358        2.19881246848715        2.53999199762004
H           -0.61101740288034        2.03831461852487        2.49673373081326
H           -0.46571556227045        0.29418134976501        2.44665516864152
16
 energy: -18.613279956055 gnorm: 0.001108045081 xtb: 6.7.1 (edcfbbe)
C           -0.79818244485677        0.98335506845223       -0.08546684849120
C            0.01162778744003        0.04231248079826       -0.54361106617059
C            1.45432152649298        0.02949062525630       -0.48920410755903
C            2.26469514412812        1.01542323130191       -0.14627693862253
C            1.38844940526331        1.27472973911628        2.57034769356760
C            0.07099474219017        1.22000488302978        2.53751870937588
H           -0.42435120927735        1.91342866846885        0.28209621182745
H           -1.86576166765707        0.86240638220033       -0.08721276282693
H           -0.42763239407169       -0.85895828187146       -0.94364148387392
H            1.90278965366440       -0.92332740465346       -0.74496313849654
H            3.32568109862351        0.86407209587889       -0.07085331728182
H            1.89196774959253        2.00362724614965        0.01606028177087
H            1.97657097812569        0.37547620533523        2.66158234307585
H            1.94368172975173        2.19782651435730        2.53792531994306
H           -0.61033916529983        2.03929220793097        2.49725043188080
H           -0.46660111626941        0.29492820837314        2.44759534904391
16
 energy: -18.586189759354 gnorm: 0.192545430445 xtb: 6.7.1 (edcfbbe)
C           -0.79318928031230        0.94495725729690        0.02058355611814
C            0.01112647870468        0.12969731759691       -0.55695055403807
C            1.44913253905525        0.11198015470193       -0.49276855681797
C            2.25855145593897        0.98440866672375       -0.06859122280518
C            1.39911599790983        1.27511755147328        2.46562402989892
C            0.07979204574348        1.24057612270693        2.45973050283414
H           -0.44507623083282        1.84842990046801        0.46882479778125
H           -1.86225333946954        0.84513817717235        0.01274364777498
H           -0.41888943882698       -0.75873522815904       -1.10094415346394
H            1.90141615582010       -0.86180469917258       -0.84792174994591
H            3.31887115166367        0.83178268667529        0.03037019399841
H            1.90747434872304        1.97260939186063        0.11812958389730
H            1.98269620161391        0.37258176128682        2.58158325347743
H            1.94617510830665        2.19826799807840        2.45062907693135
H           -0.67146114209525        1.90266093530058        2.37859697272487
H           -0.45371887797535        0.33655355018638        2.42020248590617
16
 energy: -18.602297457136 gnorm: 0.039450081483 xtb: 6.7.1 (edcfbbe)
C           -0.80669341285793        0.97393748892305       -0.03676335058892
C            0.00773604586075        0.09421495826311       -0.59232794739705
C            1.45151691435779        0.07437342746822       -0.52417846595859
C            2.27599593580886        1.00905237952628       -0.09339201053978
C            1.39491024157324        1.27255626405295        2.50312021029734
C            0.07863619598555        1.22246601796393        2.48199005492100
H           -0.43994846809305        1.87055583023992        0.42189043147192
H           -1.87569545990430        0.84993416906202       -0.00293106675982
H           -0.42162010243893       -0.77982211433077       -1.09515118509194
H            1.89271997518505       -0.88633362241811       -0.82959431442912
H            3.33308502183022        0.85158854464855        0.02646007694999
H            1.91062895946832        1.99376849021763        0.13293387216208
H            1.98297041211805        0.37316168517705        2.57656291121750
H            1.93959523884278        2.20157058446097        2.47716211796879
H           -0.67034405703726        1.97211199715822        2.43186905326465
H           -0.44373026673178        0.28108544378354        2.46219147678381
16
 energy: -18.599840984579 gnorm: 0.055330189165 xtb: 6.7.1 (edcfbbe)
C           -0.80833040763082        0.96285969206951        0.02812611277468
C            0.00598219527865        0.08459837613452       -0.56184738057028
C            1.44852983268684        0.05890174815639       -0.50622649883330
C            2.27350674968177        1.00966392311083       -0.05594891727219
C            1.39327394879489        1.27247105847896        2.47466200475351
C            0.07788792077632        1.20896331838582        2.43116868217459
H           -0.43891840480437        1.84738537792426        0.51128496777243
H           -1.87592821939988        0.84660874255223        0.02061090697307
H           -0.42468498747789       -0.74520769019489       -1.09424720342686
H            1.89172469430148       -0.85915160800286       -0.85463496092091
H            3.32982476146359        0.84177963661931        0.03201016746124
H            1.91344310019742        2.00164783686317        0.13793943167551
H            1.98158037700521        0.38028878689864        2.58180394203764
H            1.93860127932434        2.20332253216748        2.44239772454808
H           -0.65574029972363        1.99896372939580        2.34115730512352
H           -0.44098936650659        0.26112608363737        2.41158558000116
16
 energy: -18.604338974840 gnorm: 0.014214489005 xtb: 6.7.1 (edcfbbe)
C           -0.80049116978700        0.96478786846375        0.00438284171178
C            0.01133355972107        0.09176985963386       -0.57576135973230
C            1.45029040853166        0.06627830916983       -0.51268293141069
C            2.26685386669685        1.00549848544710       -0.06262244360961
C            1.39110591889064        1.27436002579939        2.47639060647740
C            0.07410767738562        1.20926958859054        2.47006711454409
H           -0.43772568116227        1.86786305469201        0.44478201057361
H           -1.86666636521246        0.84172065673644        0.00077551823572
H           -0.41908742909417       -0.75575621690778       -1.09318780829806
H            1.89872613384443       -0.86127794773376       -0.84622377178812
H            3.32206299037739        0.83250171182460        0.02912806177820
H            1.90816080770869        1.99514473996837        0.12262642544381
H            1.98168965614747        0.38035346265153        2.57516789823188
H            1.93698523968278        2.20376824368409        2.45814742762082
H           -0.65940210529633        1.98161842881978        2.41504853069134
H           -0.44818033446705        0.27632127335681        2.43380374380198
16
 energy: -18.603607478302 gnorm: 0.021972083038 xtb: 6.7.1 (edcfbbe)
C           -0.80296557329574        0.97582746063213       -0.02020585823348
C            0.00884169672873        0.10099802665670       -0.59252981128541
C            1.44945546869463        0.07610629369596       -0.52951804252226
C            2.26684583931889        1.01480256350139       -0.09101771254115
C            1.39523003697770        1.27527849786095        2.50258873380672
C            0.07712010526730        1.21024701258692        2.46717436370651
H           -0.43900352277093        1.86077974439947        0.45336645669422
H           -1.86964608070752        0.84153842331731       -0.00031033477163
H           -0.42277562219248       -0.76937685835222       -1.08637018884862
H            1.89204848493935       -0.87709508826233       -0.82077303968678
H            3.32185834349952        0.83993135565853        0.01865799100713
H            1.90326959636661        1.99359947220975        0.13313793023454
H            1.98330807483272        0.37639234294644        2.59437858143086
H            1.94449154042422        2.20142992763182        2.47575241243185
H           -0.65289272716161        1.97161914160581        2.37882939054531
H           -0.44542248695404        0.28214322810794        2.45668099230406
16
 energy: -18.604643384176 gnorm: 0.003763223768 xtb: 6.7.1 (edcfbbe)
C           -0.80222525419114        0.97006169087779       -0.00502348394784
C            0.01041580801680        0.09365456873056       -0.57921363122738
C            1.45173383244147        0.06866879807563       -0.51627526531624
C            2.26917093160565        1.01026667498974       -0.07374957873819
C            1.39108028381167        1.27610359739986        2.48430094242402
C            0.07339600348279        1.20921554367511        2.46714303220089
H           -0.43872883880500        1.86309156474958        0.45296992140902
H           -1.86935290464053        0.84265834018521        0.00156299782818
H           -0.42086153582969       -0.76142237438573       -1.09188696117295
H            1.89593533518224       -0.86868683248230       -0.83822224463310
H            3.32525118537736        0.83736432980267        0.02624338906179
H            1.90849726334329        1.99356508992020        0.13343645882471
H            1.98072401598922        0.37781805232072        2.57119171217263
H            1.93954929388319        2.20292776249408        2.46134232276513
H           -0.65651801039904        1.97943742733266        2.40379949096808
H           -0.44830423530096        0.27949731051077        2.44222276165312
16
 energy: -18.604538239629 gnorm: 0.007030122772 xtb: 6.7.1 (edcfbbe)
C           -0.80220719144640        0.96806598797897       -0.00148672471053
C            0.00931569448496        0.09268919050707       -0.57910358583278
C            1.45025828123779        0.06718925527355       -0.51633270919502
C            2.26610427976494        1.00932592883189       -0.07140969037501
C            1.39242200018296        1.27622488595231        2.48788028244068
C            0.07484804884052        1.20650849988300        2.46680453805513
H           -0.43877620227885        1.86630261946522        0.44637952468604
H           -1.86922529892438        0.84255113256038        0.00113607503644
H           -0.42177288557971       -0.75965236095092       -1.09339121837258
H            1.89568262670415       -0.86631500667499       -0.84300522780144
H            3.32203997604856        0.83563653290812        0.02666311162843
H            1.90796724638532        1.99674921995643        0.11859834458250
H            1.98268728121189        0.38090373945081        2.59407549263763
H            1.93950962360071        2.20364643339201        2.46550386728037
H           -0.65425416474166        1.97876772739901        2.40051992348557
H           -0.44483614152348        0.27562775826371        2.43700986072643
16
 energy: -18.604674015800 gnorm: 0.001163852035 xtb: 6.7.1 (edcfbbe)
C           -0.80173070522747        0.96935931481460       -0.00358772970198
C            0.01013652197799        0.09433520984369       -0.58055791816674
C            1.45123603204012        0.06886191581446       -0.51739191433647
C            2.26718816272793        1.01012046293203       -0.07213809519374
C            1.39144253227671        1.27607059380174        2.48421554672027
C            0.07367233877152        1.20778507498823        2.46668215182713
H           -0.43833144300303        1.86433876445819        0.45074032472463
H           -1.86874784562989        0.84216164755163        0.00162766705925
H           -0.42075911280480       -0.76105182443859       -1.09151815544916
H            1.89590175376889       -0.86806569262960       -0.83791499681017
H            3.32324260458860        0.83635713606683        0.02667003529207
H            1.90755016022760        1.99483104942867        0.12903308799003
H            1.98129628216002        0.37863996043930        2.57873514438760
H            1.93981512610784        2.20264763949522        2.46203992698684
H           -0.65488655356576        1.97981905724004        2.40209038118775
H           -0.44726268044894        0.27801123439014        2.44111640775456
16
 energy: -18.604660896225 gnorm: 0.002288444558 xtb: 6.7.1 (edcfbbe)
C           -0.80206076422866        0.96924938959335       -0.00362317297835
C            0.01009388006489        0.09320229783849       -0.57868646363274
C            1.45177007422990        0.06790906641191       -0.51674333343604
C            2.26860822300695        1.00972960379708       -0.07456223274041
C            1.39071081286655        1.27748838226504        2.48823605457743
C            0.07279907383771        1.20802657520925        2.46831853679782
H           -0.43881510426840        1.86345726302732        0.45221501104980
H           -1.86931619897048        0.84281092054777        0.00068992922102
H           -0.42122476086226       -0.76071699163138       -1.09270653970779
H            1.89576548079484       -0.86818695581736       -0.84152159544814
H            3.32503681569294        0.83625300560515        0.02355083433678
H            1.90917884527269        1.99393565973538        0.12911875172551
H            1.98119853878902        0.37935735657084        2.57696363713679
H            1.93896900069536        2.20402263999051        2.46539521405295
H           -0.65566134750595        1.97934208146170        2.40247818758256
H           -0.44728939544775        0.27834124959150        2.44071904573467
16
 energy: -18.604674004662 gnorm: 0.000927327148 xtb: 6.7.1 (edcfbbe)
C           -0.80216074498937        0.96951789828097       -0.00408773743088
C            0.00999501930310        0.09353686265535       -0.57922009684260
C            1.45158356631290        0.06824620863281       -0.51649309132998
C            2.26790480877146        1.01014529864423       -0.07346544095134
C            1.39118003977527        1.27678937312449        2.48619342878456
C            0.07328812614041        1.20770877978318        2.46741540297364
H           -0.43893025354057        1.86404027414000        0.45116586016933
H           -1.86934461569148        0.84255540520869        0.00097280977660
H           -0.42108489374159       -0.76093561382181       -1.09229417121239
H            1.89585461845765       -0.86817463008704       -0.83970064973388
H            3.32418869452212        0.83657912306815        0.02574493702270
H            1.90836536611662        1.99453383845172        0.12912129148022
H            1.98133320270126        0.37889197914352        2.57820691189535
H            1.93965629537473        2.20317208142750        2.46312897840542
H           -0.65494883587736        1.97949050186242        2.40210584162063
H           -0.44711721966781        0.27812416368238        2.44104758964446
16
 energy: -18.569267954944 gnorm: 0.172031824305 xtb: 6.7.1 (edcfbbe)
C           -0.79944273104400        0.92183632140665        0.10920417976971
C            0.01250483156560        0.19569463623392       -0.58607521062287
C            1.44935608947649        0.14754809691744       -0.53771061095232
C            2.26118293775599        0.97748414050353        0.00503629114546
C            1.40195083285675        1.27834330043822        2.37321398733861
C            0.10235042120031        1.24017844659262        2.47673151331371
H           -0.46651232093907        1.78922776912575        0.63764842838574
H           -1.86606066602206        0.82054705737381        0.10052641178745
H           -0.41214106642091       -0.65142511554106       -1.24092199681295
H            1.90160852924697       -0.79338355760082       -0.93387316395028
H            3.31830495555691        0.80597395380584        0.12722353474517
H            1.92553526203663        1.96206081886950        0.22764217548525
H            1.98889420575447        0.37736306989591        2.49261166731608
H            1.93873834220274        2.20715792491521        2.38705325001630
H           -0.69011439012306        1.80896796986599        2.26086460794108
H           -0.39187331128602        0.34162518392523        2.64893275201376
16
 energy: -18.587213770301 gnorm: 0.044534637026 xtb: 6.7.1 (edcfbbe)
C           -0.81358761371931        0.95673742318652        0.03008356176905
C            0.00777272992180        0.15353716726685       -0.62646966859450
C            1.44935233833073        0.11136999554215       -0.55782655511187
C            2.27325384942621        1.00076921058029       -0.02641173555931
C            1.41269231105727        1.27822949718105        2.44127036912186
C            0.09887194576806        1.21637365096927        2.52111594486414
H           -0.45871692210762        1.81403765895415        0.56138812587311
H           -1.88019955989807        0.81416621567159        0.07820936597751
H           -0.41866103845579       -0.67004609895164       -1.22736591600197
H            1.88937826008775       -0.82186062697835       -0.92145001000994
H            3.32468585636301        0.81712819372204        0.11924496276351
H            1.92434684594133        1.98220473010185        0.22534943385585
H            2.00547832425452        0.38272406574624        2.51748614130106
H            1.94483922509808        2.21477526818026        2.38473957495652
H           -0.69420572712637        1.91039371194521        2.37932324247280
H           -0.39101890312390        0.26865995361017        2.64942097924203
16
 energy: -18.588252971177 gnorm: 0.044825523678 xtb: 6.7.1 (edcfbbe)
C           -0.81002023169831        0.94315220239429        0.08727343284428
C            0.00748081270223        0.14144154671767       -0.59650875649124
C            1.45048751706147        0.10708933685505       -0.54576007603359
C            2.27781649297087        1.00639077276220       -0.00693933367135
C            1.40803856281753        1.27730647268291        2.41896580156183
C            0.09025915602403        1.19615279669053        2.46055688575714
H           -0.45128613062308        1.80015007753261        0.61447203784604
H           -1.87695405394300        0.81831090300345        0.10129500275118
H           -0.41999522181090       -0.63435009909049       -1.21230598848117
H            1.88881268485809       -0.79986751961964       -0.93440063831312
H            3.32810473428923        0.81232932279985        0.11701892152212
H            1.93085182204774        1.98784190752019        0.24817798861922
H            1.99897036830498        0.38818524229937        2.51827681164052
H            1.93404804153743        2.21646553650961        2.36045867658448
H           -0.68842861323581        1.91841740658586        2.27416495176827
H           -0.39390401948477        0.25018411108427        2.64336209901522
16
 energy: -18.590473364751 gnorm: 0.015808750383 xtb: 6.7.1 (edcfbbe)
C           -0.80612478770238        0.94088857291288        0.07276289693295
C            0.00994140784375        0.15451394051322       -0.61918356467361
C            1.44954574119136        0.11356025345389       -0.55472142914919
C            2.26605317730069        0.99842343291340       -0.00164039628996
C            1.40497620686581        1.28203693151549        2.40701353965060
C            0.09412211924403        1.20545954064859        2.49208088588624
H           -0.45530726804478        1.79626283287856        0.60468746959783
H           -1.87159012913345        0.81335660433367        0.07889159379927
H           -0.41208557407654       -0.64509948864196       -1.22485423791596
H            1.89403409105857       -0.80045389949337       -0.92920010416900
H            3.31559535369677        0.80129036172825        0.12286313460938
H            1.92550971028422        1.98463935534525        0.22153291865020
H            1.99114404362026        0.38588429236569        2.49393394922520
H            1.93863667966533        2.21347622704192        2.39048865711376
H           -0.68071436073247        1.91111208354923        2.32237880680648
H           -0.38945448926345        0.27384897566298        2.67107369684567
16
 energy: -18.590187225266 gnorm: 0.019222314544 xtb: 6.7.1 (edcfbbe)
C           -0.80604762862020        0.95481825667652        0.06239816447808
C            0.00772773314682        0.15684413271423       -0.61703938693286
C            1.44849453657320        0.11551191369616       -0.55354401438826
C            2.26642168149016        1.00247871585130       -0.01117026036684
C            1.40741245668305        1.28090011269561        2.42332567167879
C            0.09456106872809        1.20045194263287        2.50172779994829
H           -0.45663407528804        1.81881512636304        0.57863591329561
H           -1.87153037280403        0.81279972617461        0.09029762548537
H           -0.41781352122002       -0.65876652486479       -1.21279176123814
H            1.89118388894691       -0.80810978166037       -0.91793157944384
H            3.31843947814478        0.81028884013644        0.11074692648475
H            1.91925198690927        1.97941692280402        0.23577013960306
H            1.99909939126332        0.38814054978665        2.53329040970321
H            1.93891282678232        2.21461928515432        2.37183992439120
H           -0.67565696883636        1.89366222970463        2.31528911875877
H           -0.38954056008154        0.26732856886246        2.63726312546266
16
 energy: -18.590878763048 gnorm: 0.005122114343 xtb: 6.7.1 (edcfbbe)
C           -0.80707766920356        0.94609757558051        0.07132871755664
C            0.00888747313252        0.15009258003594       -0.61146777606294
C            1.45109570712033        0.11171718551574       -0.55112226488099
C            2.27145758278153        1.00281585246662       -0.01056711722352
C            1.40449266277112        1.28188898599591        2.41647332332937
C            0.09054576008592        1.20234243024304        2.49617259974496
H           -0.45664118376226        1.80313768303552        0.59842103194180
H           -1.87356762481290        0.81193597991788        0.08701327471320
H           -0.41630411215631       -0.64693751992361       -1.22330724672350
H            1.89274303190324       -0.80491066858665       -0.92818070567352
H            3.32234993951834        0.80726364331884        0.11757320501942
H            1.92649873524876        1.98209190924161        0.23329852548185
H            1.99444175066549        0.38553968390885        2.50603306922072
H            1.93886299050466        2.21390880005044        2.37444939624954
H           -0.67808812615669        1.91172341036081        2.32263758505671
H           -0.39541499582250        0.27049248556623        2.64935219917008
16
 energy: -18.590738745142 gnorm: 0.008751888817 xtb: 6.7.1 (edcfbbe)
C           -0.80790353426525        0.94850029005928        0.06678106953682
C            0.00707102167217        0.15360152921497       -0.61881892991233
C            1.44851200592811        0.11264936965547       -0.55311101059451
C            2.26640186845062        1.00259994916262       -0.00695748006028
C            1.40753245194692        1.28298301652455        2.41605938398734
C            0.09349509340622        1.19628416114545        2.48737350147067
H           -0.45554292765451        1.80232072751590        0.59818151592579
H           -1.87440436010859        0.81693581840719        0.07958131699954
H           -0.41597057725197       -0.65075119299155       -1.21853168756719
H            1.89053910925838       -0.80417597918391       -0.92608571910585
H            3.31641150371066        0.80550589970978        0.12245084555483
H            1.92426666645881        1.98599614023686        0.22392952701970
H            1.99952537934687        0.38972518261725        2.51489959761203
H            1.93764606446661        2.21667884776040        2.38898708109478
H           -0.67581059099638        1.90436499186737        2.30775905898840
H           -0.38748725255094        0.26598126502608        2.66560974597010
16
 energy: -18.590931289739 gnorm: 0.002182265851 xtb: 6.7.1 (edcfbbe)
C           -0.80595395536720        0.94734553378866        0.07019119961632
C            0.00853891888629        0.15314011155394       -0.61576290384946
C            1.45012833453312        0.11323195955268       -0.55271229441766
C            2.26824902849565        1.00182194249079       -0.00656903872265
C            1.40466319338919        1.28202626690075        2.41340615947611
C            0.09122896686876        1.19989409245090        2.49299969601372
H           -0.45514703380104        1.80521950002628        0.59568387467162
H           -1.87224805523266        0.81257485905815        0.08686464171904
H           -0.41523592231841       -0.64978004950577       -1.21916313690627
H            1.89231301392981       -0.80385738777575       -0.92661305687777
H            3.31938708343380        0.80686261004053        0.11728801457483
H            1.92422260606092        1.98241477368872        0.23289563194461
H            1.99427567226805        0.38631190972125        2.50901839971178
H            1.93859948574830        2.21373836714868        2.37752359756238
H           -0.67661882455872        1.90921798646381        2.31737378501464
H           -0.39212059051816        0.26903754112408        2.65568324738862
16
 energy: -18.590898888490 gnorm: 0.003986951898 xtb: 6.7.1 (edcfbbe)
C           -0.80724298730324        0.94575460382700        0.07145192406682
C            0.00808644685428        0.15076624759706       -0.61267932791803
C            1.45023149670023        0.11172889620773       -0.55161851562468
C            2.26966386697033        1.00232456943821       -0.01042030941831
C            1.40509581546374        1.28366663131523        2.41964614741962
C            0.09107184743921        1.20036830922742        2.49640212562762
H           -0.45712837638957        1.80298922594047        0.59820174115700
H           -1.87392189028473        0.81362508316510        0.08379305544784
H           -0.41652941405701       -0.64656193617787       -1.22426079229681
H            1.89200153839532       -0.80589612867035       -0.92602064540695
H            3.32032335439501        0.80587485901694        0.11815570752946
H            1.92666189767708        1.98389165871261        0.22572411877188
H            1.99601151017121        0.38791537319009        2.51222684690586
H            1.93853948546265        2.21583254929194        2.37993934870340
H           -0.67606657586475        1.90866253018003        2.31853572827793
H           -0.39251609381207        0.26825754446609        2.64903066367720
16
 energy: -18.590940277520 gnorm: 0.000745690712 xtb: 6.7.1 (edcfbbe)
C           -0.80694731232547        0.94735052260163        0.06957933345951
C            0.00817557392756        0.15208906315884       -0.61462335194311
C            1.45018651059624        0.11271724973566       -0.55213640270115
C            2.26894629466973        1.00261338865645       -0.00863129135165
C            1.40515532300378        1.28248428111079        2.41548847820064
C            0.09134162955621        1.19959082003054        2.49400944081985
H           -0.45640400694690        1.80418528117481        0.59681020012086
H           -1.87346990558965        0.81343593660879        0.08460013732673
H           -0.41589386321276       -0.64925888019786       -1.22062913601610
H            1.89221867662478       -0.80440235551700       -0.92681519925526
H            3.31974469377823        0.80679704852583        0.11887999667762
H            1.92474905420972        1.98296646905419        0.23160862841252
H            1.99566924163841        0.38681044228698        2.50989460328259
H            1.93886438633844        2.21436590817972        2.37800109534914
H           -0.67598251733589        1.90869944508513        2.31732306630068
H           -0.39207185711470        0.26875539623319        2.65474821823697
16
 energy: -18.544581305555 gnorm: 0.149429213664 xtb: 6.7.1 (edcfbbe)
C           -0.81504248890199        0.85583856980385        0.16940858661135
C            0.01400632406926        0.26871709512569       -0.61831029678726
C            1.44979788384757        0.18038784246287       -0.59103800344658
C            2.26365253454105        0.96897001918606        0.07680273776838
C            1.40953920151356        1.32837803941762        2.35869619758272
C            0.11607996273348        1.24855863800324        2.58401165441969
H           -0.50554366671596        1.64883515174370        0.76427409052195
H           -1.87108664367642        0.78333421021799        0.18546247538160
H           -0.40351262760439       -0.51186915247211       -1.32725270624747
H            1.89866105729152       -0.72537838146144       -1.02555646362731
H            3.31758577170262        0.77677966747136        0.22133179228805
H            1.94668564153715        1.94966174346729        0.33362952129507
H            1.99610218558603        0.38320432562067        2.40461863936646
H            1.92894712238206        2.21999402528937        2.33212411223148
H           -0.68513786391387        1.71800008220665        2.13509457431230
H           -0.34062108824343        0.34861054372425        2.85079477643282
16
 energy: -18.564960946773 gnorm: 0.051700939543 xtb: 6.7.1 (edcfbbe)
C           -0.83137629963096        0.89549974473851        0.08755924159985
C            0.01333739626767        0.21090765595707       -0.66220721332353
C            1.45529088671087        0.15179834733021       -0.59760253154734
C            2.27300594349227        0.99404927478130        0.03120141705643
C            1.41894545489653        1.30790776243186        2.41255641716747
C            0.11506071424725        1.20378091026175        2.62002027470791
H           -0.49113003783589        1.70095187198217        0.67871998326470
H           -1.89403774616935        0.76131156551028        0.14852628456212
H           -0.40704506218342       -0.54632558791853       -1.33784999405966
H            1.89459420186527       -0.74884560013914       -1.01653428518679
H            3.31754604644752        0.78406957594037        0.20614565136812
H            1.93752272641170        1.96739176836359        0.31911975527828
H            2.01991673507556        0.40156027116206        2.47419852769222
H            1.93239034054364        2.23625044591070        2.32937868605053
H           -0.69356116322635        1.85848646810648        2.31166913595273
H           -0.34034683076407        0.26322794538840        2.84919033752021
16
 energy: -18.568387091714 gnorm: 0.029429134670 xtb: 6.7.1 (edcfbbe)
C           -0.82683380296205        0.89414253590963        0.12288588140145
C            0.01162711661751        0.20396391308387       -0.64310057674737
C            1.45494302464954        0.15712630818880       -0.58372076800176
C            2.27637815938633        0.99622490409139        0.04547333331933
C            1.41473007818857        1.30368328928468        2.42340055063983
C            0.10345592097025        1.19254074673854        2.57027958458126
H           -0.47414399610747        1.68930669700691        0.73027085856374
H           -1.89132289751122        0.76390437185458        0.16806227638558
H           -0.41371351608424       -0.52373115021077       -1.32041449511751
H            1.88647641285292       -0.73221090846742       -1.02154155573901
H            3.32008997428593        0.77774650395881        0.20115847245288
H            1.94616179398459        1.96970469291655        0.34198712141544
H            2.01279058668839        0.40848471236521        2.46117110675846
H            1.92443897310075        2.24379514270378        2.29854932492195
H           -0.67836929583075        1.83677707632474        2.21581472714993
H           -0.34659522608084        0.26056358405777        2.84381584611906
16
 energy: -18.568783627821 gnorm: 0.019667182201 xtb: 6.7.1 (edcfbbe)
C           -0.82258427877238        0.88008631063247        0.12218408661388
C            0.01294344963847        0.21366512522019       -0.65801012894085
C            1.45485396585101        0.16308134951181       -0.59405907174533
C            2.26691345773023        0.98903429991773        0.05308112277468
C            1.40920224587577        1.30928662192194        2.40537385228427
C            0.10825153688962        1.21268401205071        2.59003734973395
H           -0.48184337372623        1.67286996017142        0.73016677321262
H           -1.88484577650729        0.75908688527717        0.14711403398098
H           -0.40450455596246       -0.52370147825076       -1.33142031283682
H            1.89040171876698       -0.73220486766136       -1.02180832003749
H            3.31038719529689        0.77120138113606        0.21060930790218
H            1.94358205072419        1.96888554336735        0.32004233001751
H            1.99531838964578        0.40345241630631        2.42560224279189
H            1.93558442880343        2.23487792218931        2.33848907124484
H           -0.67779553426683        1.82814087712502        2.24084999898154
H           -0.33575161383895        0.29157606089171        2.87583935212540
16
 energy: -18.569394430235 gnorm: 0.012810567196 xtb: 6.7.1 (edcfbbe)
C           -0.82273287921429        0.89034095761894        0.12176851019178
C            0.01059840887457        0.21583210442731       -0.65379230694180
C            1.45370388469855        0.16222326626047       -0.59085378885979
C            2.26929413298438        0.99190427240127        0.04876651324702
C            1.41081991690973        1.30476182829238        2.39730029035679
C            0.10848279188749        1.20471175430498        2.58481423944923
H           -0.48530873990505        1.69347864772060        0.71305159388291
H           -1.88453279975935        0.76291355083862        0.15725936398173
H           -0.40826611593872       -0.53017566179504       -1.32129462031333
H            1.88945746319381       -0.73666683664571       -1.01528159896047
H            3.31490726090996        0.77892447120288        0.20360661396222
H            1.93899962291301        1.96452333395861        0.33331379687696
H            2.01020839350392        0.40567972061331        2.46831187386958
H            1.92956548595859        2.23336856257582        2.31664580662254
H           -0.68092056513970        1.82378862726026        2.24510564704307
H           -0.33416295572866        0.27641382077237        2.84536975369480
16
 energy: -18.569505440390 gnorm: 0.010040156173 xtb: 6.7.1 (edcfbbe)
C           -0.82380103700555        0.88954196444664        0.12300971430817
C            0.01068779281202        0.20790062758204       -0.65004953059253
C            1.45512180908535        0.15680226388651       -0.58630156513851
C            2.27387205864484        0.99268632816230        0.04638453498393
C            1.41172843454968        1.30655272464716        2.41724327931484
C            0.10374316334946        1.20205626567428        2.58471219480371
H           -0.48175831362795        1.68619587206735        0.72286796140575
H           -1.88716519676050        0.75929726535906        0.16150581529763
H           -0.41000963093423       -0.52548689075543       -1.32786710269935
H            1.89069292503112       -0.73624934687254       -1.02103052611434
H            3.31843890406099        0.77629329269147        0.20606209783085
H            1.94556800379185        1.96780606279206        0.32785073093403
H            2.01007121294293        0.40644553404962        2.44364687452304
H            1.92740773810597        2.24003533061384        2.31847563642130
H           -0.67992808543288        1.84040944421406        2.24568663892275
H           -0.34455647246485        0.27173568124866        2.84189493390196
16
 energy: -18.569598561799 gnorm: 0.005977495776 xtb: 6.7.1 (edcfbbe)
C           -0.82420654750348        0.88965947618020        0.11850483301680
C            0.01007317363484        0.21067886396817       -0.65627731498997
C            1.45403517563656        0.16074826470512       -0.59109408245709
C            2.27039344098959        0.99380603226420        0.04637603552937
C            1.41295403242064        1.30447746097651        2.41291040857673
C            0.10671426981072        1.20384034847399        2.58447997290313
H           -0.48190984146791        1.68279420902482        0.72321333516667
H           -1.88774237866731        0.76229827953644        0.15144010380404
H           -0.40842427429338       -0.52750637347240       -1.32882196488491
H            1.88951847688838       -0.73412291123771       -1.02129753819024
H            3.31442260857580        0.77673372622026        0.20651907207978
H            1.94110681352994        1.96772549047297        0.33147105837917
H            2.00849454264755        0.40444855482123        2.45689247606978
H            1.93117165289205        2.23632522528583        2.31486362393496
H           -0.67781512239340        1.83006980127672        2.23847657123719
H           -0.33867271655237        0.28004597131073        2.86643509792786
16
 energy: -18.569610644553 gnorm: 0.006499195427 xtb: 6.7.1 (edcfbbe)
C           -0.82172560507354        0.88969358708794        0.12356276646445
C            0.01057886063577        0.21302578878676       -0.65308176607030
C            1.45411659631683        0.16157453581660       -0.58972209140654
C            2.27012451256033        0.99184048770812        0.04909696601684
C            1.40976319949939        1.30667719257548        2.40125354747195
C            0.10639431133898        1.20391212723857        2.58114785074963
H           -0.48208827603555        1.68884717074199        0.72013346564925
H           -1.88458280228298        0.76177328359589        0.15693236604717
H           -0.40787518656673       -0.52982314744957       -1.32118305810677
H            1.88892465806432       -0.73628497979721       -1.01538024923214
H            3.31496863319131        0.77638604316319        0.20426587656225
H            1.94225640926625        1.96670726452646        0.32997111020607
H            2.00558668162205        0.40640099562030        2.44927532076565
H            1.92957270217140        2.23648333422988        2.32712604172040
H           -0.68046135174762        1.82926072795950        2.24283500021351
H           -0.33544003681197        0.27554800800318        2.84785854105182
16
 energy: -18.569678451583 gnorm: 0.002646209338 xtb: 6.7.1 (edcfbbe)
C           -0.82279920950463        0.88781937107231        0.12336726557204
C            0.01047066519799        0.21107207772371       -0.65290084492500
C            1.45450968612914        0.15998698203059       -0.58907924760102
C            2.27102042120595        0.99150229429310        0.04899046245537
C            1.41099571178934        1.30589252792081        2.40878229532093
C            0.10583198827222        1.20529098566925        2.58548742389861
H           -0.48332828005286        1.68604368908530        0.72124559443338
H           -1.88589489328716        0.75884017510437        0.15775806483426
H           -0.40856548232837       -0.52484912318788       -1.32863136322293
H            1.89047289356745       -0.73444446890409       -1.02102142609061
H            3.31579752536037        0.77595329911393        0.20620412040523
H            1.94304765178093        1.96653760121962        0.32971332418742
H            2.00728777387178        0.40519073608473        2.45303139965602
H            1.92983873244468        2.23652578021875        2.31617937393058
H           -0.67926490990018        1.83333862567520        2.24475684447572
H           -0.33930696839842        0.27732186668738        2.85020840077326
16
 energy: -18.569664506777 gnorm: 0.003861900444 xtb: 6.7.1 (edcfbbe)
C           -0.82361503588812        0.89138140798784        0.11967573588504
C            0.00984760420457        0.21035511361580       -0.65401656491727
C            1.45403253239562        0.15929584442519       -0.58906675294348
C            2.27099973886833        0.99390737577483        0.04578256091423
C            1.41251186991308        1.30549721384231        2.41370059582873
C            0.10588711958078        1.20223107518054        2.58384862350250
H           -0.48192794085119        1.68651723373271        0.72105350402414
H           -1.88711615976964        0.76397767902267        0.15369974779861
H           -0.40914117508706       -0.52998604697579       -1.32464479055749
H            1.88946798067597       -0.73686586479822       -1.01758665952461
H            3.31541423424488        0.77794164651129        0.20567934749069
H            1.94172378266963        1.96837108441149        0.32806273568956
H            2.01030651566546        0.40569480221298        2.45225102995858
H            1.92945300765184        2.23775816432672        2.32108662182981
H           -0.67831472455021        1.83060284863667        2.24023577734158
H           -0.33941604357572        0.27534284190005        2.85433017578263
16
 energy: -18.481176365459 gnorm: 0.235112971815 xtb: 6.7.1 (edcfbbe)
C           -0.83543039588740        0.76686799623879        0.18321410054428
C            0.01566480292193        0.34296019004507       -0.65109073647063
C            1.45042618725555        0.20871180701811       -0.63623850255620
C            2.26572512505520        0.94071295493054        0.14521691153487
C            1.40809352362814        1.41375545957478        2.45514666921404
C            0.11374909872360        1.24000612253597        2.48922818495387
H           -0.54032639330811        1.47469728437268        0.82349249486351
H           -1.87627002991475        0.73316716438271        0.23133292842505
H           -0.39408132720724       -0.35300912227876       -1.41281400798552
H            1.88189463450934       -0.66227630724502       -1.14050890372378
H            3.31290360162073        0.73934177171705        0.32029185819439
H            1.98096885233658        1.92909042846717        0.43692296914263
H            2.00789109757779        0.39668365327984        2.30860659821759
H            1.89161869941728        2.28430676422193        2.31471878756641
H           -0.66944184456295        1.60810926598501        2.02085364975490
H           -0.39048340779796        0.40261849563126        2.81592287878678
16
 energy: -18.533381615742 gnorm: 0.056403428130 xtb: 6.7.1 (edcfbbe)
C           -0.85496299757155        0.80124917700151        0.12425684751289
C            0.01982919198350        0.28136494667640       -0.70420385362612
C            1.46199094302788        0.19425150094058       -0.63795774503702
C            2.27700105579729        0.96411310878614        0.09243658662290
C            1.41881354136850        1.37189138774705        2.45163379390461
C            0.11397441831777        1.21773963206101        2.55097823496577
H           -0.52298573169107        1.53674875840017        0.77608056527289
H           -1.91242546574921        0.70662112487473        0.19319926041880
H           -0.39451051316046       -0.39186057186940       -1.45170466863051
H            1.88324441065752       -0.67334485746599       -1.13104167824908
H            3.31279824505236        0.73597795417190        0.29792663613677
H            1.96695376501239        1.93380699426270        0.42539535924884
H            2.02643194510076        0.42620110100310        2.39404116064734
H            1.91208978581052        2.29471618390844        2.32662001961558
H           -0.71725602836919        1.76359949693790        2.17716057783548
H           -0.36808434121923        0.30266799144085        2.81947478382306
16
 energy: -18.535037663579 gnorm: 0.035517380907 xtb: 6.7.1 (edcfbbe)
C           -0.84867787371784        0.81621518128046        0.13132491651629
C            0.01837931749581        0.26411857773237       -0.70119117771652
C            1.46075411568676        0.19854684644181       -0.61718415237144
C            2.27431734250242        0.96583156714267        0.10543259715617
C            1.41464053435841        1.35238659172850        2.47064522557214
C            0.11174371298254        1.19464489986372        2.53357960898603
H           -0.49406600659567        1.54614268047564        0.79414357379024
H           -1.90875905456822        0.70022764567314        0.20007234946660
H           -0.40265352121659       -0.39555159256641       -1.43738203215996
H            1.87489570651569       -0.66243518110818       -1.12408924632469
H            3.31137627515577        0.73254163502356        0.28785645229276
H            1.97120792502157        1.93694110765416        0.43548309611297
H            2.01022733462379        0.45736060251319        2.35999865243849
H            1.89470093316478        2.29671285838115        2.31510021181600
H           -0.69292642574411        1.77919054564561        2.14428300464216
H           -0.37225809129732        0.28286996299573        2.80622280024495
16
 energy: -18.535539803181 gnorm: 0.018984375817 xtb: 6.7.1 (edcfbbe)
C           -0.84706399897990        0.80875102946964        0.12838565070418
C            0.01554168263262        0.26724741407984       -0.71009369622506
C            1.45835326736654        0.20499597456191       -0.62955342464244
C            2.27144486834685        0.96834689032491        0.09562491182105
C            1.41511034170062        1.35006861493653        2.46294035257155
C            0.11021389305325        1.19946051759396        2.53609863217631
H           -0.49675710258641        1.52995099289002        0.79641599774828
H           -1.90566628321941        0.69590529119019        0.18245236649744
H           -0.40261255031781       -0.38399825022386       -1.45105856110241
H            1.87203550255911       -0.66148625326853       -1.13448770681372
H            3.30574935137398        0.72870368034344        0.28914093909274
H            1.97061203160180        1.93928030426232        0.42405186253578
H            2.01726354896751        0.44411196870562        2.42555926434589
H            1.89566461725567        2.29511003451857        2.30404294373976
H           -0.68500401686137        1.77150677944160        2.14430916295793
H           -0.37198292852528        0.30778894005094        2.84046718505496
16
 energy: -18.535949707938 gnorm: 0.013746137923 xtb: 6.7.1 (edcfbbe)
C           -0.84839198421673        0.80738323814130        0.13036049817591
C            0.01452948256564        0.27074751854822       -0.70602453223502
C            1.45856769184241        0.20065942266877       -0.62691305986233
C            2.27243020981863        0.96668820105206        0.09846738579516
C            1.41568303368463        1.35347767951151        2.45021326650271
C            0.10830071101582        1.20450667189459        2.54172939282130
H           -0.50980756365971        1.53234974527504        0.78969891348424
H           -1.90559154999878        0.69864672283111        0.17738557594826
H           -0.39782595763448       -0.38907821195604       -1.44576455769534
H            1.87623842785532       -0.67167448588602       -1.12521360065431
H            3.30818288522081        0.73330069070483        0.29632057433548
H            1.96851734545272        1.93744805525363        0.42282457446771
H            2.02089593361989        0.43937171747622        2.37595978302535
H            1.89671456696114        2.30060632999952        2.33264572637050
H           -0.69029743770852        1.78016299614180        2.17244453526593
H           -0.36524357045100        0.30114763722055        2.82016140471666
16
 energy: -18.536160874702 gnorm: 0.007233011434 xtb: 6.7.1 (edcfbbe)
C           -0.84629597303940        0.81384499823233        0.13411896073481
C            0.01449450611413        0.26916986011412       -0.70383829494842
C            1.45947973652999        0.20093204037183       -0.62414851963577
C            2.27533992466101        0.96612914173782        0.10017792056807
C            1.41320535924928        1.35295175640707        2.45476379602763
C            0.10537095314765        1.20218854056245        2.53773320411464
H           -0.50387103515919        1.54303439088275        0.78955956781504
H           -1.90457402411137        0.69746855108349        0.19173854745670
H           -0.40009605797320       -0.39316309489645       -1.44037324737515
H            1.87768476287673       -0.66539106872331       -1.12982999088071
H            3.31279578406069        0.73464133083630        0.28932245976494
H            1.96839631277405        1.93274946607263        0.43915446879780
H            2.01498724237320        0.44221506342366        2.38767243042278
H            1.89389279048898        2.29674748530729        2.30727069225391
H           -0.68960851456078        1.77802644388118        2.15823874471684
H           -0.36829954306398        0.29419902358394        2.81273514062908
16
 energy: -18.536067031551 gnorm: 0.010612857888 xtb: 6.7.1 (edcfbbe)
C           -0.84643600324441        0.81297984239218        0.13186248337804
C            0.01301920037594        0.26641836726015       -0.70781950604837
C            1.45774964050061        0.19971686551212       -0.62631586701611
C            2.27235247797111        0.96672113440415        0.09600547513538
C            1.41441170617569        1.35253410002635        2.47189237427997
C            0.10696061331444        1.19803249062339        2.53773044617205
H           -0.49971586390037        1.53755566790204        0.79264776449123
H           -1.90568628290386        0.69746072482844        0.18878575874772
H           -0.40283190483087       -0.38979744833942       -1.44791154059757
H            1.87499240313892       -0.66663145763318       -1.13028176084906
H            3.30772769159882        0.73064043345985        0.29020036461032
H            1.97273865968653        1.94093399346060        0.41485026925255
H            2.01637146778539        0.44948683917448        2.39469901516328
H            1.89408644946254        2.29848892274998        2.32608449980262
H           -0.68283404462284        1.77596595995517        2.14975416984720
H           -0.37000398613985        0.29523749310078        2.82211193409295
16
 energy: -18.536242262768 gnorm: 0.004712463271 xtb: 6.7.1 (edcfbbe)
C           -0.84757488131731        0.80975713234346        0.13099464778251
C            0.01389681988323        0.26803561129762       -0.70749682887540
C            1.45855613175245        0.20219917702334       -0.62476274680916
C            2.27169423960578        0.96685160789046        0.10140229162924
C            1.41579165992431        1.35145620035018        2.45619239065725
C            0.10803990330191        1.20051205261255        2.53730747513503
H           -0.50471851533770        1.53309705576432        0.79338011177422
H           -1.90661602889961        0.69692940197657        0.18056659151877
H           -0.39894092622993       -0.38790273796222       -1.44902829077399
H            1.87604681149959       -0.66585812991576       -1.12670042521055
H            3.30720348420695        0.73165122315731        0.29614064419907
H            1.96867283620114        1.93756024229560        0.42951843751068
H            2.01741974766409        0.44406306431137        2.38467263930267
H            1.89642033276806        2.29705129595729        2.31349819682306
H           -0.68604874437795        1.77945176001159        2.15963802219944
H           -0.36694064627724        0.30088897176343        2.82897272359936
16
 energy: -18.536201312359 gnorm: 0.006977951000 xtb: 6.7.1 (edcfbbe)
C           -0.84507458388029        0.81237227460790        0.13493287759362
C            0.01404648829399        0.26959902336506       -0.70400342745330
C            1.45886868171457        0.20092606037345       -0.62635146907335
C            2.27538713850900        0.96652833619464        0.09657222931298
C            1.41223166155258        1.35296544597885        2.45394987071791
C            0.10430833338860        1.20171704242227        2.53607019127949
H           -0.50377563034971        1.53990522419322        0.79103529352781
H           -1.90333954496484        0.69883763174734        0.18838272154634
H           -0.40024737301942       -0.39353889535436       -1.43912874880107
H            1.87554850927554       -0.66793306466227       -1.12937258593964
H            3.31277910911701        0.73499978592004        0.28587005102325
H            1.96976166478080        1.93461673074030        0.43087739417497
H            2.01712786049549        0.44098645118843        2.39135612433652
H            1.89328749257709        2.29864855634509        2.32157671166166
H           -0.68951637189917        1.78009471848472        2.16077142163552
H           -0.36849121122346        0.29501860733242        2.81175722491951
16
 energy: -18.536299264072 gnorm: 0.001300692635 xtb: 6.7.1 (edcfbbe)
C           -0.84626080646263        0.81210615234234        0.13243407998682
C            0.01366225637466        0.26846717186219       -0.70651394191906
C            1.45860424078601        0.20078614716960       -0.62559390727831
C            2.27309178224608        0.96629233378116        0.09906981889683
C            1.41421482428281        1.35310644887002        2.45976215721732
C            0.10634677440741        1.20096080741798        2.53830667804537
H           -0.50356984144624        1.53802112037152        0.79121527704309
H           -1.90508712560004        0.69709464882579        0.18646174151158
H           -0.40043920158126       -0.39037903425809       -1.44545402717187
H            1.87645601899387       -0.66645979875039       -1.12929262810418
H            3.30913049711336        0.73219596719440        0.29284057055260
H            1.96951038156416        1.93660467239366        0.42799945361132
H            2.01628542755230        0.44437698321828        2.38799604723881
H            1.89468255766785        2.29806128581845        2.31636729713399
H           -0.68635608455636        1.77796207823377        2.15838585153421
H           -0.36736947697419        0.29654694438640        2.82031141216368
16
 energy: -18.399263627226 gnorm: 0.288044179856 xtb: 6.7.1 (edcfbbe)
C           -0.85784873538397        0.66580360433518        0.19197088974258
C            0.01751411482987        0.41261941676490       -0.68185145361238
C            1.45120926478750        0.23073240626301       -0.65679987653661
C            2.30143454629993        0.87775375535183        0.12377600308519
C            1.40615490935507        1.46071960904267        2.51703241855506
C            0.13068949778453        1.20496395620443        2.40009065329335
H           -0.57191672717637        1.29016213361231        0.88071276021245
H           -1.87058451302098        0.77138272913881        0.13245105398270
H           -0.38398795601598       -0.18038494820535       -1.49444315298454
H            1.85680989749457       -0.60106853250461       -1.25649756414654
H            3.30071889955317        0.67836378776228        0.39995827982919
H            2.05675495674174        1.87698965188778        0.49962665460882
H            2.02647607426807        0.43414967405751        2.30053215257961
H            1.84038793799469        2.36305214135157        2.31157306219706
H           -0.66144243584255        1.46158712942032        1.94632758713238
H           -0.44772865918133        0.53854480263303        2.88533579354382
16
 energy: -18.484804973441 gnorm: 0.070575762256 xtb: 6.7.1 (edcfbbe)
C           -0.87517737211281        0.69381660236061        0.13875536966765
C            0.02541546677444        0.35736403579466       -0.74746626257968
C            1.46391890407861        0.21683184830993       -0.66233570842315
C            2.30837440702299        0.90384854487207        0.10001673905821
C            1.42889903637325        1.42081013699922        2.50776207904716
C            0.12507371212086        1.22269878366957        2.48553777447141
H           -0.55480843966772        1.34181794282656        0.86058670295458
H           -1.92517829139582        0.73754765714671        0.09107254283895
H           -0.38330172453729       -0.21128615030837       -1.56042483596219
H            1.85730146253627       -0.61448661241066       -1.24299926198341
H            3.31646399461496        0.67126866611613        0.37227338300467
H            2.03798334125613        1.87504093419403        0.49437475012473
H            2.04592182971651        0.46650610058638        2.38252984594632
H            1.86655145813939        2.36461605655591        2.30968493146577
H           -0.72955589658811        1.63584971373299        2.05979554370042
H           -0.41324081584370        0.40312705666993        2.91063166815070
16
 energy: -18.490417183190 gnorm: 0.039899037783 xtb: 6.7.1 (edcfbbe)
C           -0.86246292253660        0.72007939627836        0.12749062654195
C            0.02695706213030        0.33306268377083       -0.76161946118540
C            1.46425692383595        0.21232359090982       -0.65327270771535
C            2.30279122186614        0.91673131274359        0.09840287522985
C            1.41982078808299        1.39163736076653        2.51348718326696
C            0.12263735118342        1.20300929615011        2.49819039634386
H           -0.51466850679807        1.35309874368624        0.86394832699456
H           -1.92248589486198        0.72709281097011        0.09384213567279
H           -0.39162453552109       -0.23089879444729       -1.56409423840516
H            1.85389964445569       -0.61680130834686       -1.23213245274651
H            3.31606590899770        0.65991877407471        0.34983469329280
H            2.03634115364234        1.88453451479051        0.47544281935087
H            2.02894500460113        0.50384577840849        2.37925387266863
H            1.84160616640726        2.36076121685241        2.33052631844446
H           -0.71836705434552        1.70123130221524        2.09073687503874
H           -0.40907123865174        0.36574463829291        2.88975799868907
16
 energy: -18.488714526564 gnorm: 0.035790178655 xtb: 6.7.1 (edcfbbe)
C           -0.86757303384423        0.72441641490587        0.11394432848522
C            0.02279839537615        0.33071528605783       -0.77034916397433
C            1.46282895668641        0.22523701599472       -0.65284006417540
C            2.29657021325069        0.92702525248144        0.10692083694271
C            1.42414731303418        1.38639538399158        2.47657688095395
C            0.12237902370760        1.19434296690761        2.50250500023605
H           -0.51694699332367        1.33651351304354        0.86743176557708
H           -1.92856629974860        0.71697382808499        0.07391032273677
H           -0.38947353302658       -0.21426655736526       -1.58537327184249
H            1.85531930292938       -0.60068784082542       -1.23701948880075
H            3.30909506667917        0.65289217508401        0.35334066236930
H            2.02170950505286        1.87523550277165        0.52127140571051
H            2.04290573548716        0.48848469820735        2.45596983774288
H            1.84644536408331        2.35190725116826        2.24706209527041
H           -0.70820522839751        1.70424504307732        2.10401583421674
H           -0.39879271545838        0.38594138353019        2.92242828003347
16
 energy: -18.491586658327 gnorm: 0.011543674964 xtb: 6.7.1 (edcfbbe)
C           -0.87021463317553        0.72145574776689        0.11826043902381
C            0.02113843207281        0.33098220949683       -0.76369154660710
C            1.46220108870883        0.21609169758184       -0.65581826452550
C            2.30109627414957        0.92042858390886        0.09657680514193
C            1.42010200759229        1.39605246373188        2.50199626368704
C            0.11827875616617        1.19836972515288        2.50588879664863
H           -0.52578302960169        1.33567374219258        0.86683694407564
H           -1.92758803307413        0.72337649271311        0.07310120184795
H           -0.38905239866425       -0.21732810933621       -1.57880770965463
H            1.85363417114375       -0.61543748161166       -1.23667727458549
H            3.31191798939428        0.65391739016992        0.35000605298650
H            2.03604246770709        1.88193372792729        0.48123203570526
H            2.04644160547053        0.49590671944375        2.41663490196740
H            1.84576558150693        2.36705935178263        2.31747838830747
H           -0.70453504643277        1.69920378988912        2.09873469995759
H           -0.40480416047595        0.37768526630598        2.90804352750561
16
 energy: -18.490801660920 gnorm: 0.020825185724 xtb: 6.7.1 (edcfbbe)
C           -0.86542001667755        0.72503172225431        0.12934936841930
C            0.02421528144867        0.33062982386916       -0.75355563527375
C            1.46640290215663        0.21733741096503       -0.64717794311263
C            2.30310633448527        0.92204607506197        0.10831929867963
C            1.41848821597223        1.39199096781123        2.49240591349826
C            0.11376472992322        1.20342586265078        2.50168866128737
H           -0.52428313595677        1.34924223387002        0.86849345258542
H           -1.92347862370033        0.72071762886879        0.08878003900547
H           -0.38475499929275       -0.23293621726664       -1.55869727353367
H            1.85975902918397       -0.61275919293158       -1.22847405480961
H            3.31687846544713        0.66494892845558        0.35755796451734
H            2.02903737169893        1.87868290396721        0.50545898638833
H            2.02302359324697        0.49032083915510        2.35559351847790
H            1.85189205030494        2.35581148810583        2.29893948061554
H           -0.70529138424787        1.71286272319733        2.09191235247333
H           -0.40869874150475        0.36801811908156        2.88920113226391
16
 energy: -18.491849980616 gnorm: 0.005649752921 xtb: 6.7.1 (edcfbbe)
C           -0.86498741801471        0.72547016388123        0.12420689089895
C            0.02213974341400        0.33119521017448       -0.76034274293684
C            1.46394530204375        0.21719440990961       -0.65551093321746
C            2.30181047486265        0.92091035560542        0.09874708779334
C            1.41619448385932        1.39464038453821        2.50096139474923
C            0.11461425647702        1.19665847756920        2.50416060481107
H           -0.52047111633333        1.34287482508897        0.86813689933432
H           -1.92287311247088        0.72215147196817        0.08492569970534
H           -0.38914901865747       -0.22485839639500       -1.56926340044478
H            1.85514209181310       -0.61319925433886       -1.23727957209912
H            3.31407329609323        0.65821469413416        0.34992763415520
H            2.03323385699121        1.88091878554092        0.48771675397157
H            2.03467752452321        0.49434006282704        2.40520811157104
H            1.84543936623017        2.36115839693852        2.30758487585713
H           -0.70027182370365        1.70510492355269        2.09093422381070
H           -0.40887683463971        0.37259680612092        2.89968173352243
16
 energy: -18.491789175468 gnorm: 0.005983031696 xtb: 6.7.1 (edcfbbe)
C           -0.86985473697522        0.72346262322548        0.11923615546195
C            0.02064448314373        0.33042914243869       -0.76169706385389
C            1.46259379196753        0.21619759408367       -0.65159440354718
C            2.29904087079847        0.91902691902567        0.10495575421846
C            1.41931968728008        1.39544240581170        2.49517953422283
C            0.11727410862357        1.19333549553208        2.50455176730459
H           -0.52687739259499        1.33617065785040        0.86816181465557
H           -1.92706830059503        0.72270032631132        0.07395990555149
H           -0.38775922031788       -0.21794338771020       -1.57744484608489
H            1.85481062121812       -0.61430022407570       -1.23237574460130
H            3.31094652494537        0.65488913885851        0.35662691713393
H            2.03308059048400        1.88109003979522        0.48943054348854
H            2.04441748523486        0.49944974695701        2.39721378638506
H            1.84516941569821        2.36573621252311        2.30989563936482
H           -0.69789844553828        1.70475017596831        2.09604343103445
H           -0.40319841088457        0.37493445052041        2.90765207074772
16
 energy: -18.491891358648 gnorm: 0.001595894888 xtb: 6.7.1 (edcfbbe)
C           -0.86708478769636        0.72416752539602        0.12244422799560
C            0.02147088595821        0.33045704280456       -0.76015591150559
C            1.46367885825448        0.21712510464738       -0.65406957169552
C            2.30157739745193        0.92114564901069        0.09995951551474
C            1.41699805827549        1.39430300266799        2.49780062641944
C            0.11453005497218        1.19534134358295        2.50505656126740
H           -0.52424264392478        1.33941796584483        0.86852769615822
H           -1.92454096081791        0.72176254871078        0.07984291603883
H           -0.38803440899535       -0.22286115143926       -1.57177727981328
H            1.85514724314713       -0.61365375425306       -1.23505741398936
H            3.31388788195802        0.65829003552915        0.35085888811827
H            2.03347381233657        1.88138374337553        0.48876018816356
H            2.03716686696826        0.49424197532004        2.40161892736012
H            1.84648960286516        2.36167636153391        2.30919225225356
H           -0.69794829923122        1.70766520588780        2.09311551262770
H           -0.40792848903388        0.37490871849638        2.90367812656842
16
 energy: -18.491860884824 gnorm: 0.004049493956 xtb: 6.7.1 (edcfbbe)
C           -0.86569249197433        0.72605335077115        0.12327028326453
C            0.02148296290813        0.33185021567472       -0.76062040165007
C            1.46340663292994        0.21665171276089       -0.65480993695340
C            2.30056931383608        0.91876951051105        0.10138238541922
C            1.41595431436880        1.39760470982480        2.49854646755658
C            0.11466043712647        1.19403869202784        2.50480049753478
H           -0.52220845705894        1.34147757243765        0.86884150511603
H           -1.92339372961332        0.72341480823848        0.08315163968547
H           -0.38925025065827       -0.22264580190088       -1.57096252788371
H            1.85484546428671       -0.61322106974179       -1.23694235046257
H            3.31205151003138        0.65506116497000        0.35446753657108
H            2.03283768669657        1.87949319259741        0.48968131892354
H            2.03837093813380        0.49896412057111        2.40261083770590
H            1.84319136331936        2.36493769778704        2.30663675285328
H           -0.69647199808821        1.70489310182962        2.09057408459513
H           -0.40571262375623        0.36802833875658        2.89916716920634
16
 energy: -18.353493702304 gnorm: 0.277277983048 xtb: 6.7.1 (edcfbbe)
C           -0.87855382259846        0.56227294343752        0.20059928401624
C            0.01958810649934        0.47189027105802       -0.70802737215189
C            1.45479720022857        0.24677680336157       -0.61448741111524
C            2.36084080010324        0.82445827925161        0.09487969126066
C            1.40334947538881        1.43621602269785        2.42684281510632
C            0.16779300456149        1.15715082701412        2.35790341059730
H           -0.60153940261771        1.09754586859523        0.93470523004443
H           -1.86055222823095        0.83118957119505        0.04296618536072
H           -0.37337330481716        0.00046344650374       -1.56897739220194
H            1.83073002627976       -0.54103979198837       -1.34854024777907
H            3.30544604721170        0.59696714327077        0.36919081441610
H            2.15341472488733        1.80501818891569        0.54761993179962
H            2.04712559674120        0.48803570015624        2.37107988624922
H            1.79840291111911        2.42566119979460        2.30843758118997
H           -0.68248435412889        1.33293894876429        1.89289601907414
H           -0.47385405800371        0.65701769444649        3.01657460683833
16
 energy: -18.447200958227 gnorm: 0.082593810716 xtb: 6.7.1 (edcfbbe)
C           -0.89993003129800        0.57820406367201        0.13976774513805
C            0.02551784830460        0.42442754701487       -0.77816068281568
C            1.45831616810089        0.23101103327996       -0.64712272466490
C            2.36154410535195        0.85134671472460        0.08213694092701
C            1.43216415274875        1.42586406209799        2.46490263785791
C            0.14271294049416        1.18286438788382        2.44595025823375
H           -0.58718907228245        1.12314028686305        0.93388372015495
H           -1.92030755060043        0.79624922622867       -0.01047175343901
H           -0.37095669928767       -0.01261367034693       -1.65825220225741
H            1.82474297440462       -0.55984101401408       -1.32849296188497
H            3.34464392603101        0.58813417959457        0.34713722955803
H            2.13346996051114        1.80630401786024        0.54662639948118
H            2.07290855009781        0.51689035217873        2.45374515710226
H            1.82831710200690        2.41258086624906        2.27775820623182
H           -0.73866019541421        1.52651237503692        1.99626205794095
H           -0.43616345654548        0.50148868815093        3.05799300514110
16
 energy: -18.455753522921 gnorm: 0.045008805577 xtb: 6.7.1 (edcfbbe)
C           -0.88759245735562        0.60130335522034        0.12392306538392
C            0.03260869024147        0.39969926084685       -0.79668288728071
C            1.46101123920636        0.21544552864453       -0.65245119857095
C            2.35011067460035        0.86042260979279        0.08384880064119
C            1.42074684270540        1.40866646145264        2.47188771120325
C            0.12839340241621        1.18036951759811        2.47420727250991
H           -0.54495680481162        1.10754100060189        0.94549063005924
H           -1.92415938178233        0.78485789226878       -0.00615186481934
H           -0.37270834380888       -0.02494612250873       -1.67987456699716
H            1.82997853679211       -0.56034433092827       -1.32032629152039
H            3.34829330007694        0.57233770050042        0.32081389063535
H            2.12760071038592        1.81465744462729        0.51942864528325
H            2.06259965405347        0.53697868355758        2.44227299813691
H            1.79771657075351        2.40431963574597        2.31219358456006
H           -0.73629160220283        1.62787557043689        2.03838420589143
H           -0.42222030864685        0.46337890861728        3.04669903758907
16
 energy: -18.453644837159 gnorm: 0.043731120059 xtb: 6.7.1 (edcfbbe)
C           -0.89057809361133        0.62191435965107        0.10340438321040
C            0.03178034806480        0.40304544813009       -0.80773845361990
C            1.46255058166964        0.23159757805653       -0.65684099281295
C            2.34149917705059        0.88429407369754        0.09242636819681
C            1.42018035875416        1.39709027574780        2.44440794937329
C            0.12369444376259        1.16595758288887        2.48982397737385
H           -0.53710748712135        1.08010032147421        0.95349233688594
H           -1.93317461567695        0.78209782911049       -0.02057767503586
H           -0.36952498429222       -0.00834900300881       -1.69956271721614
H            1.83023428547970       -0.55423253992287       -1.30745216984049
H            3.33920699645046        0.56528505928172        0.32228412794102
H            2.11129254896209        1.81061788153300        0.57141635259307
H            2.06843146106520        0.53329390688304        2.52111685394478
H            1.80211023170700        2.38456467448956        2.19977338678252
H           -0.72264918187873        1.62517483401191        2.05722117941132
H           -0.40681534776212        0.47011083445021        3.06046812551748
16
 energy: -18.457538038837 gnorm: 0.019559593891 xtb: 6.7.1 (edcfbbe)
C           -0.89432640180672        0.62324746251945        0.10691787166857
C            0.02854179774536        0.39982239917587       -0.80055570555841
C            1.46190098183825        0.22201225475120       -0.65591067224469
C            2.34690562563584        0.87520823407988        0.08287142180535
C            1.41764676678887        1.41337282875345        2.45486021662618
C            0.11899904359399        1.18600424531607        2.49777232076974
H           -0.54652521945891        1.08517460536890        0.95007572112221
H           -1.93274777585316        0.78437655231267       -0.02364559536454
H           -0.37170200941105       -0.01626512223146       -1.68958734632004
H            1.82525560227906       -0.56857209815490       -1.31217641742887
H            3.34104001995928        0.55965260434887        0.31688092132756
H            2.12733298625386        1.81329532811494        0.54038316831835
H            2.06943680075551        0.54580939041118        2.47648356957143
H            1.80810194403096        2.40693070440018        2.28819362112328
H           -0.71753578781320        1.60845362407093        2.04367493275925
H           -0.41119365191436        0.45404010323713        3.04742500452972
16
 energy: -18.457143574820 gnorm: 0.021187577834 xtb: 6.7.1 (edcfbbe)
C           -0.89302140373390        0.61889111841432        0.12178597538448
C            0.02916502796146        0.39213944692919       -0.78519141934099
C            1.46484002505184        0.21634198683130       -0.64384146140821
C            2.34786550405993        0.87313232453419        0.09206854218633
C            1.41711536298688        1.40041213285191        2.46859976621415
C            0.12183032951919        1.17436082434352        2.48212574903267
H           -0.55413360234130        1.09876040549064        0.94975589782620
H           -1.92970828684039        0.77408620862142       -0.01121894675065
H           -0.36908004765539       -0.03256090573940       -1.67019435713109
H            1.83572717862419       -0.55166853833436       -1.32345992561570
H            3.34616861672194        0.57620112956188        0.31972478278272
H            2.12501346152247        1.82003647270895        0.53378539324243
H            2.06584318851834        0.52786317802753        2.44209767536340
H            1.80919062862969        2.39101984905050        2.28013719877556
H           -0.71493756596601        1.64237883959838        2.03322099100730
H           -0.43074769443535        0.47116864358439        3.03426717113644
16
 energy: -18.457955703228 gnorm: 0.006175064414 xtb: 6.7.1 (edcfbbe)
C           -0.89156745187281        0.62392701459322        0.11379595086462
C            0.02910156996135        0.39844958863724       -0.79354530826844
C            1.46380523667880        0.21954957222033       -0.65378817103341
C            2.34707403640322        0.87164235896020        0.08582073627691
C            1.41486238293781        1.40854232043381        2.45881491700734
C            0.12132785423226        1.17213270209616        2.48815934987490
H           -0.54875361199962        1.08789866960538        0.95220163863441
H           -1.92777297215777        0.78166730525996       -0.01440100935377
H           -0.37096325512335       -0.01739523995129       -1.68287023235293
H            1.82904983050066       -0.56237044112932       -1.31936694694216
H            3.34198188347497        0.56334772827295        0.31785705461184
H            2.12623334002743        1.81427071584172        0.53522776058248
H            2.07123984542719        0.54051535863918        2.47075105096916
H            1.79870487652465        2.40423754275902        2.28425686988302
H           -0.71362984397719        1.62429591400677        2.03814063086244
H           -0.41956299841402        0.46185200622902        3.04260874108867
16
 energy: -18.457794309429 gnorm: 0.012339955869 xtb: 6.7.1 (edcfbbe)
C           -0.89203347930954        0.62531891199435        0.10997084640652
C            0.02941465178706        0.39685296372649       -0.79543625751381
C            1.46443793111414        0.22202382150813       -0.65204911952339
C            2.34581038911241        0.87646566719380        0.08943558866288
C            1.41607417562187        1.40946834216947        2.44951040917166
C            0.11746688231693        1.18463663006931        2.49817905955399
H           -0.54857420583325        1.08234041875915        0.95377526136374
H           -1.92938677353167        0.78009792092173       -0.01866930126640
H           -0.36868888329567       -0.02139891913366       -1.68443705807961
H            1.82960637912235       -0.56508580801679       -1.31038080264021
H            3.34116094258842        0.56645081578051        0.32095206332119
H            2.12252644891044        1.81527937373835        0.54528020671529
H            2.06132595338956        0.53697572060058        2.45239068845637
H            1.81094954120920        2.40108318265796        2.27682457726290
H           -0.71263599071864        1.62091233378448        2.03936731190114
H           -0.41632323985999        0.46114174072052        3.04894955891277
16
 energy: -18.458015909404 gnorm: 0.002248405948 xtb: 6.7.1 (edcfbbe)
C           -0.89233939816754        0.62571661410980        0.11185019995037
C            0.02847173527254        0.39686035375528       -0.79380880584944
C            1.46375221331841        0.22039804680600       -0.65255641835648
C            2.34659164638724        0.87423259215690        0.08660748335792
C            1.41559372746697        1.40814104807740        2.45715054534875
C            0.11997112474547        1.17667633625347        2.49252033611066
H           -0.55001788823893        1.08518545156732        0.95279619710794
H           -1.92920979671806        0.78068409182479       -0.01673759263874
H           -0.37038527470227       -0.02193548157000       -1.68198976693787
H            1.82906764762745       -0.56121910253263       -1.31756211300912
H            3.34217677838552        0.56640432393722        0.31700692684009
H            2.12528469187544        1.81578056198916        0.53796053802403
H            2.06713493273867        0.53760872516289        2.46814989431215
H            1.80599445323951        2.40120911808818        2.28272492377290
H           -0.71026086858889        1.62467213697494        2.03611623361159
H           -0.42069500201794        0.46214829987361        3.04343445106031
16
 energy: -18.457996956042 gnorm: 0.003364262060 xtb: 6.7.1 (edcfbbe)
C           -0.89210897442877        0.62603444858958        0.11264372291828
C            0.02901611386133        0.39805119033550       -0.79280216108553
C            1.46413499276787        0.21971525589896       -0.65201141377180
C            2.34691102893704        0.87136270134074        0.08870657972146
C            1.41483134029816        1.40977123108110        2.45637081611809
C            0.12076924603980        1.17299794425749        2.49096339001220
H           -0.55137865822626        1.08499631751914        0.95409792080169
H           -1.92876257101897        0.78082664834401       -0.01560143912332
H           -0.37005842039270       -0.01708451264685       -1.68292316770810
H            1.82945965304681       -0.56258775962940       -1.31683657287826
H            3.34172706141574        0.56284273406034        0.32079124049390
H            2.12630990098849        1.81390055784092        0.53871580219488
H            2.07093867225502        0.54210955752691        2.46085850032045
H            1.79978188045732        2.40455170132466        2.27953907295509
H           -0.71086215701809        1.62485152972367        2.03717240073644
H           -0.41957838635919        0.46022357090761        3.04397834099958
16
 energy: -18.304894898644 gnorm: 0.290303874478 xtb: 6.7.1 (edcfbbe)
C           -0.89380197273762        0.46590356289036        0.21401961317526
C            0.02192062463660        0.51496824869728       -0.72705341602856
C            1.45529087845979        0.29092314729350       -0.59034430327445
C            2.39547872499006        0.85019331250838        0.13694625198950
C            1.43039196691831        1.38854026458655        2.36255628904499
C            0.16437738623604        1.13223797566584        2.25126959306134
H           -0.63041915392911        0.89916465845407        0.98424024783512
H           -1.84280706987555        0.90601975972204        0.09045758201878
H           -0.36237816439731        0.18399613860415       -1.63325397659515
H            1.81097820089747       -0.48147482044447       -1.39165475750486
H            3.31732096343523        0.49916330080668        0.29764888089025
H            2.24689999773338        1.76285489025835        0.57085505319922
H            2.06836416662608        0.54931323440626        2.47605584112278
H            1.78924331950259        2.43689931422508        2.29026076284786
H           -0.79151980206296        1.24442748611328        1.89548352849077
H           -0.50998184724921        0.82624554455961        3.02961712200192
16
 energy: -18.407823065541 gnorm: 0.100674636019 xtb: 6.7.1 (edcfbbe)
C           -0.91347993589824        0.46750234027549        0.14132778455064
C            0.02759218456829        0.47975573735778       -0.78675082506100
C            1.45698875569389        0.26983266152084       -0.63041111195798
C            2.38900062057005        0.85567595991439        0.10689052544016
C            1.43576835640166        1.40870576389020        2.42273628700745
C            0.13346460125157        1.18626686300980        2.34953742412202
H           -0.60487206678408        0.88503399629841        1.00915651455738
H           -1.89740005117378        0.86627694506364        0.02604576690381
H           -0.35756570938680        0.18834863036861       -1.72274110392135
H            1.80763150813660       -0.49881952193139       -1.36505902874388
H            3.35503298204882        0.48257225712548        0.27491920068573
H            2.22449617803301        1.78448015500816        0.57636123400032
H            2.08598135349953        0.56405212711931        2.54062860234390
H            1.81869129643893        2.42524411794457        2.24721468409033
H           -0.82051128474345        1.44383777892413        1.96297485809825
H           -0.47146056947221        0.66061020645757        3.10427350015901
16
 energy: -18.422584260753 gnorm: 0.059205687778 xtb: 6.7.1 (edcfbbe)
C           -0.91227588097158        0.48421149541925        0.11850036052542
C            0.03294106105773        0.46376897325756       -0.80161148992900
C            1.46024346138530        0.24686710023363       -0.64338075584938
C            2.38241510015161        0.85261709673582        0.09112860488627
C            1.41726098701705        1.41159887758462        2.42208791036740
C            0.11622402632034        1.19262631128492        2.38415033927424
H           -0.57125114458062        0.81820593719818        1.03258633309014
H           -1.90901042570301        0.85612183482493        0.02797827611429
H           -0.35554781814126        0.19766337006134       -1.75266059076390
H            1.80831024243070       -0.50167564407881       -1.35478914830126
H            3.36557052285353        0.47704828998219        0.25087186526967
H            2.21960354203294        1.78965733386319        0.56061836224249
H            2.08166011284459        0.57728834422174        2.55751020591868
H            1.78697871076730        2.41437065140515        2.28186045199429
H           -0.80931245574922        1.58349848730314        1.98548436175017
H           -0.44445182253165        0.60550755905017        3.09676922568528
16
 energy: -18.421463599711 gnorm: 0.052867217630 xtb: 6.7.1 (edcfbbe)
C           -0.90819906665119        0.51935551172750        0.10607310138616
C            0.03487353323839        0.47222928750662       -0.81086499325977
C            1.46386474866799        0.25774105297473       -0.64806485657047
C            2.37476646508212        0.86694621830216        0.09967327745389
C            1.40332120916195        1.41078231152044        2.43398851977181
C            0.10062309504210        1.17368567624170        2.42711767943315
H           -0.55188031766339        0.79119857714998        1.04311140889755
H           -1.91648499485186        0.85552725617058        0.01648446561423
H           -0.35010600343391        0.20569299294116       -1.76580137943549
H            1.81202113087789       -0.50684551190978       -1.33694713241901
H            3.35883810492762        0.48119995357037        0.26412336827490
H            2.20609865462640        1.79032436679746        0.60213510699666
H            2.07790523975299        0.58162494937880        2.57009831958822
H            1.80213361770543        2.39228912077470        2.14590476309409
H           -0.79031961306944        1.58033148694169        2.00463771239539
H           -0.44809758422929        0.59729276825883        3.10543495105348
16
 energy: -18.425471296205 gnorm: 0.025128240511 xtb: 6.7.1 (edcfbbe)
C           -0.90819058687287        0.53511012758400        0.11039445987759
C            0.02978842041528        0.46577112809432       -0.81063236681531
C            1.46110939448757        0.24915687403417       -0.65122902083243
C            2.37734386602500        0.85963038232577        0.08759140922282
C            1.40248601069040        1.42717099648977        2.42635615336034
C            0.09698296452843        1.18719470670384        2.43278696112313
H           -0.55341212777679        0.80952245352036        1.03501895418074
H           -1.91935956529826        0.85233266524332        0.00692311183902
H           -0.35570220438410        0.18939565268120       -1.76023941734759
H            1.80590235076404       -0.52160710955492       -1.34575651728152
H            3.35784878098445        0.47020142229089        0.25347998017109
H            2.22285024766052        1.79151225172875        0.56609349957091
H            2.07924384772310        0.59623751684251        2.55444072359959
H            1.80050109336430        2.41648158083401        2.25590813746637
H           -0.78112792646002        1.56368350437939        1.99935190417179
H           -0.44690634666727        0.57758186514961        3.09661633996824
16
 energy: -18.425254609278 gnorm: 0.020485940972 xtb: 6.7.1 (edcfbbe)
C           -0.91381612390602        0.51330639095939        0.12394463837902
C            0.02496236191007        0.45232011075089       -0.79496781163505
C            1.45943968409802        0.24850991934503       -0.63716272162551
C            2.37606990771034        0.85910576345621        0.10024408614556
C            1.41151346918358        1.40737081736513        2.41063819423546
C            0.10604161858742        1.18827641428833        2.40280472902162
H           -0.56831832351280        0.80469471812909        1.03271777041034
H           -1.91776150720327        0.83663198052792        0.01838304715904
H           -0.35634216036158        0.18635118808285       -1.74793636088220
H            1.81367397607320       -0.48729377176154       -1.36512712004265
H            3.36284978355747        0.48571063953815        0.24953303126762
H            2.21784152333629        1.79130240416249        0.57308952111760
H            2.07683330341990        0.57042995807216        2.57122255056758
H            1.80684535668134        2.40203513692416        2.26341919039326
H           -0.78094531186789        1.60218823193827        1.97855204874673
H           -0.44952933852229        0.60843611656851        3.07774951901638
16
 energy: -18.426187938508 gnorm: 0.008679426997 xtb: 6.7.1 (edcfbbe)
C           -0.91172287646485        0.52423008524408        0.11885299041171
C            0.02793757936327        0.46176950359493       -0.79881229315248
C            1.46067891911883        0.24992211101834       -0.64134042822126
C            2.37805095943421        0.85659372422918        0.09794169216648
C            1.40515297118524        1.41794947502436        2.41654352558132
C            0.10370352839949        1.18151531652094        2.41329006323126
H           -0.56331381636304        0.79597991647215        1.03741037995835
H           -1.91233311263855        0.85431800471463        0.01903517960131
H           -0.35348942291023        0.20047784623158       -1.75352687900242
H            1.80818562358061       -0.50934046436574       -1.34812517960817
H            3.36028181930573        0.47431758547516        0.25583029546878
H            2.22197196637862        1.78850117788947        0.57319900901061
H            2.08355826256483        0.58789993361636        2.55025333808012
H            1.78829314349240        2.41534268395998        2.24446666171608
H           -0.78064997524122        1.58276971458864        1.98623429299137
H           -0.44694735002156        0.58712940413290        3.08585166404171
16
 energy: -18.426064235108 gnorm: 0.013295767450 xtb: 6.7.1 (edcfbbe)
C           -0.90702990493882        0.53221522225492        0.11411595249201
C            0.02878451308627        0.46387110861791       -0.80710534769995
C            1.46177765029120        0.25276819552743       -0.65159775044555
C            2.37815634685662        0.86309364616954        0.08625615048584
C            1.40361009622437        1.41558596160294        2.42372645562120
C            0.09968968408633        1.18334512105846        2.42677745645724
H           -0.55713523650455        0.79389289833888        1.03720862884707
H           -1.91518899601666        0.84888155290157        0.01482510167767
H           -0.35343344567184        0.19006151606399       -1.75707712683110
H            1.80811655763534       -0.51285938487315       -1.35136572473791
H            3.35884261252987        0.47818903339973        0.25012262289389
H            2.21845509483648        1.79187707145159        0.56794468775917
H            2.07561994524299        0.58307517208320        2.56899057753258
H            1.79968591493485        2.40849749088139        2.24876155971729
H           -0.77672738412960        1.57435351980673        1.98871081699055
H           -0.45386522927907        0.60252789306189        3.09681025151479
16
 energy: -18.426298428761 gnorm: 0.004120632430 xtb: 6.7.1 (edcfbbe)
C           -0.90988360877533        0.53124865319465        0.11720137720975
C            0.02771988291415        0.46151064288901       -0.80190012653363
C            1.46067471080785        0.24991574760917       -0.64315127043387
C            2.37682041700733        0.85895581802798        0.09608354107375
C            1.40563096474209        1.41715830473818        2.41728048614800
C            0.10182317290140        1.18567417091696        2.41939660299606
H           -0.56224562951391        0.79584953381977        1.03708059194918
H           -1.91663221861335        0.84899197155161        0.01521605499125
H           -0.35342023542717        0.19040045233073       -1.75307500074326
H            1.80968228654715       -0.50541506460321       -1.35222233793276
H            3.35895363313472        0.47718393016639        0.25554359859465
H            2.21866312798622        1.78987510803492        0.57327865107318
H            2.07878474920992        0.58444847702118        2.55508884841088
H            1.79979793465121        2.41116480992398        2.24644038541243
H           -0.77706346552526        1.58139598392286        1.98552347781234
H           -0.44994750286325        0.59101747880282        3.08931943224683
16
 energy: -18.426274580781 gnorm: 0.005097996982 xtb: 6.7.1 (edcfbbe)
C           -0.91107157207300        0.52858032937487        0.11777255263615
C            0.02735411649257        0.46171983701774       -0.80015847123031
C            1.46056666436899        0.25026490915359       -0.64308039889875
C            2.37849207589546        0.85744529175165        0.09544483749065
C            1.40585736010572        1.41615582017672        2.41660254649792
C            0.10423285630088        1.17968890075859        2.41435130239870
H           -0.56475590967172        0.79109177525640        1.03796067389910
H           -1.91425898553628        0.85184551720243        0.01724408413121
H           -0.35440360483593        0.20029152372133       -1.75457128148716
H            1.80786175139454       -0.50910021837601       -1.34996886791113
H            3.36086796418497        0.47594219871697        0.25260158437301
H            2.22196279986896        1.78917059348962        0.57112431048971
H            2.08349253214093        0.58752504650008        2.56273655627383
H            1.79018208726561        2.41374859534897        2.24672817471549
H           -0.77765458491011        1.58087395458098        1.98448111654985
H           -0.44936733180780        0.59413194367308        3.08783559234650
16
 energy: -18.233417679125 gnorm: 0.471297556317 xtb: 6.7.1 (edcfbbe)
C           -0.90060448584962        0.38692115280531        0.26430028902664
C            0.02454551594791        0.53604884545551       -0.73636450918178
C            1.45231013242780        0.33948205299989       -0.57247614548163
C            2.40796357189170        0.87694141416280        0.20507860130321
C            1.46378588555781        1.33456712451829        2.30609431580537
C            0.13058181383955        1.11170711539049        2.16045122778995
H           -0.65978071540753        0.69733467232143        1.02808815706019
H           -1.82735523304287        0.93705738982270        0.17065608256327
H           -0.35114332554297        0.36467320485153       -1.68411015712158
H            1.82432431262409       -0.39596272572013       -1.35842546813313
H            3.32886512983088        0.41072813442840        0.24247494007377
H            2.31943378544161        1.82293652746730        0.52227004240739
H            2.08728799791229        0.60708927266122        2.58718182753615
H            1.79928310427549        2.40488781862382        2.21705381209855
H           -0.86614276155960        1.15884047933158        1.99813962742970
H           -0.50351557753194        0.98926217013051        3.00810528725693
16
 energy: -18.360845845143 gnorm: 0.130884546490 xtb: 6.7.1 (edcfbbe)
C           -0.91973158087200        0.38404023946333        0.16107223577195
C            0.02679229260677        0.52087741067853       -0.77442172625803
C            1.45223974932796        0.31974126898939       -0.60384917302225
C            2.40115283881200        0.87437167997269        0.16613207201079
C            1.44970478369603        1.36953760031398        2.34513200416285
C            0.12306574837667        1.17706439107275        2.25696886051802
H           -0.62195961904206        0.65757108786375        1.09000242262686
H           -1.86954730996865        0.90368789999714        0.11024559581670
H           -0.34714015877593        0.37807733787466       -1.74676022564662
H            1.82119462319078       -0.41815902294345       -1.34205731160365
H            3.34738352784107        0.40133279359129        0.23215163955409
H            2.30821209672368        1.84768238396511        0.52690876026207
H            2.10269957139190        0.60143673720423        2.63124351110204
H            1.82079664120691        2.39645967093426        2.18654208085483
H           -0.89281532333184        1.31250234176228        2.00331093222936
H           -0.47220873036870        0.85629082851071        3.11589625205401
16
 energy: -18.389482562276 gnorm: 0.091721974516 xtb: 6.7.1 (edcfbbe)
C           -0.91554539670370        0.40239680728105        0.13630068599559
C            0.03086268224800        0.51659908117443       -0.78158967151409
C            1.45898747366857        0.30161836377512       -0.62085475526502
C            2.40364419095831        0.87237657180510        0.12712279757055
C            1.42142308428473        1.39507927464536        2.36912190908394
C            0.10139359219774        1.22014105037057        2.31539857468935
H           -0.59668849301766        0.57793670484843        1.10278620876490
H           -1.88087815881786        0.88289402795938        0.11181613309152
H           -0.34294818083956        0.40136947205149       -1.77174364864829
H            1.81735675612109       -0.44322406788804       -1.33131278326782
H            3.36171673691208        0.40735969563727        0.21196545814761
H            2.30387970729281        1.84281733919359        0.52810596452193
H            2.08405887839265        0.61466392758637        2.66125704288459
H            1.82025971966292        2.38633891773507        2.17010338242895
H           -0.89148644807165        1.49816493870744        1.98619253678122
H           -0.44619699347388        0.70598254436803        3.14384809516807
16
 energy: -18.392933768994 gnorm: 0.068168451016 xtb: 6.7.1 (edcfbbe)
C           -0.91796531200200        0.43279818300027        0.11436774612043
C            0.02872655862186        0.51727684808851       -0.79869250607971
C            1.45939137263824        0.29517785684881       -0.63368065180010
C            2.39714615301030        0.87549730105995        0.10680261717078
C            1.40634354882704        1.38967324332789        2.38620153644129
C            0.09888353300743        1.17014322408053        2.37624255522272
H           -0.58028691110227        0.53408725218526        1.11026743839823
H           -1.89794048972399        0.87414342941237        0.08288287064210
H           -0.33869836583769        0.41624623176566       -1.80106935442273
H            1.81693587739381       -0.45170400394367       -1.32905969027401
H            3.36287363999502        0.41569499587477        0.20671580219427
H            2.29518053017710        1.84381055041780        0.53533375400406
H            2.09869012051739        0.62255223145575        2.68598826160135
H            1.79837212294996        2.36673517161143        2.15272000089351
H           -0.86271821087570        1.50436859361039        1.99627279524168
H           -0.43509501678194        0.77601354045493        3.16722475507916
16
 energy: -18.395999632415 gnorm: 0.031278486956 xtb: 6.7.1 (edcfbbe)
C           -0.92067631773513        0.45965684250889        0.13104782467857
C            0.02368112242785        0.50995280251142       -0.79255766463579
C            1.45561325468756        0.28859465022454       -0.61908575252537
C            2.39432889793211        0.86866045446563        0.12074740587590
C            1.40297373425128        1.41451333710387        2.37741628522595
C            0.09591681188279        1.17328273709788        2.37297362003356
H           -0.58339462872791        0.57970238910235        1.10314801837077
H           -1.90203385696394        0.88287155515082        0.06782708940701
H           -0.33965235140088        0.38858530805589       -1.78923775910990
H            1.81559823433169       -0.45518470434773       -1.32164240233946
H            3.35709354114116        0.40582025565179        0.22011034527547
H            2.30826758300901        1.84220658104580        0.52699708176376
H            2.10217508493390        0.63594313333409        2.63180889428404
H            1.79967059233962        2.39373906559134        2.18134532575878
H           -0.84714075072878        1.49438847745514        1.99972257049090
H           -0.43258180056574        0.69978176429893        3.14789704787881
16
 energy: -18.396012117033 gnorm: 0.026248483443 xtb: 6.7.1 (edcfbbe)
C           -0.91812305572304        0.43954230101263        0.15036855512267
C            0.01970332222545        0.50940738850976       -0.77884692931998
C            1.45522023033582        0.30378509620275       -0.61495504843668
C            2.39516717701032        0.87414084367842        0.13358146781760
C            1.40623908700347        1.40192818063577        2.36751806652048
C            0.09207925670256        1.19015284998391        2.34520722143894
H           -0.58647215971881        0.55851903372129        1.10760067493506
H           -1.89386932752733        0.86418261195921        0.09391705136613
H           -0.34330849003734        0.39401237709964       -1.77144564980357
H            1.81770230669997       -0.43130442620009       -1.33351260366113
H            3.35972596058478        0.41761954619912        0.21269119093908
H            2.30767820590548        1.84127184316644        0.54947443967360
H            2.07272413510372        0.61634833092211        2.66840242545832
H            1.83495085765648        2.37581359168557        2.13665302796935
H           -0.84169357123612        1.52580939538203        1.98049629821278
H           -0.44788478417083        0.70128568529209        3.11136774220033
16
 energy: -18.396649180007 gnorm: 0.019355019388 xtb: 6.7.1 (edcfbbe)
C           -0.91726672187984        0.43985614357592        0.14367179074153
C            0.02150267830134        0.51187419959890       -0.78330308928083
C            1.45620184867024        0.29720658845811       -0.62501214524801
C            2.39929001659708        0.87063595339814        0.11625298811713
C            1.40472839340276        1.40292674648185        2.36532028216957
C            0.09178122452422        1.18669087637445        2.34807867239110
H           -0.58212593578753        0.53272211265984        1.10975750258862
H           -1.88760392857407        0.87471853832702        0.10093757226405
H           -0.34285689623834        0.40727293486127       -1.77774672577677
H            1.81319447068196       -0.45051049592890       -1.33340988617249
H            3.36219152403528        0.41017702312299        0.20323493608168
H            2.31532063154335        1.84186912565114        0.51913306079775
H            2.07779530174766        0.62342462246163        2.67158382373910
H            1.80290854212954        2.38861498311336        2.20298735352587
H           -0.84059268529575        1.52783860620615        1.98138907784184
H           -0.44462931304331        0.71719669088881        3.11564271665287
16
 energy: -18.396774130746 gnorm: 0.021684555888 xtb: 6.7.1 (edcfbbe)
C           -0.91771457160272        0.46324573851319        0.13410683152028
C            0.02528688605256        0.51520902561010       -0.79021653602812
C            1.45751340004249        0.29164821375369       -0.62158872168422
C            2.39411336217183        0.87149368035770        0.12099190897961
C            1.40035032771933        1.40727699753307        2.37637738645832
C            0.09077729831172        1.16772623647049        2.37170360547719
H           -0.57991200427384        0.54414455454215        1.10521454338078
H           -1.89317453297401        0.89278041156748        0.08455815172293
H           -0.33622041786149        0.40257989141251       -1.78715932315039
H            1.81739594273218       -0.46129413410392       -1.31858692866585
H            3.35797015485833        0.41122015051196        0.22270397696103
H            2.29953332099246        1.84036743128872        0.53599666737910
H            2.10281664143365        0.63245030164130        2.63451328147513
H            1.79009395327793        2.38802840106909        2.15175081236945
H           -0.84088786020293        1.50452580578517        1.99707192373553
H           -0.43810274986292        0.71111194329792        3.14108035050223
16
 energy: -18.397461619590 gnorm: 0.006402126180 xtb: 6.7.1 (edcfbbe)
C           -0.91579836906241        0.45680089853885        0.14261364282119
C            0.02198302671122        0.51075207087528       -0.78675509544131
C            1.45588046677937        0.29506532751578       -0.62062942261806
C            2.39554157528496        0.87173341406036        0.12167883392191
C            1.40416217765449        1.40327413653773        2.37617244499329
C            0.09205300396660        1.17857449682192        2.36097022131944
H           -0.58205698769605        0.55361722716038        1.10251206954213
H           -1.89876799483395        0.87193213649380        0.08526940423499
H           -0.34115114696928        0.39105599841827       -1.78042796103310
H            1.81680235541906       -0.44335282602900       -1.33188713012968
H            3.35962273371331        0.41317993563218        0.21197248899419
H            2.30505172941402        1.84051382921440        0.53409316561331
H            2.08834729708925        0.62451744523566        2.65868143010611
H            1.80917003100011        2.38294130346794        2.16827741848159
H           -0.83787035466759        1.51942450958330        1.98753625026810
H           -0.44313039298854        0.71248474572380        3.12844016935890
16
 energy: -18.397446875489 gnorm: 0.008774134646 xtb: 6.7.1 (edcfbbe)
C           -0.91850848203821        0.45105814916856        0.14271518978328
C            0.02182845936735        0.51347259711378       -0.78270569631317
C            1.45588552495465        0.29711768779541       -0.61896344315542
C            2.39740515587696        0.87092987049456        0.12400464953410
C            1.40363237563000        1.40558074951411        2.36638124036820
C            0.09130286181341        1.18087680042909        2.35253162847396
H           -0.58416448764004        0.53007051512531        1.10829833382118
H           -1.89102727145007        0.88094454652357        0.09462176526317
H           -0.34106177068152        0.40821181215376       -1.77856924426236
H            1.81419532378236       -0.44917454606087       -1.32599391694660
H            3.36015443083709        0.41018084544291        0.21292285886990
H            2.31072669350438        1.84098953619826        0.53271023534725
H            2.08481186887626        0.62825255050675        2.65830892628545
H            1.80673010407089        2.38727132008503        2.16663497179657
H           -0.83851680141191        1.51692475105478        1.98319286295857
H           -0.44355483467703        0.70980746370563        3.12242756860891
16
 energy: -18.113109803540 gnorm: 0.888947244178 xtb: 6.7.1 (edcfbbe)
C           -0.92055483893042        0.42868213185214        0.33255512641985
C            0.03009893026217        0.52717649944381       -0.69940907122103
C            1.43438775572521        0.37441477745969       -0.58507603417210
C            2.37841553244102        0.88265244287724        0.27026415668992
C            1.48155395025437        1.31105440818071        2.21401739754851
C            0.12456253277450        1.09970038502297        2.06222196292395
H           -0.69084882134994        0.49437207932995        1.06501930119529
H           -1.80419582277761        1.02147316082527        0.17317144547935
H           -0.33980957904066        0.53695472200150       -1.71838318473865
H            1.86395309705002       -0.29348300900421       -1.37286139900834
H            3.32983259830941        0.34773866685514        0.29005477888246
H            2.41586081377073        1.85874563618152        0.50939444187812
H            2.10099330458943        0.65047081077477        2.67617965582521
H            1.78890742733965        2.38738355437566        2.15033840470714
H           -0.92964561415684        1.07419115023565        2.15221017581785
H           -0.44166129584791        1.13241302853137        2.91710915375950
16
 energy: -18.279011295801 gnorm: 0.144372136111 xtb: 6.7.1 (edcfbbe)
C           -0.94489189530379        0.42755625553853        0.19895328853686
C            0.02230518032082        0.53361701051319       -0.73573851345464
C            1.43812069490369        0.35924727911258       -0.59762796581962
C            2.37959377248140        0.87408972643195        0.24459827206854
C            1.46721605913628        1.33666814984221        2.23844868321323
C            0.13508777951824        1.13220033186957        2.11490447171511
H           -0.63877264547677        0.45172779815582        1.17279014349128
H           -1.83693503084816        1.01160626733365        0.13038508157561
H           -0.33941461721040        0.54375847854009       -1.74194742217374
H            1.85966556610353       -0.30929726130355       -1.36346626540906
H            3.33060109867424        0.34849611886591        0.28561326822606
H            2.41557783137169        1.87846737909096        0.50533499210000
H            2.11274063282334        0.64426139717069        2.69705922893414
H            1.80007649729655        2.38155088786741        2.14015693787776
H           -0.95264908043816        1.14363824955447        2.13495784197508
H           -0.42647187293940        1.07635237635971        3.01238426913042
16
 energy: -18.334844808483 gnorm: 0.111359270714 xtb: 6.7.1 (edcfbbe)
C           -0.92586605745457        0.43338707741475        0.15729581749604
C            0.02549183319073        0.54090067107095       -0.76454173845204
C            1.44694627252632        0.34428307059243       -0.61889809117521
C            2.38405756892022        0.87412613019072        0.20495112744259
C            1.44616573490096        1.36971494691410        2.27520080358633
C            0.11234883337225        1.16343369506874        2.19385464097931
H           -0.60729797563480        0.39663116438621        1.14369576082194
H           -1.85923483541733        0.96931590929418        0.13035718232403
H           -0.33413895548589        0.56415256260671       -1.77602204212016
H            1.85313008995935       -0.35427523841656       -1.35087398746807
H            3.33525226941492        0.35535756634540        0.27067176676895
H            2.40682880943763        1.88517236516134        0.49596373313192
H            2.10855389256004        0.65887702202942        2.72577730620121
H            1.82371567624949        2.38120284574776        2.11195090624813
H           -0.98119755470829        1.37300796625222        2.10659502184164
H           -0.41290563141796        0.87865269028492        3.13082810436037
16
 energy: -18.346237223875 gnorm: 0.088715889873 xtb: 6.7.1 (edcfbbe)
C           -0.92667431461523        0.45254986287896        0.14903429913496
C            0.02287257012675        0.54676084491218       -0.76226930218358
C            1.45225053420849        0.32539646462012       -0.61522371866550
C            2.39625198768017        0.86529213530084        0.17027118537022
C            1.41941774814958        1.39876859243465        2.30059188481286
C            0.11129551492803        1.12959701377061        2.25837680744403
H           -0.60901231665266        0.35821126733466        1.14483506167094
H           -1.86861648926764        0.96682017473260        0.12114534693018
H           -0.32857796040750        0.58885665008901       -1.77909304263430
H            1.84208970457762       -0.37128726670442       -1.34508314125507
H            3.34824203899015        0.35703034660461        0.25026461975730
H            2.39586461195132        1.87099083821945        0.51405130099219
H            2.10340701678147        0.68515949521433        2.73276002719804
H            1.79161211627524        2.38714721282726        2.09727852499048
H           -0.94398858015655        1.46009744841097        2.04460777352418
H           -0.38458421215620        0.81254936429750        3.15525868490003
16
 energy: -18.349002476835 gnorm: 0.058775572837 xtb: 6.7.1 (edcfbbe)
C           -0.92435094121024        0.47104282819662        0.14843937775966
C            0.02218206778778        0.55249468512167       -0.76933261197841
C            1.45780273782213        0.32441590343780       -0.61915604220094
C            2.40044408790859        0.86967971453168        0.14597977533001
C            1.38844244517279        1.43146753362706        2.32248072143352
C            0.08346691299038        1.19595668829163        2.28660237232026
H           -0.61147955774510        0.34813040460508        1.13986664080768
H           -1.87951081655888        0.95099868699743        0.09832874824306
H           -0.32154386338331        0.58990284436001       -1.79086212079180
H            1.84121696726933       -0.38800672734539       -1.33620036002984
H            3.34584583510048        0.35839037509365        0.25320523632010
H            2.39214979802044        1.86749666177147        0.52254598931237
H            2.05732037517076        0.66594220546038        2.71082602285690
H            1.83010107910717        2.38336861279599        2.09093461994287
H           -0.90862345553060        1.40808214772597        2.06477454676649
H           -0.35161370150871        0.80457788027227        3.16837339589502
16
 energy: -18.351363586360 gnorm: 0.037235070338 xtb: 6.7.1 (edcfbbe)
C           -0.92882205056789        0.46067240221741        0.16174174385627
C            0.01860853424192        0.54509428949124       -0.76185086038568
C            1.45397209519030        0.33184117228533       -0.61556443589214
C            2.39784771999606        0.87666630055454        0.15302265620261
C            1.40570741724042        1.39947773936137        2.31677186667779
C            0.09036346086992        1.16541242096584        2.28765895053790
H           -0.62000344364097        0.33665566689853        1.14660983554851
H           -1.86928596178068        0.95781247293067        0.10356961994123
H           -0.32886843092656        0.57843673523715       -1.77963442550083
H            1.84398033426051       -0.36344577556809       -1.34883764019019
H            3.34486583931126        0.36815809198852        0.25002742454201
H            2.39487891122831        1.87185055791273        0.51622672969246
H            2.07775616314416        0.66657228219339        2.74231463765804
H            1.81746487730390        2.36190688660650        2.09217584596304
H           -0.90852684267042        1.43347395538343        2.03615874018035
H           -0.36808865278717        0.84335524648469        3.13641562315563
16
 energy: -18.350649270382 gnorm: 0.040112974125 xtb: 6.7.1 (edcfbbe)
C           -0.93363904471234        0.46966049911881        0.17272969379721
C            0.01803995091568        0.54300639596876       -0.75085461070923
C            1.44946410542352        0.32561953376915       -0.60287844857236
C            2.39770201576818        0.86466689618626        0.17279828087954
C            1.41814588788547        1.41010718720030        2.28805083181668
C            0.09660196468385        1.16697518717782        2.26777375668727
H           -0.62862341121032        0.35128903050585        1.15132734248071
H           -1.86090884324546        0.98622475196783        0.10845492759593
H           -0.33162987421755        0.57485971747504       -1.76481269754003
H            1.84167086329046       -0.36609860624856       -1.34396594237671
H            3.34408647429058        0.35117221354820        0.25772520927694
H            2.40887871026899        1.86111129807451        0.51057680904941
H            2.10594025458335        0.69437529056100        2.71100081029581
H            1.78116391308754        2.39461848671215        2.11629221282288
H           -0.91001989497461        1.43479537839431        2.02085509859934
H           -0.37502310142434        0.77155718453198        3.12173303788349
16
 energy: -18.352389439987 gnorm: 0.017415408555 xtb: 6.7.1 (edcfbbe)
C           -0.92598404722430        0.46743542305541        0.16851649447438
C            0.02069451099685        0.54903255321520       -0.75675196068575
C            1.45292055925330        0.33195685472418       -0.61005905913227
C            2.39610885353947        0.86966800762574        0.16995853749442
C            1.40932400246358        1.40304717201812        2.29956240496727
C            0.09126693125744        1.17616665672714        2.28031296976242
H           -0.62189602665614        0.33965889489011        1.14648750091176
H           -1.87126673738040        0.96147216987941        0.10922462846046
H           -0.32825296321746        0.58787455758802       -1.77265210459899
H            1.84431473075761       -0.36978672498132       -1.34173636554300
H            3.34635279377640        0.36205763369913        0.25393216698099
H            2.39344359696933        1.86410559890914        0.53254543710103
H            2.08661949635740        0.67622563461994        2.72200745340208
H            1.80963348341162        2.37698880459504        2.07183403389112
H           -0.90720222914116        1.43900868138434        2.03238728685033
H           -0.37422698475045        0.79902852699367        3.13123688765074
16
 energy: -18.350751539428 gnorm: 0.033093528705 xtb: 6.7.1 (edcfbbe)
C           -0.91842435976549        0.46960933597928        0.16350290687253
C            0.02153469242613        0.54551740015754       -0.76669468777203
C            1.45481754452209        0.32510848679717       -0.62440490255794
C            2.39986825868051        0.87468683137895        0.14244489126929
C            1.40227250711340        1.40415643560354        2.31661322925796
C            0.08872697775685        1.18647498435969        2.29783039528273
H           -0.61530244301236        0.33009644125031        1.13878413294855
H           -1.87236082334277        0.95101194914375        0.10483483178381
H           -0.32894458918538        0.58055803359523       -1.78399171464541
H            1.84190357174545       -0.38165916962313       -1.35073070939888
H            3.34645486344127        0.36197273173595        0.24284255542295
H            2.40020849519430        1.87313228123180        0.49000269523232
H            2.06856646872421        0.66400469257671        2.73637461249599
H            1.80364756231109        2.37863699076058        2.14471790418316
H           -0.90030750842549        1.43917014425988        2.04464184178871
H           -0.37081124777080        0.83146287573616        3.14003832982315
16
 energy: -18.352804186171 gnorm: 0.008414741880 xtb: 6.7.1 (edcfbbe)
C           -0.92503952671708        0.47267078199863        0.16781874302017
C            0.02005284639849        0.54503449978676       -0.75880315740803
C            1.45250614514711        0.32756336442831       -0.61250789730031
C            2.39681514749868        0.87228201175993        0.16084177083335
C            1.40843429065282        1.40343347336842        2.30511012283929
C            0.09159358080487        1.17771005878361        2.28943292238512
H           -0.62427948866630        0.33591069531806        1.14274921198547
H           -1.86739075287417        0.96836690666237        0.10478288870909
H           -0.32901003581155        0.57792237441747       -1.77532736213024
H            1.84372970979659       -0.36964049116166       -1.34591929657494
H            3.34464710799509        0.36110869153459        0.25446779552159
H            2.39617998207215        1.86892231650571        0.51383202723241
H            2.08519613029153        0.67597248612310        2.72740617036523
H            1.80675124947828        2.37869282626297        2.09483936809775
H           -0.90321660969579        1.43589646210076        2.03512672124925
H           -0.37511980595766        0.80209398705428        3.13295628316173
16
 energy: -18.084812671451 gnorm: 1.009576576079 xtb: 6.7.1 (edcfbbe)
C           -0.91066513719537        0.49404633174744        0.39967084974850
C            0.02398087523795        0.50958643757678       -0.64779520801346
C            1.41548014365051        0.42023016040610       -0.58080110204130
C            2.35341101176223        0.87595140541156        0.34099849067727
C            1.49943740887714        1.29171566321196        2.11528915143277
C            0.14901446700370        1.08944813395476        1.93891018198175
H           -0.72484820605333        0.29259304861226        1.09380402371611
H           -1.75956512934218        1.10305942884196        0.19409547585100
H           -0.32851771567693        0.69530076680971       -1.73291031040379
H            1.87917151094455       -0.19287007096112       -1.40907177002431
H            3.29522737885360        0.27853405020877        0.35467265106039
H            2.52623847246799        1.88959310739972        0.50604702574262
H            2.10657630064711        0.66856484460055        2.71477113632581
H            1.81687629971641        2.33946009974753        2.10812996799273
H           -0.97101485690309        0.98670282568706        2.30713556395987
H           -0.38188057963884        1.27518659395679        2.82668437117257
16
 energy: -18.269698760882 gnorm: 0.160158555555 xtb: 6.7.1 (edcfbbe)
C           -0.92179479183222        0.54012441151865        0.30735915693723
C            0.04347941412530        0.52373842634975       -0.69616469924763
C            1.40470757687572        0.40900827923362       -0.59212169499670
C            2.33714340126113        0.87122980193279        0.39146961341403
C            1.52824353812707        1.27642736948516        2.06310226801623
C            0.12553082887861        1.09734915515972        1.91757876380499
H           -0.69199662723747        0.19104950760109        1.23990683678508
H           -1.78055270479112        1.13399055007513        0.17293306564414
H           -0.32802814552151        0.67541407946764       -1.73158453593382
H            1.87800204646991       -0.17161267605893       -1.41363349727473
H            3.27891938998878        0.28297373080927        0.37552692526014
H            2.54313658771872        1.90881319201575        0.47416271092728
H            2.11288060484326        0.66149526075440        2.72436299875414
H            1.82374783482384        2.33961431130537        2.12112801990832
H           -0.99175907035266        0.97859385565479        2.30327525710032
H           -0.37273763902593        1.29889357190763        2.87232931007954
16
 energy: -18.305245562487 gnorm: 0.083895696796 xtb: 6.7.1 (edcfbbe)
C           -0.90056995921664        0.55435731649137        0.30039555270147
C            0.06086885369699        0.53452302222519       -0.71193107655968
C            1.40240423434023        0.40630010615567       -0.58559883817119
C            2.29291194814085        0.88739510321996        0.47166129212271
C            1.55167197909517        1.22249212120123        1.96150828387435
C            0.09248630811356        1.11633766690095        1.88232632369106
H           -0.67450628734457        0.13300892878520        1.22344094343699
H           -1.78321173796763        1.15025401759713        0.21191277823919
H           -0.33369192477163        0.62527615615542       -1.72849689352743
H            1.89920577731709       -0.11288217177522       -1.42109437903180
H            3.22361379143144        0.29061325470169        0.45869554802738
H            2.58041088461770        1.94699416347043        0.37517100102816
H            2.08927005721372        0.63543879434993        2.72118337500647
H            1.82762147207663        2.29762372480124        2.13799729883353
H           -1.00056595069282        0.98434430462898        2.32372132488699
H           -0.33899720169865        1.34502631830266        2.90873796462034
16
 energy: -18.311946792948 gnorm: 0.116047134408 xtb: 6.7.1 (edcfbbe)
C           -0.87332839822923        0.60236712883939        0.31012541606941
C            0.07661513523265        0.54643417041822       -0.72097263979679
C            1.40312316268389        0.40040484817325       -0.59673842533671
C            2.26003341736797        0.85674643752358        0.54794785141623
C            1.56998410253826        1.22084082182536        1.91473510994782
C            0.06605857093376        1.16627870177212        1.84915256886724
H           -0.66743834200509        0.09579832456307        1.21695493155027
H           -1.79915523138766        1.14604038519751        0.22257708516051
H           -0.33472468858645        0.65138807489780       -1.71575983900980
H            1.89956339226066       -0.11820370500339       -1.41414093448155
H            3.22751052515394        0.30910253180853        0.41918195433053
H            2.55508892258016        1.90301992435083        0.43041155781376
H            2.08092695815181        0.65455585960720        2.73320744509280
H            1.84076234307298        2.29687268535828        2.09848500808523
H           -0.98350188293861        0.87812453893273        2.32467852097281
H           -0.33259574247760        1.40733209894732        2.90978488849678
16
 energy: -18.330045470818 gnorm: 0.134280352418 xtb: 6.7.1 (edcfbbe)
C           -0.84710975940498        0.66901177643935        0.33396689532551
C            0.08814729981404        0.55233087105008       -0.72361343669767
C            1.40920632688101        0.39567688558330       -0.62516116304623
C            2.27128570150904        0.87972437497254        0.52789681856456
C            1.57393901774195        1.20708084099930        1.93695304713651
C            0.03826025505152        1.20878018681917        1.84953033737882
H           -0.68246281719668        0.06974588032432        1.21188648704076
H           -1.80625105559189        1.15117077059504        0.21471163999318
H           -0.34083289830539        0.64276356855947       -1.71357129948826
H            1.89514827571424       -0.14155071159227       -1.41880395074349
H            3.22752537942721        0.30482446949875        0.42338752953247
H            2.57241065248753        1.90712047363306        0.37668833054203
H            2.07066594322621        0.63500876423364        2.75655248186787
H            1.82874744357375        2.28434421970313        2.13808162301617
H           -0.95837668246863        0.72490991705293        2.34670093273642
H           -0.35138083810748        1.52616053934000        2.89442422601990
16
 energy: -18.346306212514 gnorm: 0.164638987719 xtb: 6.7.1 (edcfbbe)
C           -0.83403257106556        0.72441381650863        0.37037263980184
C            0.08565930774089        0.55443155053503       -0.71259380476226
C            1.41113666558700        0.39871796934589       -0.62416189827422
C            2.30798591239881        0.91811107386579        0.47963525888397
C            1.55706376022832        1.17820150438507        1.99326263136553
C            0.01366148369428        1.16740163283485        1.90155953171983
H           -0.74820969354752       -0.00742969895208        1.18268292824148
H           -1.79139854151638        1.16126771812446        0.19633658366072
H           -0.34314796651407        0.61988868475221       -1.72089617784035
H            1.90601737048873       -0.10441424483022       -1.43592218415667
H            3.22953427673894        0.28303116713066        0.47303912500256
H            2.56923886580662        1.91818641418885        0.36947146289152
H            2.10088799998030        0.60682948314047        2.71946687868355
H            1.79175158075023        2.25146713510948        2.10278975576277
H           -0.91841229531078        0.65604993514986        2.37669152871636
H           -0.34881391110837        1.69094868592287        2.85789623948192
16
 energy: -18.356860162717 gnorm: 0.126454397776 xtb: 6.7.1 (edcfbbe)
C           -0.82961657226534        0.72882324231948        0.38126674382823
C            0.07315704362502        0.55782438777691       -0.71372451512069
C            1.40019564180533        0.39739868803309       -0.60713912803607
C            2.30903269099358        0.89350955921675        0.46947688075309
C            1.54335182884333        1.21282644877009        1.99953444787114
C            0.01614400728641        1.15087744090374        1.92419340306402
H           -0.77347180488289       -0.03370027350922        1.14097885853541
H           -1.77372927819550        1.16236376640409        0.18846389142013
H           -0.34386820466598        0.62344580020769       -1.73113226658570
H            1.89918784653198       -0.11335309513036       -1.42611301294972
H            3.22596888177094        0.26295465671161        0.44398389593380
H            2.59154672704854        1.90961841317236        0.33205381014527
H            2.07694366549910        0.63341293430199        2.71325525228518
H            1.75533123761206        2.29374155469721        2.20623729442598
H           -0.87287078283567        0.67342308873156        2.37605927247617
H           -0.30838068381947        1.66393621460486        2.83223567113230
16
 energy: -18.368570879081 gnorm: 0.089657862900 xtb: 6.7.1 (edcfbbe)
C           -0.81545693950420        0.73895212278691        0.40651248039074
C            0.06874998599567        0.56438699948572       -0.70961846626394
C            1.39223329870787        0.42522035781633       -0.58576892382956
C            2.27561740530385        0.87459002688129        0.51331427935020
C            1.53735146562633        1.20662863336415        1.95947597769819
C            0.00052728260017        1.17654038783556        1.93259801859753
H           -0.79789165634864       -0.04348208569774        1.08706353397948
H           -1.77078571657601        1.15273110325071        0.18850431294163
H           -0.34262763045999        0.63266627596984       -1.71978027558238
H            1.89604547857614       -0.11800413029894       -1.39987725654571
H            3.21383205891267        0.29552439668609        0.43276658665874
H            2.58027537206309        1.92451111346906        0.35466268937024
H            2.01331684636739        0.63186246681064        2.76085370504715
H            1.83519485641209        2.26036561388729        2.13775072155158
H           -0.80992517395131        0.57717333202598        2.40285302245437
H           -0.28753468937370        1.71743621293893        2.76832009336027
16
 energy: -18.372937979636 gnorm: 0.085332916225 xtb: 6.7.1 (edcfbbe)
C           -0.79827803797643        0.74714237987288        0.43310908471125
C            0.08385004684033        0.55938325625159       -0.70121351261592
C            1.40685742687497        0.42674863444390       -0.60806957280385
C            2.27143124622691        0.87528252710652        0.51038688385839
C            1.54279267428499        1.18084062367581        1.93892205312594
C           -0.00128936403047        1.11899123449418        1.94608667606703
H           -0.80677309381772       -0.06096705308731        1.07070964059123
H           -1.77301707247480        1.15274128601375        0.21606774024779
H           -0.34302486048413        0.63466366127359       -1.69649725291124
H            1.90042798408964       -0.11993164865208       -1.42400688506408
H            3.22177357372733        0.31298927200817        0.45740176647711
H            2.54904347259633        1.92364026329866        0.39958107327104
H            2.05649728914581        0.62641237103845        2.74055311528056
H            1.80570375537049        2.24874252371957        2.10860319376235
H           -0.82111497757270        0.65880997890022        2.38048494596242
H           -0.30595781844910        1.73161351685392        2.75751154921853
16
 energy: -18.372525699320 gnorm: 0.069899480981 xtb: 6.7.1 (edcfbbe)
C           -0.78469612173095        0.77363800504864        0.44606582590095
C            0.09670659167732        0.56905042573453       -0.69903424752784
C            1.41695977540142        0.40714969991558       -0.61548887632398
C            2.28121823464490        0.85703255380018        0.51563024703291
C            1.53629240697273        1.21354671065596        1.92340074767703
C           -0.01974665817978        1.13957275534939        1.93901693873474
H           -0.81479565967532       -0.07200480910238        1.05142277464717
H           -1.75852913417394        1.18917591500889        0.23426593808180
H           -0.34186975035149        0.62224595898293       -1.69393131002876
H            1.90511933736599       -0.10412778428788       -1.44574021390437
H            3.22323053562391        0.26852152629935        0.47634328847278
H            2.56397079335670        1.88870606099456        0.41781899889802
H            2.09662866533351        0.64155249775269        2.65723740055828
H            1.75356058057848        2.29599734819948        2.13133250424762
H           -0.83673829889897        0.58037655560528        2.42262083908688
H           -0.32838905359305        1.74666940725462        2.76866964362532
16
 energy: -18.197518798276 gnorm: 0.923841574167 xtb: 6.7.1 (edcfbbe)
C           -0.88395056139014        0.51647402522792        0.49207628338868
C            0.04022086331427        0.46984512084211       -0.61422331884971
C            1.39532937798234        0.46679641043858       -0.57953316159927
C            2.32906960175226        0.86703204730218        0.41190394655317
C            1.52411882468617        1.26862089810289        2.00759896772575
C            0.18066855466824        1.08098957194327        1.82091725512004
H           -0.76300360381465        0.09431374930096        1.11321266809831
H           -1.71307979922205        1.17845834475760        0.23119474121320
H           -0.32313298504973        0.78488029816333       -1.61529035396699
H            1.89741770202116       -0.09506443501841       -1.45796160348801
H            3.25867959005448        0.27775243192608        0.43969560547105
H            2.53876723929542        1.91295934061748        0.42416552263582
H            2.07949117089706        0.62301772987817        2.71491390638587
H            1.84294607843935        2.28962721558327        2.06696006726864
H           -0.97366758360675        0.89206615799975        2.41502915676242
H           -0.33686165809089        1.41938342441251        2.73732632484038
16
 energy: -18.370583909161 gnorm: 0.177181951258 xtb: 6.7.1 (edcfbbe)
C           -0.86743194466077        0.60973490757589        0.43186152079907
C            0.05343560402453        0.49281832116639       -0.65100005860890
C            1.39786802587086        0.44730894446283       -0.58844887025503
C            2.31462663389587        0.87067448298145        0.45400427192889
C            1.54897090841135        1.23969301278331        1.96992542872718
C            0.13688185332630        1.09501897666541        1.80782131781468
H           -0.75961452609425       -0.04019202887272        1.21926209532026
H           -1.72473090309484        1.20622144676230        0.21860882158571
H           -0.32880853702434        0.76009287131285       -1.63055501535407
H            1.89499318831931       -0.06679861127328       -1.45862967061365
H            3.24368938194605        0.28067155104148        0.46015042267442
H            2.55731781106823        1.91983792284593        0.38960606856682
H            2.07913716001413        0.62129662592552        2.71944299715482
H            1.85140236031322        2.28689675728246        2.08002739499361
H           -0.96801785932156        0.84140559129749        2.43675921823796
H           -0.33670634505756        1.48247155952039        2.74915006458756
16
 energy: -18.427395708638 gnorm: 0.142608480739 xtb: 6.7.1 (edcfbbe)
C           -0.83197399650735        0.66015391577592        0.43870767909120
C            0.06758803208875        0.51928985748276       -0.66487170472373
C            1.40444348578251        0.43659510013813       -0.59007003887948
C            2.29069505977429        0.88113243057921        0.50095738156647
C            1.55813735775058        1.19639541665772        1.92242132275130
C            0.08976450775230        1.13601663977091        1.80609600389796
H           -0.77825494614201       -0.09088709476381        1.17523554968699
H           -1.72787418043155        1.21643745713808        0.24956334108306
H           -0.34259592030167        0.71203332169627       -1.64955019936457
H            1.90561135425234       -0.01899426648799       -1.46152007703809
H            3.21028805296291        0.27882864267911        0.51157042123146
H            2.58913150684030        1.92382773474871        0.32637684742446
H            2.05125067173220        0.59980450313148        2.71478682417807
H            1.85582560319889        2.25187409324584        2.09960345490235
H           -0.89450087538399        0.68751490668295        2.51796310355828
H           -0.35452290143196        1.65712967300239        2.71071609819361
16
 energy: -18.451982865957 gnorm: 0.143362255411 xtb: 6.7.1 (edcfbbe)
C           -0.77509578293540        0.72464992488829        0.47435018284283
C            0.08909007559073        0.54536387058309       -0.66898770013944
C            1.41095309538489        0.42796667028179       -0.60643713346638
C            2.26914243313914        0.87039327209348        0.54601751666190
C            1.57158461753655        1.16020145061103        1.89724354650238
C            0.03570483392404        1.14340653122820        1.85315931334167
H           -0.82730524795534       -0.18162769105912        1.11657028922635
H           -1.72734305649033        1.20295034055475        0.27152365699870
H           -0.35307970161259        0.72202749010954       -1.63237970727716
H            1.90237676609482       -0.02066459124706       -1.45203197141994
H            3.21169742978031        0.29288789410528        0.48751727663760
H            2.57041232461337        1.90466387323848        0.34918447245253
H            2.05774968379877        0.60352366445091        2.71275639614987
H            1.82640542366865        2.23600764479614        2.09662182577786
H           -0.83180062455103        0.60072550765353        2.49629189585439
H           -0.33747945805005        1.81467647918936        2.66658614741615
16
 energy: -18.459794996134 gnorm: 0.107204659674 xtb: 6.7.1 (edcfbbe)
C           -0.76226311568558        0.73833036054499        0.49838870329237
C            0.09121313107895        0.55008997108249       -0.66532555954866
C            1.41109252917751        0.43016418835981       -0.61680719559203
C            2.27558721183937        0.89630742414627        0.52142256099718
C            1.55821848111283        1.16636452150027        1.91669313107047
C            0.00660440008263        1.13541569641982        1.89335369495791
H           -0.85667313194059       -0.19928002422819        1.08765481898495
H           -1.70999948895652        1.21375291933813        0.28059702194971
H           -0.36727152675537        0.67140529464038       -1.64051238187401
H            1.91516093076900       -0.00125347168163       -1.47062894088982
H            3.19122404438386        0.27625630398282        0.53173935143869
H            2.60024370793209        1.92010656419312        0.28189372780990
H            2.03517395823534        0.59061743124911        2.71219316067759
H            1.80717369519600        2.23842572916164        2.13038821931329
H           -0.80941614639244        0.63126695559343        2.45999303872200
H           -0.29305586814055        1.78918246717522        2.68694265624982
16
 energy: -18.465404591089 gnorm: 0.070580358596 xtb: 6.7.1 (edcfbbe)
C           -0.78594682949219        0.71451583746025        0.50529522735013
C            0.08162598171101        0.54880469625656       -0.65316119613303
C            1.40517850479445        0.44338665554729       -0.60339377711951
C            2.28986244012225        0.88517338156710        0.50841509557229
C            1.54029974136863        1.19319475793152        1.93166884185409
C           -0.00035239348743        1.13113348956833        1.89161202381397
H           -0.87351648858219       -0.17201770117944        1.07760938895053
H           -1.70747584753787        1.21559135595441        0.26687230579087
H           -0.36025358619296        0.69434675281953       -1.62769274186439
H            1.91912352717927       -0.00128954788830       -1.46532404709770
H            3.20551103322769        0.26752640967688        0.52869106249064
H            2.58190244462434        1.90775298580037        0.34840934884195
H            2.02394250440604        0.59931547230339        2.70816849740128
H            1.83912033659221        2.24198128081117        2.05565493410906
H           -0.77238983000032        0.58505899789877        2.48259266564673
H           -0.29361872679639        1.79267750694983        2.65256837795242
16
 energy: -18.466771003876 gnorm: 0.053389470543 xtb: 6.7.1 (edcfbbe)
C           -0.78640976422716        0.70314278079008        0.50939810711483
C            0.08001514794674        0.54466038486062       -0.65169686047733
C            1.40295999296157        0.43982608173089       -0.59673259520469
C            2.28761764630005        0.87627462038830        0.50793822871603
C            1.55229512258977        1.19005763013698        1.93147835132065
C            0.01724637349528        1.08983760702840        1.88909961900645
H           -0.87345949262088       -0.16888141390466        1.05910998620967
H           -1.71379081223232        1.20102333092984        0.26165547276305
H           -0.34917870371935        0.72855434203182       -1.61859252739233
H            1.90533441466161       -0.03821047979973       -1.44745836824682
H            3.22023832902589        0.28895868023948        0.48068161776182
H            2.57331747452816        1.90320377543502        0.33936520771124
H            2.05109077816847        0.60307307949786        2.70815613623739
H            1.80350074555987        2.24755574428310        2.13158040229828
H           -0.77958132884376        0.61874703697651        2.48240186132086
H           -0.29818311165740        1.81932913085317        2.62160136842023
16
 energy: -18.469737486907 gnorm: 0.034541549377 xtb: 6.7.1 (edcfbbe)
C           -0.76658220711018        0.72847535820941        0.51970623480863
C            0.08580961165745        0.54673416598270       -0.65455121752388
C            1.40671102016931        0.43513673897050       -0.59849741466689
C            2.27369400256587        0.87799513870602        0.52533654657886
C            1.55957323737928        1.18600962521730        1.91631365355588
C            0.01077697406370        1.11461098134999        1.89269703089415
H           -0.86966267078841       -0.16499193567152        1.04542763002452
H           -1.70918900032805        1.21041301165535        0.26907275509324
H           -0.35236399518712        0.70820222627857       -1.62684300096426
H            1.90282049808849       -0.03626070966338       -1.44944828527552
H            3.20624610119161        0.28966081815202        0.49904637501670
H            2.57187999584772        1.90881118059437        0.33226205382765
H            2.05298522736945        0.61097330257029        2.71038364244571
H            1.81686597942407        2.24398702300863        2.10335031423798
H           -0.79660071969019        0.60747798914822        2.47547906182848
H           -0.29995124271647        1.77991741696920        2.64825062767806
16
 energy: -18.469816760707 gnorm: 0.028404512220 xtb: 6.7.1 (edcfbbe)
C           -0.76368131357055        0.71683246017221        0.53205057686740
C            0.08808333706204        0.54312869657304       -0.64743633461479
C            1.41137682411119        0.44122564880674       -0.60340266976313
C            2.28168640209822        0.88573653323812        0.51924091336109
C            1.55702731542450        1.17058944251555        1.91748436354957
C            0.00532855931259        1.11104188039276        1.89744570175631
H           -0.87956484291321       -0.18407972039296        1.03516724389441
H           -1.69823269068638        1.20916629326467        0.28251469675073
H           -0.36465246196075        0.69361649992053       -1.61909446987209
H            1.91228053593986        0.00288973007484       -1.47293698767323
H            3.20577831608875        0.27944006909767        0.51608240828631
H            2.58414067138469        1.91639827020261        0.33333670363710
H            2.03711731161609        0.59865658491894        2.72357139090106
H            1.82415718374259        2.22850570250014        2.07168526965502
H           -0.79951952527554        0.61544117353603        2.48432032888758
H           -0.30831281043755        1.81856306665680        2.63795687193599
16
 energy: -18.470298065440 gnorm: 0.023210815967 xtb: 6.7.1 (edcfbbe)
C           -0.76627410538801        0.72154806308134        0.53347664383978
C            0.08641802743020        0.54823557914092       -0.64733074870237
C            1.41059713660044        0.44041671565496       -0.60525951447402
C            2.28587358781142        0.88310552362732        0.51202844597777
C            1.55351022391140        1.19347582460436        1.91888723947418
C            0.00586940666179        1.12456169383741        1.89284791972637
H           -0.88798080469858       -0.17614520917613        1.02140640248153
H           -1.69849999331209        1.21511688171913        0.27673409670737
H           -0.36414663737749        0.69773292596139       -1.61963534206369
H            1.91101642315017       -0.02243913015199       -1.45978005288566
H            3.20599496094106        0.26866734244049        0.51628174345949
H            2.59284106570437        1.91085245523013        0.32540838839957
H            2.03644268375482        0.60046560548252        2.70056570380768
H            1.81195631771140        2.25294080186594        2.10480352632048
H           -0.78399944509665        0.58141143783535        2.49688145238047
H           -0.30660603586774        1.80720582032453        2.64067010311040
16
 energy: -18.353746533360 gnorm: 0.648279808932 xtb: 6.7.1 (edcfbbe)
C           -0.83363624321292        0.51649460807270        0.57895577534020
C            0.06202049003367        0.41536318717492       -0.60002695044887
C            1.37745477905425        0.50588248355569       -0.59384105720137
C            2.30315891077866        0.86164947704677        0.48210565940384
C            1.55221484893689        1.24663662389545        1.89826940804056
C            0.20486920094582        1.07580268990605        1.74178032665105
H           -0.80653974893088       -0.09814964947130        1.12201557781754
H           -1.66528145664715        1.24883682928794        0.28128161317767
H           -0.38813372049677        0.62906075391664       -1.61748810143939
H            1.91242722737112        0.01025016261323       -1.49246169072875
H            3.21390193868493        0.25697818861505        0.52817779674035
H            2.61712727547245        1.94093565646145        0.33322856571547
H            2.07922633538239        0.61394791104680        2.81278431700755
H            1.86757777143328        2.28980440933653        2.09696860369920
H           -0.87369900060504        0.78443824785151        2.48821736841291
H           -0.33259627519840        1.56880761621294        2.65754536600473
16
 energy: -18.489083334586 gnorm: 0.179284564934 xtb: 6.7.1 (edcfbbe)
C           -0.80375984621516        0.60913231975347        0.54151703889075
C            0.06545414264194        0.44619552088631       -0.63054162630732
C            1.39390926472605        0.47809880954809       -0.59836525553698
C            2.29499412709015        0.88268418873962        0.50437511992746
C            1.56892083898825        1.22026738804790        1.90275709910603
C            0.14591606050279        1.10270608874614        1.76285870925107
H           -0.84108111343282       -0.22280683646798        1.15074091506559
H           -1.65692777666223        1.26200337264129        0.28346479532487
H           -0.39150852159255        0.59477505228558       -1.62108571672304
H            1.91243189971017        0.04668523143522       -1.49232680681390
H            3.19513420003046        0.26015704984299        0.54857712183298
H            2.63369342230732        1.92524986783679        0.29921769548318
H            2.07038386408380        0.61788870565153        2.78859628768561
H            1.87498421903353        2.27195970027169        2.10582779283474
H           -0.83278019362169        0.70392428348839        2.53474689551625
H           -0.33967225458769        1.66781845281533        2.63715251265540
16
 energy: -18.537502733130 gnorm: 0.117553707111 xtb: 6.7.1 (edcfbbe)
C           -0.76939886549016        0.65760817871954        0.54527307258886
C            0.07364772482142        0.47688997845031       -0.63893624341438
C            1.40433359819983        0.46797032593810       -0.60187392619588
C            2.28480431091886        0.89116633806675        0.52577273237623
C            1.57343447762848        1.19341108825790        1.90553480517582
C            0.09033643663278        1.12299729784107        1.81711982199369
H           -0.88268073428104       -0.26553585843646        1.08272760273178
H           -1.65117545641050        1.24703357856569        0.31331058262997
H           -0.39783313863872        0.56884816753713       -1.61307957519179
H            1.91546996304799        0.06956447246317       -1.48304718868548
H            3.17981771429550        0.25702075469851        0.56483905146170
H            2.63907578125179        1.90901425307977        0.28447590796809
H            2.04079937322986        0.61179731071258        2.75188210137939
H            1.86246211288004        2.24841165338788        2.11367523391928
H           -0.72388024229459        0.56951390172558        2.58720323940435
H           -0.34912072278924        1.84102775451481        2.56263536005105
16
 energy: -18.544224871864 gnorm: 0.089943272039 xtb: 6.7.1 (edcfbbe)
C           -0.73474169145417        0.68848216180109        0.57044373153127
C            0.08416133341983        0.49280430401136       -0.63410610480252
C            1.41106726483569        0.45974388596283       -0.60744283994254
C            2.27862174333820        0.90054865628607        0.53641576914713
C            1.58185329486645        1.16739861783905        1.90976223427459
C            0.04133251048128        1.10510810053137        1.88893154724595
H           -0.91956557682536       -0.30540586654247        1.04238646992795
H           -1.64667924797035        1.22892746478461        0.34006002374476
H           -0.40717506801050        0.54971918567568       -1.59346875915060
H            1.91849117876862        0.08372557798794       -1.48339999494128
H            3.17674182153899        0.26545840925216        0.56455441830197
H            2.63392789211657        1.90503776717517        0.27642558699468
H            2.03464485558912        0.62129266141939        2.74000541106433
H            1.83303694769877        2.23373269064444        2.11131378266196
H           -0.71003796522190        0.59412275574796        2.49323649342664
H           -0.28558696016891        1.87604282294571        2.56239480870841
16
 energy: -18.548890520745 gnorm: 0.050670653866 xtb: 6.7.1 (edcfbbe)
C           -0.74767326222113        0.68432011677939        0.56840240664194
C            0.08378041096380        0.49117709096722       -0.63312693282728
C            1.40757237544245        0.46551657071230       -0.60806542266791
C            2.28077872504567        0.89379101018926        0.53082223992547
C            1.57257380098384        1.19723418569667        1.89804014352218
C            0.03936818481803        1.11951080075571        1.86767258267907
H           -0.91419619953948       -0.26832106834210        1.05241688496206
H           -1.65456259396192        1.24420938565463        0.32204708968732
H           -0.40264719815261        0.55637337675529       -1.60154847498015
H            1.92261472533308        0.06462791217896       -1.48168449005083
H            3.17335904403025        0.25053351333519        0.57321455283015
H            2.64347855880481        1.90349450077311        0.28325630490241
H            2.03067242882467        0.61641356898354        2.74065096349903
H            1.83742642360904        2.25606622058746        2.10875853743126
H           -0.67439952810009        0.54227383166948        2.54564569762833
H           -0.30805356287808        1.84951817882623        2.55101049500965
16
 energy: -18.546898516169 gnorm: 0.058679401569 xtb: 6.7.1 (edcfbbe)
C           -0.75809157463611        0.64479306091914        0.57184259149915
C            0.08248435605361        0.47622441027111       -0.62833210178020
C            1.40345803953719        0.47255987330568       -0.60521352520924
C            2.28521946683469        0.89172981863384        0.52458433878493
C            1.57473939674262        1.17556650824525        1.90502821828516
C            0.05061278882366        1.07831379231495        1.85893050531531
H           -0.91005087781208       -0.27345625693987        1.05590498407727
H           -1.64737404565174        1.23874189877128        0.32440472070170
H           -0.40293955073648        0.57057093587682       -1.59850642507316
H            1.92410879929747        0.08793466098589       -1.49619082339098
H            3.18789941617123        0.26572886627015        0.55702071356788
H            2.62963498419944        1.91439390474381        0.29304341256144
H            2.04469664287530        0.60106510386143        2.76985486221435
H            1.84944768098942        2.22965377700708        2.11001501593326
H           -0.68586806873970        0.59436480585569        2.57557458200642
H           -0.33788512094620        1.89855403540013        2.49955150869940
16
 energy: -18.550636120765 gnorm: 0.019938444018 xtb: 6.7.1 (edcfbbe)
C           -0.74935561664418        0.66338636238429        0.57410975083778
C            0.08238007125241        0.48655506481594       -0.63034750793884
C            1.40490025046277        0.46789223419603       -0.60468859866877
C            2.28161896377790        0.89596843740955        0.52880694799093
C            1.57587013127356        1.19094093849583        1.90378062220322
C            0.04201911509780        1.10003618175463        1.86856830290217
H           -0.91439385150025       -0.27027652007513        1.04293019212584
H           -1.64510091419237        1.24260913538463        0.32681838666879
H           -0.40351649488801        0.56122165846180       -1.60090728218828
H            1.91948161193321        0.06867679898721       -1.48250114539892
H            3.17748837657117        0.26004087287218        0.56765451072374
H            2.63962413777509        1.90888817237075        0.27550865325347
H            2.04080575286970        0.61471845043864        2.74825866524771
H            1.84650146156823        2.24408377141807        2.11770382587150
H           -0.68835559777778        0.57404701131087        2.54272313334428
H           -0.31987506457692        1.85795062529708        2.53909412121807
16
 energy: -18.550556513095 gnorm: 0.019198097516 xtb: 6.7.1 (edcfbbe)
C           -0.74678402362154        0.67212208266126        0.57941100937353
C            0.08287713486157        0.48689350548910       -0.62831775585948
C            1.40634547324583        0.46413797997755       -0.60470703292375
C            2.28258198774246        0.88788349567276        0.53189699764535
C            1.57915011850767        1.18961673353155        1.90207919408130
C            0.04066067846787        1.10234675859063        1.87259858862563
H           -0.92228987798821       -0.26510750418441        1.03664181590828
H           -1.65102984256163        1.23858459033469        0.32052964103066
H           -0.40396435134388        0.56200348509380       -1.59624900888716
H            1.92013203889611        0.07758367112979       -1.48859307977371
H            3.18099775481312        0.25416216073498        0.56497207543699
H            2.63318630246761        1.90429120974640        0.30026960283635
H            2.03273569918666        0.62279830346047        2.75315303476441
H            1.84131074594378        2.25029263415138        2.09003840122363
H           -0.67665846475570        0.56058607562236        2.54174757396929
H           -0.30915904085940        1.85854401351007        2.54204152074136
16
 energy: -18.550976977388 gnorm: 0.008236866990 xtb: 6.7.1 (edcfbbe)
C           -0.74612504675275        0.66975474783129        0.58156237177997
C            0.08354735508213        0.48627308024881       -0.62782251847267
C            1.40675372138126        0.46568377690865       -0.60566970547578
C            2.28330522185902        0.89538416087991        0.52821136111694
C            1.57907942882191        1.19039723416775        1.90301953398773
C            0.04098876363297        1.10049731649995        1.87233435840481
H           -0.92311200674728       -0.26311342389885        1.03244934365764
H           -1.64747078776679        1.24252194693777        0.32518662080463
H           -0.40382913127589        0.55868822994484       -1.59675249266449
H            1.92119724938392        0.06589624887012       -1.48244381267255
H            3.17970008791956        0.25913126800306        0.56439686780170
H            2.63820475575855        1.90923056022788        0.28184687464723
H            2.03484112886034        0.61337934478828        2.74668504642833
H            1.83506600561954        2.24844801217580        2.11274124074084
H           -0.67972955407319        0.56275489319798        2.54257668664983
H           -0.31232485870098        1.86181179873910        2.53919080145852
16
 energy: -18.550960655517 gnorm: 0.006964945136 xtb: 6.7.1 (edcfbbe)
C           -0.74554549111636        0.66183141494994        0.58165536421655
C            0.08291017437819        0.48678425107865       -0.62921126102322
C            1.40554173350083        0.46835177615762       -0.60547862837224
C            2.28114245489348        0.89390475455819        0.52995948489226
C            1.57765259132272        1.19110813535284        1.90382484773328
C            0.04039296901082        1.10067096620619        1.87068811683087
H           -0.92068667470956       -0.26809090772330        1.02727459117288
H           -1.64318777086837        1.24139373921695        0.33152934252461
H           -0.40447578551432        0.56086280935120       -1.59871900536865
H            1.92014252618526        0.07289174582262       -1.48495566088253
H            3.17529624386364        0.25539694942396        0.57120461130267
H            2.63988681341887        1.90657258303555        0.27905465624441
H            2.04248487829742        0.62236177131027        2.74929211984807
H            1.84666183642940        2.24540936646253        2.10837220640781
H           -0.69029869573311        0.56932060435545        2.54219110540860
H           -0.31782547035659        1.85796923596370        2.54083068725731
16
 energy: -18.483510294911 gnorm: 0.418251568457 xtb: 6.7.1 (edcfbbe)
C           -0.77474142182445        0.52035169078037        0.69000370908527
C            0.08963424832011        0.35867236045082       -0.58302331895190
C            1.39158476313941        0.48482776351495       -0.54705254183115
C            2.26733324174653        0.86291833260583        0.56366349195745
C            1.57893932031895        1.23922769182045        1.85674470561127
C            0.18084637892246        1.08296719099231        1.73465379701533
H           -0.88293572865168       -0.27520366288821        1.10354149739275
H           -1.60969854870392        1.29599352367487        0.34113484636158
H           -0.39111488328901        0.45746312909501       -1.61478105125492
H            1.92649911210147        0.11915269569652       -1.52061276394301
H            3.16994750198019        0.22900588887497        0.61815159106193
H            2.68658326454156        1.90296648880917        0.31813084344553
H            2.09446333624636        0.61213043210675        2.75991164611788
H            1.86507853550092        2.31693167270654        2.16017341501389
H           -0.76184529104127        0.67745097430613        2.54391985117259
H           -0.37101419901506        1.72583912693271        2.58662961908417
16
 energy: -18.590250820644 gnorm: 0.158507622861 xtb: 6.7.1 (edcfbbe)
C           -0.75133872725211        0.58412541402147        0.64231275509294
C            0.08861353547212        0.39477862270723       -0.60151265468217
C            1.40766608507693        0.46752485359668       -0.56244921501908
C            2.27496818346387        0.88717534418875        0.56253683237614
C            1.57682934442012        1.21962653064186        1.89195161902768
C            0.11565638323760        1.11075099805065        1.80285713899179
H           -0.94108310180097       -0.34683357366792        1.06328366454930
H           -1.59406352631751        1.28389165921811        0.35987054666911
H           -0.39525665879320        0.41848577084677       -1.59662908335612
H            1.93042373816700        0.15333908457876       -1.50470995408234
H            3.15248468712389        0.22846668720758        0.63493626398104
H            2.70037512625204        1.88510896684617        0.28358239711263
H            2.07631287998471        0.61279176721171        2.74339064633827
H            1.86311558671179        2.28317013536111        2.15695047838595
H           -0.67419206905925        0.55801313853757        2.60949249588196
H           -0.37095183639448        1.87027990013270        2.52532540607154
16
 energy: -18.613311919757 gnorm: 0.044713218023 xtb: 6.7.1 (edcfbbe)
C           -0.72250840841888        0.62181129822668        0.62892130366221
C            0.09255461846731        0.42282489681053       -0.59915802004386
C            1.41719962229990        0.46229969494137       -0.57885156336719
C            2.28140550932388        0.89818580212960        0.55895526156891
C            1.58158905486452        1.20240251463244        1.90974523601109
C            0.06691533042611        1.09705512525895        1.88269334614844
H           -0.96906793578987       -0.35680609097699        1.02533063697000
H           -1.58525321602307        1.24562298399069        0.38519138984167
H           -0.40134156833834        0.41668367892221       -1.56468965231093
H            1.92745275460361        0.14734574321688       -1.48531393874300
H            3.14876203315773        0.23015149049438        0.63726740418000
H            2.68927516547125        1.87987919976939        0.28807158920014
H            2.04850084950202        0.61855376022406        2.71508142927565
H            1.83255970234147        2.26086516582271        2.15147336456632
H           -0.60331264940278        0.53625411393672        2.59216368327477
H           -0.34517123219231        1.92756592207959        2.46430786710443
16
 energy: -18.612982036878 gnorm: 0.031890766531 xtb: 6.7.1 (edcfbbe)
C           -0.72907307720926        0.62947337945298        0.63353495516199
C            0.09383406582867        0.42295105775606       -0.59600739401946
C            1.41602324485416        0.45932069215855       -0.57744796473357
C            2.27672726815838        0.89501556701500        0.56325878433919
C            1.57611744937510        1.21986603801353        1.90345502002886
C            0.04714087561911        1.11402339525610        1.88308825618977
H           -0.97543531259628       -0.33705595739968        1.03404752859134
H           -1.59628584377438        1.26564411166753        0.37892253603285
H           -0.39586264228360        0.37441169074787       -1.57596751784972
H            1.93703253457812        0.18658259524500       -1.50365160812513
H            3.13379505863651        0.21375999728791        0.65763837651445
H            2.70927664783248        1.86633457856683        0.27393465172156
H            2.04557473576777        0.61829349750326        2.71425446861494
H            1.85148655515061        2.27068991491757        2.15245273202853
H           -0.56592306312472        0.50179808222488        2.60090023318331
H           -0.36486886652010        1.90958665906580        2.46877627965974
16
 energy: -18.614451223700 gnorm: 0.015150992856 xtb: 6.7.1 (edcfbbe)
C           -0.72849658223472        0.60930215463998        0.63830602375148
C            0.09526997730446        0.42001515947737       -0.59487880007101
C            1.41531257587781        0.46189468142702       -0.57824390334773
C            2.27772205060015        0.89747813171138        0.56107680324336
C            1.57878380063931        1.20867405470042        1.90383861615608
C            0.04609716018839        1.09380301705458        1.88453461385815
H           -0.97630625412524       -0.35668595430398        1.03231458874769
H           -1.59031437400577        1.25932297915853        0.37788804416384
H           -0.39864423949876        0.41388058718698       -1.57120684840643
H            1.93850337120359        0.16153900322717       -1.49643312445872
H            3.14396434513286        0.22900066423379        0.64418731608289
H            2.69946269291755        1.87688098589933        0.27549153593262
H            2.05744981967517        0.61226653528287        2.72423537879800
H            1.84546163259459        2.26238116086111        2.15358614267776
H           -0.58301115255006        0.53224565827396        2.60401052723042
H           -0.36169519342675        1.92869648064868        2.45248242298026
16
 energy: -18.614299298454 gnorm: 0.015555890582 xtb: 6.7.1 (edcfbbe)
C           -0.72280559979643        0.61966933782457        0.63522036600210
C            0.09466456497332        0.42522425028156       -0.59649174956121
C            1.41532372237443        0.46432346802215       -0.57965690743297
C            2.28055720631901        0.89853222009211        0.55950015909922
C            1.58392633127679        1.21193329918957        1.90272730213017
C            0.05134449375497        1.10165619088487        1.88168248047103
H           -0.97034632891751       -0.34906808001283        1.02681400306375
H           -1.58644553029756        1.25884006523558        0.37661807084461
H           -0.40285904737777        0.40962727518957       -1.56932965390617
H            1.92942071111688        0.13744854757023       -1.48666355587537
H            3.14748094630906        0.22953655461288        0.63775790065040
H            2.69457301601692        1.88160790182102        0.28553211745441
H            2.04794252209409        0.61838718048505        2.72097478612465
H            1.83524286516899        2.26831111989497        2.15242756546388
H           -0.59708422179112        0.52547914386103        2.58568910821804
H           -0.34137602093148        1.90918682452687        2.47838734459209
16
 energy: -18.614652898167 gnorm: 0.007976250345 xtb: 6.7.1 (edcfbbe)
C           -0.72383889107485        0.61635591009039        0.63787350441468
C            0.09506239677620        0.41903897344261       -0.59423765619475
C            1.41545627127963        0.46029478830316       -0.57701820618285
C            2.28033356373091        0.89269070118001        0.56241605203250
C            1.58442880473242        1.20888357623166        1.90360064930809
C            0.05128159782950        1.09830653051955        1.88190824591353
H           -0.97010487255278       -0.34790763527336        1.02964298634547
H           -1.58989866109810        1.25402885768691        0.37937422710049
H           -0.40049404739988        0.40343733464456       -1.56857560887440
H            1.93050615655217        0.17042613827788       -1.49856716582234
H            3.14662325161346        0.22287022022339        0.64232011883475
H            2.69530923037513        1.87533026328252        0.28642890669068
H            2.05097150489720        0.61692596229809        2.72043019375805
H            1.83854384882930        2.26529715165389        2.15089781984184
H           -0.59420538750561        0.53043274082048        2.59349099411275
H           -0.35041513669213        1.92428378609746        2.46120427606016
16
 energy: -18.614516628221 gnorm: 0.010252725980 xtb: 6.7.1 (edcfbbe)
C           -0.72783764592072        0.61482127194770        0.63802095008594
C            0.09485579726386        0.42312186826158       -0.59577973672646
C            1.41518100536805        0.46217188648586       -0.57766303125350
C            2.27727546571316        0.89975474985460        0.56125816856742
C            1.58103772064772        1.21194141243189        1.90277104682984
C            0.04560950081303        1.09556607459394        1.88361515557543
H           -0.97631124139497       -0.34774117614053        1.02615711267461
H           -1.59086846737901        1.26143362276551        0.38043877105588
H           -0.39673024212816        0.41258500491964       -1.57308810290747
H            1.93843263350007        0.15037467923098       -1.48946790120643
H            3.14126972329342        0.22826957892236        0.64686485591373
H            2.70046229218038        1.87729975937859        0.27158053540364
H            2.05635603171294        0.61553397200765        2.71739774309465
H            1.84425004859499        2.26490591347050        2.15485326039030
H           -0.57968668741886        0.51995347159870        2.60775877044698
H           -0.36373630455334        1.92070320975021        2.45647173939409
16
 energy: -18.614757826023 gnorm: 0.003803915660 xtb: 6.7.1 (edcfbbe)
C           -0.72523627535483        0.61486571101142        0.63809800960350
C            0.09496326288301        0.42091771960813       -0.59508057827034
C            1.41533103713623        0.46244083578387       -0.57852905978638
C            2.27872368090000        0.89779904837663        0.56122796206705
C            1.58321093767512        1.20963191087404        1.90409362976266
C            0.04746227120524        1.09782103669169        1.88335698524512
H           -0.97463183815140       -0.34916125985382        1.02779753903113
H           -1.58804358711751        1.25766045039076        0.37742438334906
H           -0.40050873163999        0.40491534796033       -1.57012953639766
H            1.93438533480654        0.15930462504591       -1.49431521336046
H            3.14453804597416        0.22811052848565        0.64222917262733
H            2.69802573286809        1.87771964966491        0.27925340361932
H            2.05115897663980        0.61508882217742        2.72198318344055
H            1.84260249557268        2.26422190659138        2.15286083350388
H           -0.58997318947393        0.53009953434460        2.59663867012827
H           -0.35244852363065        1.91925943232627        2.46427995277561
16
 energy: -18.614711229082 gnorm: 0.005907207385 xtb: 6.7.1 (edcfbbe)
C           -0.72423526397475        0.61527046035474        0.63848359667077
C            0.09487978681760        0.42161341564658       -0.59481764566136
C            1.41540505521673        0.46088269520568       -0.57753173101528
C            2.27990725782026        0.89361628516189        0.56239115340155
C            1.58426770749499        1.21160428226446        1.90284357547469
C            0.04990731108799        1.09860251173985        1.88107507539202
H           -0.97070291957287       -0.34804560325594        1.02822629440146
H           -1.59037709515547        1.25574483867129        0.38101936378920
H           -0.40035489168765        0.41242884620935       -1.56889913107845
H            1.93116491975416        0.15812641278700       -1.49461833769735
H            3.14560333141194        0.22268797892943        0.64335212252885
H            2.69690702574179        1.87536215968516        0.28561245437639
H            2.05293925060025        0.61917781381771        2.71974013287529
H            1.83693197049152        2.26869385823392        2.14989430116553
H           -0.59008555441203        0.52287183454531        2.59367721775249
H           -0.35259826134189        1.92205750948277        2.46074089496283
16
 energy: -18.574802673750 gnorm: 0.354392962254 xtb: 6.7.1 (edcfbbe)
C           -0.73828800582901        0.52879417035265        0.75947432291203
C            0.10363940736649        0.32548535215703       -0.56786817981533
C            1.40450122967376        0.46558163265040       -0.50428231167285
C            2.23067769395581        0.86793310679197        0.63982478427533
C            1.60686136011883        1.29978265321498        1.95247558170849
C            0.07559116704084        1.09415431251156        1.78655820490500
H           -1.03851789892111       -0.28663463795606        1.12591288609529
H           -1.53253305204066        1.31205563284461        0.38461327786524
H           -0.41029368208640        0.27342676449250       -1.61538487514998
H            1.92440437063665        0.22207995828724       -1.51587968101202
H            3.11862407908720        0.21041495322683        0.70059888202163
H            2.77547036129161        1.82513963822436        0.27144767023926
H            2.02732493306847        0.62084778690712        2.69802486032306
H            1.78248930551514        2.28253739206285        2.17895572197786
H           -0.64812970196909        0.57321986033720        2.58743745570047
H           -0.38662387518313        1.87812243050836        2.50287909981750
16
 energy: -18.653060269699 gnorm: 0.109031007327 xtb: 6.7.1 (edcfbbe)
C           -0.73101935410813        0.57826598602529        0.70621421811782
C            0.09836400770695        0.35646200391063       -0.57066871869203
C            1.41248955206527        0.46102161242755       -0.52637274583618
C            2.25774829457440        0.89124414207472        0.61172274554034
C            1.57780318528157        1.25317292169806        1.93980695578427
C            0.03577212154310        1.10767263750584        1.87882388405845
H           -1.09118884639211       -0.33724677181746        1.06101823394099
H           -1.53614406380103        1.30018527619356        0.39201408060353
H           -0.40819681717220        0.24956376305408       -1.56432775404017
H            1.93390511383924        0.24134110455992       -1.48972202736310
H            3.10589725130188        0.19689639970431        0.71787917579474
H            2.77613776528321        1.82473082318988        0.25653098599334
H            2.01279134501158        0.61182150273433        2.70869588324870
H            1.78137374395441        2.27602544987822        2.18004869532540
H           -0.54003730372513        0.46743377051596        2.66389470548936
H           -0.39049830363763        2.01435038495870        2.41922938222553
16
 energy: -18.657331151052 gnorm: 0.059779016482 xtb: 6.7.1 (edcfbbe)
C           -0.71551769301603        0.60620874071855        0.66609867603389
C            0.09726626066747        0.36496994971186       -0.56810781667687
C            1.41691504597868        0.45393629988047       -0.54717365588592
C            2.26923841999200        0.90488685556940        0.59478720012061
C            1.56461742917870        1.23698999476425        1.92852707310373
C            0.02423766053819        1.10658303881377        1.91710274522512
H           -1.10405458246049       -0.34500623627661        1.03534001509910
H           -1.53102393059503        1.27946415085070        0.40847537598945
H           -0.40651907662127        0.24587329093168       -1.52509654719779
H            1.93496701083575        0.23397928238554       -1.47421809379735
H            3.09650681124590        0.19765618626483        0.72484975021323
H            2.76327701715867        1.82160252904771        0.26033618951017
H            2.01140558156222        0.62270270117362        2.70978876029755
H            1.78953202208064        2.28267829221896        2.17541552054320
H           -0.53298543847317        0.53159779417557        2.64345027388838
H           -0.38266484634685        1.94881813638330        2.43521223372449
16
 energy: -18.660678211224 gnorm: 0.016887003633 xtb: 6.7.1 (edcfbbe)
C           -0.71763288861162        0.59808164530309        0.67840057771977
C            0.09370014564957        0.36525652451924       -0.56444721592458
C            1.41124532757518        0.45776003501562       -0.54376819783571
C            2.25952825780764        0.89612979990859        0.60643925905130
C            1.56432077626362        1.24355043972963        1.93583852191585
C            0.02570092560513        1.10882587095257        1.90727841375684
H           -1.09340124256632       -0.33394207757278        1.06836377839981
H           -1.53465113455885        1.27874294356710        0.40987058731612
H           -0.40563308722619        0.25312619821410       -1.53814998076256
H            1.93010451443080        0.24437870677128       -1.48177700029836
H            3.09152499043697        0.19388575668329        0.72423001431572
H            2.76337894214998        1.81325636634415        0.27392861620830
H            2.00905191810296        0.62003389818473        2.71032676809208
H            1.79188443233075        2.28255071484097        2.18386209244696
H           -0.50638191708530        0.47648995613796        2.63039520676963
H           -0.38754226857894        1.99481422801406        2.38399625901983
16
 energy: -18.660758995844 gnorm: 0.016309938110 xtb: 6.7.1 (edcfbbe)
C           -0.72633945890323        0.59696871234647        0.68205215889943
C            0.09692744366662        0.36859290208830       -0.56383365666370
C            1.41500659281064        0.45870448080921       -0.54162904412677
C            2.26381699727859        0.90168949935589        0.60472568914238
C            1.56208350278717        1.24071130097164        1.93349873284091
C            0.01889593410314        1.10122239974476        1.91402419087078
H           -1.10596913173925       -0.33277942231131        1.05856809248913
H           -1.53012519584915        1.29631766661112        0.39441497861248
H           -0.40058159262038        0.23798871726385       -1.54722053777471
H            1.93880667996404        0.23544401882677       -1.48142706226441
H            3.10164681442609        0.20342662900287        0.71929125907043
H            2.76792110724513        1.82225208094706        0.25427311607656
H            2.01087893040635        0.61311837133218        2.70401456108660
H            1.78000728017749        2.27586674781958        2.18323698310546
H           -0.51720647489516        0.48411840294474        2.65916275363690
H           -0.38057173713272        1.98929849886045        2.41163548518954
16
 energy: -18.661078922257 gnorm: 0.006965983884 xtb: 6.7.1 (edcfbbe)
C           -0.72164223003467        0.59196748024186        0.67914802191567
C            0.09671217195294        0.36396955913583       -0.56403785976012
C            1.41450213766817        0.45557962651987       -0.54269122678156
C            2.26380650874396        0.89626200705916        0.60602251491026
C            1.56419726070162        1.24383621476066        1.93281956418018
C            0.02023228080107        1.10642607322779        1.91078697465614
H           -1.09345182144321       -0.34237178632436        1.05876854738049
H           -1.53740532437221        1.28002396819087        0.40173584148679
H           -0.40759073288355        0.25901543914342       -1.54167529786760
H            1.93523095082348        0.24637975563092       -1.48411346252558
H            3.09569792298625        0.19069498019143        0.72576485027852
H            2.77076174893845        1.81558372664362        0.26248040600534
H            2.00904198978528        0.62169150848410        2.71080695423743
H            1.78803210717496        2.28123923039026        2.17569064784552
H           -0.51756559045890        0.49385849171122        2.64921685233971
H           -0.38536168865824        1.98878473160694        2.40406437188978
16
 energy: -18.660949270445 gnorm: 0.011294660680 xtb: 6.7.1 (edcfbbe)
C           -0.71960494213659        0.60076005753635        0.67511450894554
C            0.09469963848817        0.36452555868639       -0.56444422938982
C            1.41166925188623        0.45950415649407       -0.54465626340964
C            2.26099136334461        0.90110187274014        0.60514856594005
C            1.56654108112085        1.24160913450536        1.93651266004075
C            0.02347667363652        1.10991772833423        1.90871392727942
H           -1.09560102331011       -0.33201226727119        1.05990954386048
H           -1.53244600611172        1.28991671353007        0.40740348301984
H           -0.40710625526377        0.23782801051171       -1.53878384888622
H            1.93147401371118        0.23444649986948       -1.47924552427957
H            3.09502899764534        0.20011653178952        0.72032266225815
H            2.76053705600267        1.82376206856906        0.27073558587118
H            2.01081607157342        0.61413745331931        2.70941098489338
H            1.79307747687559        2.27835165166153        2.18769440957232
H           -0.51265612554220        0.48406731005469        2.63197198891039
H           -0.38569958019481        1.98490852628287        2.39897924556471
16
 energy: -18.661195927346 gnorm: 0.002384264802 xtb: 6.7.1 (edcfbbe)
C           -0.72212987207275        0.59561342684981        0.67888684535948
C            0.09566594798824        0.36545156489541       -0.56342944943116
C            1.41323027035692        0.45641295987046       -0.54276939558175
C            2.26245160706437        0.89850731536411        0.60569870472212
C            1.56417373620657        1.24282071394479        1.93390895515510
C            0.02131114205974        1.10468767298219        1.91166750020483
H           -1.09925484291354       -0.33562424806959        1.06123478347440
H           -1.53167505285485        1.28678317226963        0.40215380569134
H           -0.40349765752364        0.25016125224449       -1.54176273698779
H            1.93400816677513        0.24083585429794       -1.48135130382047
H            3.09700418200988        0.19749115501381        0.72244537560409
H            2.76644846657894        1.81713737883456        0.26242542026206
H            2.01065280846669        0.61867666023580        2.70851960283695
H            1.78503935008549        2.28013252579309        2.18099284079482
H           -0.51453008291133        0.48641964417430        2.64493447836878
H           -0.38370047759047        1.98743395791279        2.40123227353820
16
 energy: -18.661177909569 gnorm: 0.003644049790 xtb: 6.7.1 (edcfbbe)
C           -0.72208526480398        0.59534909488113        0.67870832644019
C            0.09612288917451        0.36689618090558       -0.56446531343751
C            1.41379036683971        0.45953710085140       -0.54409787310656
C            2.26293045455060        0.89874998582444        0.60560406383423
C            1.56465265249112        1.24271452830305        1.93371023053158
C            0.02059958965811        1.10779662751313        1.91060319639962
H           -1.09408111624790       -0.33732138553875        1.05992808978416
H           -1.53750636413383        1.28318336204615        0.40198294191028
H           -0.40644441748682        0.24591173799870       -1.54219798748824
H            1.93553364396588        0.24249478381492       -1.48285589821947
H            3.09547975891215        0.19427775020428        0.72317924409067
H            2.76898050889714        1.81879396282876        0.26481176120783
H            2.00815885117268        0.61621038097007        2.70817346104206
H            1.78938564897395        2.27867410778680        2.18116334492031
H           -0.51545723425379        0.49064706756090        2.64673351639443
H           -0.38486227598415        1.98902572066306        2.40380659588741
16
 energy: -18.661204911147 gnorm: 0.001119057758 xtb: 6.7.1 (edcfbbe)
C           -0.72186925757081        0.59557006051248        0.67823829046984
C            0.09601156924284        0.36460942479370       -0.56388248810618
C            1.41358451793338        0.45665903370200       -0.54324287729496
C            2.26263749235611        0.89872267476207        0.60571081063917
C            1.56477383616434        1.24274372404595        1.93410183007307
C            0.02109220772902        1.10613431528755        1.91096893668844
H           -1.09684148802837       -0.33639165504604        1.05969998555105
H           -1.53369599312649        1.28639074086108        0.40239130508122
H           -0.40594016296654        0.25008016859518       -1.54153035621426
H            1.93473965121471        0.23965039247674       -1.48172389655955
H            3.09672867788383        0.19664731404794        0.72291171132187
H            2.76588075010321        1.81929226607037        0.26369053270857
H            2.01031395895747        0.61809430385660        2.70910963329592
H            1.78770481680333        2.27948567335162        2.18080081780001
H           -0.51536526447823        0.48773195694029        2.64484186067268
H           -0.38455762049243        1.98752061235605        2.40270160406411
16
 energy: -18.664963358921 gnorm: 0.189188213472 xtb: 6.7.1 (edcfbbe)
C           -0.74916600787300        0.57787875912022        0.68567960345311
C            0.05473883215787        0.33696848856049       -0.51349744574207
C            1.39335233620310        0.49593706725861       -0.54296362467039
C            2.23732127387461        0.88802532839272        0.63686427838173
C            1.57875051381489        1.27666195090809        1.94095519083567
C            0.00393305441388        1.09604665587006        1.84237985274562
H           -1.20433752004209       -0.35746477201943        1.04138606695264
H           -1.43192629108992        1.29689908884066        0.37742076331959
H           -0.41316424927153        0.11738438503653       -1.56902703355292
H            1.93657233271130        0.33545963083192       -1.49594979275240
H            3.03904110806004        0.19644873877347        0.74418371945580
H            2.86328275463641        1.76872989321317        0.19407109532925
H            1.93262100382911        0.63332589535855        2.65777142271427
H            1.76379545424767        2.31021795545366        2.18413067199806
H           -0.53219616997073        0.49563096737856        2.66411506510410
H           -0.44709539150639        2.02082355088818        2.35423751712651
16
 energy: -18.690863682978 gnorm: 0.060974974459 xtb: 6.7.1 (edcfbbe)
C           -0.74441260887841        0.58734080377315        0.67600162634642
C            0.08455647488585        0.35161861078248       -0.53067748903166
C            1.40164159607166        0.49261486774602       -0.55177795738102
C            2.25219862001856        0.90977459243769        0.60593268249791
C            1.53544228356323        1.25597873070753        1.91302004119697
C           -0.02499871066335        1.10563824403822        1.91003616315196
H           -1.22373284008166       -0.35390660150869        0.97604865118584
H           -1.48196164913535        1.30622774171154        0.37283664012994
H           -0.41070551526950        0.11191811733252       -1.50571782688926
H            1.94079396789379        0.33577624207649       -1.48378244345813
H            3.03000939655387        0.16576187829525        0.75754739625164
H            2.84475997399404        1.78788547398456        0.21682951428993
H            1.92589522200837        0.61464133706004        2.67587756023583
H            1.74920339192755        2.29107268421420        2.17043917303623
H           -0.40934361268828        0.43650643240455        2.73221917560523
H           -0.44382295600514        2.09012442880992        2.26692444353075
16
 energy: -18.693750354741 gnorm: 0.039300040191 xtb: 6.7.1 (edcfbbe)
C           -0.73351388291690        0.58422102748159        0.66675614407601
C            0.09593909456800        0.33829739694205       -0.54868344103768
C            1.40195534485703        0.48645058890976       -0.55972007367094
C            2.25543660281478        0.92428500257764        0.58957781512712
C            1.53139434476980        1.26323740215357        1.90935423748962
C           -0.02102480040139        1.11201963716886        1.92178855366955
H           -1.21531491688665       -0.34331699936215        0.99763475677073
H           -1.49609603367369        1.30268984532084        0.37179025246184
H           -0.41094416707036        0.11854804378866       -1.48910147888113
H            1.94011369582225        0.33258575755984       -1.48296015717381
H            3.02739138303933        0.16453401673137        0.75965164980026
H            2.83532257264961        1.77609006407423        0.21147857990912
H            1.94738084847892        0.62459670223744        2.68959502935186
H            1.77278020040791        2.29765447077268        2.18158543665695
H           -0.46402653752770        0.47255912797391        2.67619273488417
H           -0.44127071473571        2.03452149953519        2.30681731126493
16
 energy: -18.695090809672 gnorm: 0.008514389974 xtb: 6.7.1 (edcfbbe)
C           -0.73853144976172        0.57627027416418        0.67058665782825
C            0.08254815123927        0.34123358258689       -0.54904415187004
C            1.39544556507799        0.49377371233082       -0.55563810073356
C            2.25019388674309        0.91464025139274        0.60039738380710
C            1.53441389858682        1.26367070377415        1.91680916528661
C           -0.01378291772186        1.10872217437950        1.90831944207103
H           -1.22010509728596       -0.35244204632162        1.00341105012549
H           -1.48158486309349        1.30330603616918        0.37876014564727
H           -0.41395266379938        0.11545681254115       -1.50958162592378
H            1.93726065330355        0.34257232063442       -1.48412789627159
H            3.03005277236539        0.16964488003659        0.75841533311704
H            2.83792591251773        1.76926482075298        0.22118778706015
H            1.93862242658249        0.62330575580556        2.68879099600502
H            1.76268655826619        2.29901156093281        2.18703687520073
H           -0.44065992678874        0.46897617123944        2.68771088485636
H           -0.43500987203615        2.05156657344667        2.27872340449249
16
 energy: -18.694967261523 gnorm: 0.011712753444 xtb: 6.7.1 (edcfbbe)
C           -0.74047742002307        0.58445430138881        0.67215505939019
C            0.08490017535826        0.34634915727060       -0.54288478026456
C            1.40031393466537        0.49053603074764       -0.55231793061634
C            2.25530185821792        0.91845508782643        0.59828855148965
C            1.53118630074851        1.26250071598955        1.91097533622678
C           -0.02086047793902        1.11010527909400        1.91615977397479
H           -1.22325909484591       -0.34715705824923        0.99273511069766
H           -1.47721334775088        1.31249055974668        0.37560059654482
H           -0.40760381646364        0.11464841388926       -1.50570760851441
H            1.94230479275892        0.32242327842779       -1.48059158319157
H            3.03368263219322        0.17344426617430        0.75688336049258
H            2.83953788480707        1.77771649711530        0.21027560359141
H            1.93799201761214        0.62098357478750        2.67617210806551
H            1.76058137838194        2.29727925402659        2.17715480454594
H           -0.44263682264202        0.45655837978865        2.69730041419348
H           -0.44822696088362        2.04818584584159        2.29955853407266
16
 energy: -18.695205928836 gnorm: 0.004358753117 xtb: 6.7.1 (edcfbbe)
C           -0.73941639092180        0.57973247112801        0.67150683365961
C            0.08610659095832        0.34122379926710       -0.54360048636252
C            1.39946544430767        0.49131921000622       -0.55359412855077
C            2.25405970213212        0.91583824266464        0.59881774647360
C            1.53251214753849        1.26112196593132        1.91357567879568
C           -0.01887773975135        1.11163022155103        1.91393896127178
H           -1.21632386272478       -0.35204976104643        0.99776897476688
H           -1.48384956993127        1.30192075559948        0.37398181849198
H           -0.41027638934971        0.11588921396826       -1.50265474506933
H            1.93848008737800        0.34294419522303       -1.48585430746563
H            3.02911096821907        0.16602250828233        0.75812214105493
H            2.83892353585616        1.77460287573561        0.21619868867186
H            1.93878216282423        0.62090083080412        2.68251937901368
H            1.76605113327204        2.29584888832662        2.17947335876536
H           -0.44812519881566        0.46811119073825        2.69314131927090
H           -0.44109958679632        2.05391697568588        2.28841611791058
16
 energy: -18.695136683321 gnorm: 0.007287239018 xtb: 6.7.1 (edcfbbe)
C           -0.73948363814658        0.57999211333679        0.66882345791229
C            0.08381113202707        0.34281281841992       -0.54877513497902
C            1.39670040474511        0.49190581327128       -0.55520638944766
C            2.25079689985989        0.91798824069750        0.59882603878384
C            1.53398798069615        1.26470008115586        1.91688330043410
C           -0.01379724361642        1.10754556634385        1.91026711507886
H           -1.22092549527814       -0.34852691908570        0.99882091898572
H           -1.48308570629943        1.30655058025403        0.37719199665229
H           -0.41377520753061        0.11784850482341       -1.50657638755878
H            1.93844008428294        0.32932939936822       -1.48237702260160
H            3.02798234764970        0.17060641039184        0.75927048480496
H            2.83666389846093        1.77334331202440        0.21836396489834
H            1.94147428348070        0.62619749943650        2.68858247243403
H            1.76134832369379        2.30043646487274        2.18649667342113
H           -0.44022256780598        0.46200980570126        2.68561205556435
H           -0.43439246202390        2.04623389285355        2.28555380631573
16
 energy: -18.695250593349 gnorm: 0.001481791646 xtb: 6.7.1 (edcfbbe)
C           -0.73946275962271        0.58033973491345        0.67071733204995
C            0.08502461102616        0.34269438515833       -0.54600066239081
C            1.39841888713232        0.49223375816427       -0.55441364479372
C            2.25336383432963        0.91666722137193        0.59836620288225
C            1.53262037394045        1.26207902046240        1.91421897655087
C           -0.01729114659292        1.11013809365303        1.91308070282495
H           -1.22002104076723       -0.34937309545875        0.99879346269167
H           -1.48177125574132        1.30593589757015        0.37651252891110
H           -0.41066267311314        0.11360420542771       -1.50492865420075
H            1.93904803052984        0.33697440106497       -1.48411989950159
H            3.03093904701341        0.16989054082775        0.75753518004959
H            2.83892151540212        1.77338166806820        0.21627897298538
H            1.93865403819836        0.62176434345531        2.68352833241012
H            1.76320844113331        2.29709938101489        2.18242908702261
H           -0.44429588391640        0.46570244927244        2.69148251955312
H           -0.44117098475666        2.04984157889941        2.28827691365386
16
 energy: -18.695190981086 gnorm: 0.004985942435 xtb: 6.7.1 (edcfbbe)
C           -0.73956180473905        0.57856542111668        0.67130288927565
C            0.08530200392770        0.34157906595364       -0.54440903084685
C            1.39895742223087        0.48954674775663       -0.55285918102597
C            2.25304925940458        0.91575824436223        0.59926831728953
C            1.53247330270774        1.26358413253172        1.91373529324897
C           -0.01810205297741        1.11029558309897        1.91373109027757
H           -1.21669444263420       -0.35370900286660        0.99639436394387
H           -1.48308765873222        1.30172929895377        0.37494335305225
H           -0.41151884217635        0.12608697570624       -1.50570255473341
H            1.93938470534292        0.33446763806262       -1.48321268593763
H            3.02798768330360        0.16633595840105        0.76029214953362
H            2.83755180316650        1.77421190380421        0.21576203137226
H            1.94006793474273        0.62495640582273        2.68309259572457
H            1.76499578151489        2.29910303000321        2.17760903270271
H           -0.44545760270946        0.46417947477567        2.69247388987306
H           -0.43982445817763        2.05228270638269        2.28933579694835
16
 energy: -18.695246724433 gnorm: 0.002055593962 xtb: 6.7.1 (edcfbbe)
C           -0.73970034633219        0.58003036925196        0.67065599636251
C            0.08510056692541        0.34212146241187       -0.54509713628908
C            1.39858022391778        0.49107115611180       -0.55357892532344
C            2.25291513880221        0.91665988716672        0.59890277384398
C            1.53280920106545        1.26272423350211        1.91449045775424
C           -0.01745180896458        1.11037221815983        1.91311025175831
H           -1.21803021425676       -0.35118158090339        0.99703158690014
H           -1.48280267691893        1.30404180944255        0.37487793084225
H           -0.41131752346803        0.11801204938886       -1.50466750575919
H            1.93899004025582        0.33553661419005       -1.48372232793504
H            3.02861404951729        0.16794272653369        0.75893184410877
H            2.83749498418224        1.77501392398636        0.21637471633423
H            1.93986916001242        0.62297974826837        2.68341104093684
H            1.76457658554418        2.29785473362787        2.18089714210201
H           -0.44509289739288        0.46427973644455        2.69097756819215
H           -0.43903144869423        2.05151449628227        2.28916193686990
16
 energy: -18.689549832216 gnorm: 0.144330141567 xtb: 6.7.1 (edcfbbe)
C           -0.75749458485464        0.60277849942034        0.63472804434992
C            0.09337207729124        0.34476720521465       -0.55200986959187
C            1.38766280980455        0.50884540221282       -0.57134079244984
C            2.28718544262741        0.94026672264484        0.57516896154393
C            1.52888652576918        1.22192739344833        1.89054912856305
C            0.02619631052673        1.04539810783278        1.85245168658626
H           -1.35104063930985       -0.37098350649785        0.91873657658491
H           -1.51082460544135        1.34437236465553        0.37545890495889
H           -0.47242147700498        0.00575808496059       -1.43418191728325
H            1.95811186887528        0.35246636614925       -1.48835651127573
H            2.97296193309096        0.12347188261767        0.73973932652961
H            2.86607607330883        1.77729011080536        0.24711247057604
H            1.95681403586593        0.58786631603796        2.69966826736993
H            1.72897286280427        2.24180127533912        2.19644442471956
H           -0.41379085377705        0.43329595939231        2.76171863060914
H           -0.50974110033029        2.12200482616937        2.22578290479183
16
 energy: -18.705376203228 gnorm: 0.048356607677 xtb: 6.7.1 (edcfbbe)
C           -0.75633558859763        0.59804940828997        0.65115664812602
C            0.09019107684825        0.34262337413081       -0.54706063124513
C            1.39407894160271        0.51335343980292       -0.57723370028095
C            2.25890474570198        0.92597422220230        0.58212242752146
C            1.50059544006506        1.22597134291913        1.89473900227382
C           -0.02328904637672        1.08180681329631        1.90402320007474
H           -1.32572338832022       -0.34187933291494        0.88777640394523
H           -1.51920166051850        1.32610902996585        0.37241717604645
H           -0.45951943293597        0.01330812198401       -1.42791890003409
H            1.95667725703457        0.34239413452870       -1.49018230370283
H            2.96711375617976        0.11324097866160        0.74419058849149
H            2.84382888800036        1.78458886042023        0.26386522735443
H            1.93239934283504        0.58659333791258        2.68017897691901
H            1.73668053094807        2.24642042623437        2.19326394607802
H           -0.34104365585098        0.41144536133771        2.75501994241472
H           -0.46443052736954        2.11132749163152        2.18531223260002
16
 energy: -18.700972364852 gnorm: 0.083547281808 xtb: 6.7.1 (edcfbbe)
C           -0.76300504226798        0.58386821467989        0.65599447633850
C            0.09008129115515        0.33403670220325       -0.54456966476593
C            1.40303794862426        0.51086197652115       -0.58010551787203
C            2.26137038733972        0.92248342012548        0.57239205696113
C            1.51382750714301        1.21696656242458        1.89611403888758
C           -0.03980278048187        1.09311984441829        1.91834328422117
H           -1.32207364193660       -0.32082226107639        0.90822946965385
H           -1.50608767509389        1.33769965549678        0.36995421478150
H           -0.45206795876245        0.01224498281118       -1.42406546218910
H            1.95328145245350        0.35064246680160       -1.49593582574782
H            2.98938266597450        0.11834888026721        0.73456670718365
H            2.86065392815299        1.78701506388387        0.24825038325764
H            1.95274320942398        0.59133195474375        2.67936645153490
H            1.74660757559038        2.24312580950096        2.18834969684114
H           -0.40692797444457        0.49248419918651        2.72633732972672
H           -0.49009421362391        2.00791953841494        2.21844859776950
16
 energy: -18.707841283229 gnorm: 0.009276213328 xtb: 6.7.1 (edcfbbe)
C           -0.76707155698950        0.58484306659631        0.65204358609457
C            0.08714489584165        0.34113787608081       -0.54617683779397
C            1.39635328833044        0.51281558069153       -0.57534970659351
C            2.26270140001276        0.92829213368915        0.57533772212230
C            1.51645618681197        1.21895221615418        1.89771187760906
C           -0.02790745499023        1.08020267495435        1.90754398821379
H           -1.32941791093790       -0.34088137033749        0.90728073125326
H           -1.51157298641607        1.33964549770643        0.37380314932522
H           -0.45942825726138        0.01277595952138       -1.42625384069316
H            1.95173142539974        0.35033478602876       -1.49005951934344
H            2.97900235082464        0.12030043180255        0.74177760078994
H            2.86270654694356        1.78474179254766        0.25195815854578
H            1.94756724964099        0.58998909383332        2.68822266097193
H            1.73436841583608        2.24488719376732        2.19491759084108
H           -0.38136222963300        0.43529405245460        2.73375204982403
H           -0.47034468416754        2.07799602491220        2.18516102541550
16
 energy: -18.707291806401 gnorm: 0.018277589488 xtb: 6.7.1 (edcfbbe)
C           -0.76494062584143        0.59068129597802        0.64518410509365
C            0.08905492867805        0.34422833664351       -0.55209999856105
C            1.39682212262437        0.51203170583903       -0.57777174497378
C            2.25839036155170        0.92554612697526        0.57631745527653
C            1.51351059781342        1.22608324665777        1.89316259663818
C           -0.02800342357535        1.08839247227475        1.90501277591042
H           -1.32396990676287       -0.34240012058285        0.88731321516511
H           -1.51965035522848        1.33329978196139        0.36602264050102
H           -0.45720138127628        0.00964679223768       -1.43141770939298
H            1.95667963938068        0.33987033761800       -1.48932484822571
H            2.96916998032870        0.11377893767870        0.74453697164235
H            2.85621699869161        1.78240816006867        0.25777328896052
H            1.93449169312806        0.58762243335305        2.68111812881484
H            1.73655213273841        2.25016262751164        2.19178528093479
H           -0.34956501671940        0.44447760932477        2.75340962005110
H           -0.47663106628497        2.07549726686368        2.22064845874742
16
 energy: -18.707992679466 gnorm: 0.003206155771 xtb: 6.7.1 (edcfbbe)
C           -0.76484173471888        0.58721936758232        0.64994795493263
C            0.08916411117647        0.34032977246469       -0.54725498877383
C            1.39721303384219        0.51186520031011       -0.57551678175353
C            2.26002920868107        0.92609561589736        0.57670452700477
C            1.51603612911806        1.22040317545637        1.89608794176099
C           -0.02824086317411        1.08325560423231        1.90852807402070
H           -1.32730678797016       -0.33865887215904        0.89991376832938
H           -1.51465648875863        1.33557520190515        0.37229457042246
H           -0.45864276313940        0.01235112269255       -1.42722860428148
H            1.95355781790002        0.34935003937838       -1.49045029630280
H            2.97689586504164        0.11795286882921        0.74086398194275
H            2.85458017050298        1.78623020084651        0.25703117610058
H            1.94199062335276        0.58605101787406        2.68393160001607
H            1.73681257406087        2.24520804430016        2.19388963070024
H           -0.36949805781264        0.44191028926098        2.74419209830938
H           -0.47216615885602        2.07618836153195        2.18873558415407
16
 energy: -18.707883079189 gnorm: 0.007217522328 xtb: 6.7.1 (edcfbbe)
C           -0.76648339745014        0.58767081125670        0.64993646476439
C            0.08797398291224        0.34362843479807       -0.54759771532134
C            1.39683847319984        0.51307851712776       -0.57530264876477
C            2.26134620279104        0.92768754184330        0.57597674654289
C            1.51555360307317        1.22373645122647        1.89524140169089
C           -0.02979107911535        1.08403405393412        1.90795838774070
H           -1.32676516508985       -0.33911439733881        0.90212708028925
H           -1.51414919451277        1.33881645817720        0.37297162005968
H           -0.45926483959112        0.01285410165342       -1.42664064931357
H            1.95320054844660        0.34254276176381       -1.48868480933985
H            2.97499359339059        0.11759576493793        0.74425704479309
H            2.86319136766201        1.78205145123599        0.25182516659323
H            1.94391957821740        0.59481556393993        2.68603159076727
H            1.73305681008973        2.24944047824505        2.19210232611047
H           -0.37412289943893        0.42871508768044        2.73083614825834
H           -0.46857090533825        2.07377392992169        2.20063208171173
16
 energy: -18.708015436849 gnorm: 0.001104687516 xtb: 6.7.1 (edcfbbe)
C           -0.76579049969322        0.58647770179024        0.64983619656032
C            0.08853495131181        0.34147421489975       -0.54763028683331
C            1.39680800977483        0.51319328144893       -0.57570399135609
C            2.26063413063607        0.92697411543447        0.57632380583182
C            1.51586696605177        1.22082438541305        1.89594124044088
C           -0.02928919850134        1.08408123344106        1.90816769439203
H           -1.32681917804296       -0.34068126316430        0.90041035117367
H           -1.51442718012568        1.33600284007700        0.37156563134841
H           -0.45876660582607        0.01168651551186       -1.42726116277613
H            1.95295483067207        0.34842906706537       -1.49039260000052
H            2.97603520855969        0.11785998908248        0.74181018287850
H            2.85897160887081        1.78433017285884        0.25487748464001
H            1.94237326872080        0.58821457544614        2.68503935774708
H            1.73562742396220        2.24557414601103        2.19426335314313
H           -0.37091243793888        0.44017827115026        2.74092399374411
H           -0.47087461918567        2.07670776393687        2.19349898564849
16
 energy: -18.707972869579 gnorm: 0.004060489840 xtb: 6.7.1 (edcfbbe)
C           -0.76501306848057        0.58887158611001        0.64949892155712
C            0.08910144138303        0.34070899776621       -0.54746113940542
C            1.39748504715377        0.50979019327802       -0.57485913304638
C            2.26006890414861        0.92645179343964        0.57673912284986
C            1.51654459856904        1.22198953147186        1.89570626080300
C           -0.02791812380415        1.08190680874634        1.90853468877132
H           -1.32979908826880       -0.33567394162568        0.89962249734069
H           -1.51307549126463        1.33941078648976        0.37294021524291
H           -0.45902175762162        0.01433032424903       -1.42791625741310
H            1.95445845588552        0.34362850466152       -1.48896837334526
H            2.97750295802279        0.11896800873898        0.74236252198462
H            2.85416848481188        1.78635358548142        0.25554449860446
H            1.94395870453712        0.58921563707452        2.68408548276913
H            1.73565927441462        2.24766136576218        2.19192238476035
H           -0.36746136370135        0.43568741493136        2.74182535905614
H           -0.47573229653904        2.07202641382789        2.19209318605294
16
 energy: -18.708012915137 gnorm: 0.001503703945 xtb: 6.7.1 (edcfbbe)
C           -0.76529605293787        0.58789452812014        0.64958960237320
C            0.08890306428427        0.34119515365056       -0.54760485538539
C            1.39719537351701        0.51156312359565       -0.57530764506881
C            2.26024115540242        0.92646968736619        0.57666009302295
C            1.51623387371659        1.22166832155289        1.89571882363103
C           -0.02851613960145        1.08307635242035        1.90819345400853
H           -1.32759630581238       -0.33808843239247        0.90030238895312
H           -1.51443346740757        1.33719895635867        0.37254972358479
H           -0.45883135060553        0.01277251464363       -1.42747832825478
H            1.95385514585160        0.34638728610043       -1.48972944850225
H            2.97650974898103        0.11796645550107        0.74202906894000
H            2.85625024210586        1.78530860520622        0.25568671234587
H            1.94272496106113        0.58867098847667        2.68439889420192
H            1.73583205003443        2.24694955427364        2.19280390816104
H           -0.36979015045586        0.43773304145769        2.74078786633583
H           -0.47235546888745        2.07456087407171        2.19306997823533
