12
 energy: -20.236053375322 gnorm: 0.044743888463 xtb: 6.7.1pre (5071a88)
O            1.90000000000000        0.00000000000000        0.00000000000000
H            1.90000000000000        0.75754080000000        0.58707964000000
H            1.90000000000000       -0.75754080000000        0.58707964000000
O            0.00000000000000        1.90000000000000        0.00000000000000
H           -0.75754080000000        1.90000000000000        0.58707964000000
H            0.75754080000000        1.90000000000000        0.58707964000000
O           -1.90000000000000        0.00000000000000        0.00000000000000
H           -1.90000000000000       -0.75754080000000        0.58707964000000
H           -1.90000000000000        0.75754080000000        0.58707964000000
O            0.00000000000000       -1.90000000000000        0.00000000000000
H            0.75754080000000       -1.90000000000000        0.58707964000000
H           -0.75754080000000       -1.90000000000000        0.58707964000000
12
 energy: -20.247764539067 gnorm: 0.070902325476 xtb: 6.7.1pre (5071a88)
O            2.11437418154453       -0.00000000051023        0.00507855331309
H            1.92373845605299        0.76055741100461        0.58454036353896
H            1.92373845605245       -0.76055741049398        0.58454036314320
O           -0.00000002102618        2.11437418150664        0.00507855334508
H           -0.76055740019381        1.92373845609042        0.58454035518757
H            0.76055742123555        1.92373845606884        0.58454037146734
O           -2.11437418146862        0.00000000043969        0.00507855337718
H           -1.92373845610693       -0.76055741089997        0.58454036348435
H           -1.92373845610631        0.76055741045993        0.58454036314321
O           -0.00000002197610       -2.11437418150651        0.00507855334519
H            0.76055742171077       -1.92373845606950        0.58454037183574
H           -0.76055739971836       -1.92373845608993        0.58454035481907
12
 energy: -20.259225122563 gnorm: 0.015234268012 xtb: 6.7.1pre (5071a88)
O            2.17005262065570       -0.00000000764754        0.01834474337277
H            2.04682798688713        0.76256826943522        0.57790726683506
H            2.04682798395433       -0.76256826074278        0.57790726013451
O           -0.00000001597982        2.17005261766690        0.01834474655223
H           -0.76256825444369        2.04682792556458        0.57790725140678
H            0.76256827485080        2.04682805371184        0.57790728202627
O           -2.17005261468615        0.00000001773774        0.01834474972703
H           -2.04682799510358       -0.76256827360650        0.57790727719076
H           -2.04682799261017        0.76256825483425        0.57790726273985
O            0.00000000155771       -2.17005261767497        0.01834474654757
H            0.76256826712100       -2.04682805649426        0.57790727603218
H           -0.76256826220326       -2.04682792278449        0.57790725743496
12
 energy: -20.264197873436 gnorm: 0.009163727992 xtb: 6.7.1pre (5071a88)
O            2.25875002697362        0.00000001488880        0.02556628184060
H            2.13336762380829        0.77148855074750        0.57429649320448
H            2.13336752907598       -0.77148854038413        0.57429647232059
O            0.00000002581090        2.25875001888218        0.02556629438167
H           -0.77148853025503        2.13336742805376        0.57429646106849
H            0.77148856031159        2.13336778779947        0.57429653205673
O           -2.25875001509680       -0.00000001396784        0.02556630198949
H           -2.13336774512980       -0.77148855401216        0.57429653161121
H           -2.13336752336616        0.77148853670762        0.57429647903363
O            0.00000001703730       -2.25875002318825        0.02556628944842
H            0.77148856105742       -2.13336769003899        0.57429650894731
H           -0.77148853022734       -2.13336751548799        0.57429647409736
12
 energy: -20.267351733460 gnorm: 0.005738329341 xtb: 6.7.1pre (5071a88)
O            2.35167019098587        0.00000000586921        0.03057796701252
H            2.21304536732011        0.77754385242294        0.57179062879751
H            2.21304539651260       -0.77754380955807        0.57179062808273
O            0.00000004848777        2.35167017523093        0.03057798754660
H           -0.77754377300425        2.21304533297055        0.57179062011153
H            0.77754389484890        2.21304560371327        0.57179069398397
O           -2.35167016736421       -0.00000002915816        0.03057799501673
H           -2.21304561822139       -0.77754387356997        0.57179070907788
H           -2.21304542852008        0.77754379908869        0.57179063201263
O            0.00000004633188       -2.35167018311912        0.03057797448265
H            0.77754385470463       -2.21304559074492        0.57179068821421
H           -0.77754381208185       -2.21304528314542        0.57179059566103
12
 energy: -20.269291939925 gnorm: 0.005863314254 xtb: 6.7.1pre (5071a88)
O            2.43383134947782        0.00000003725805        0.03337882189038
H            2.27778892345003        0.77850243376751        0.57039021534337
H            2.27778875546017       -0.77850240823483        0.57039014448442
O            0.00000010528253        2.43383132838511        0.03337885170908
H           -0.77850234793791        2.27778873271210        0.57039014823550
H            0.77850250695600        2.27778923118679        0.57039031903596
O           -2.43383131027863       -0.00000008795537        0.03337886137447
H           -2.27778928934907       -0.77850247689464        0.57039036442165
H           -2.27778883998852        0.77850238549540        0.57039015248569
O            0.00000005897321       -2.43383133137140        0.03337883155575
H            0.77850246872638       -2.27778904133765        0.57039026904915
H           -0.77850238077204       -2.27778880301114        0.57039014041453
12
 energy: -20.270684295307 gnorm: 0.004714903998 xtb: 6.7.1pre (5071a88)
O            2.50898043142549        0.00000000063079        0.03544381166828
H            2.33480422744622        0.77687291706509        0.56935766539809
H            2.33480431082002       -0.77687286858750        0.56935764251906
O            0.00000011032147        2.50898038931702        0.03544385772080
H           -0.77687277050387        2.33480432365016        0.56935766516817
H            0.77687303022677        2.33480465201376        0.56935783376044
O           -2.50898037541426       -0.00000009867619        0.03544386553804
H           -2.33480476546134       -0.77687297701458        0.56935793048220
H           -2.33480442613786        0.77687283332551        0.56935764439431
O            0.00000014402113       -2.50898041752322        0.03544381948552
H            0.77687293925910       -2.33480463959647        0.56935786370833
H           -0.77687285600291       -2.33480411460443        0.56935752015672
12
 energy: -20.271718132552 gnorm: 0.003315730743 xtb: 6.7.1pre (5071a88)
O            2.57799232875362        0.00000011605443        0.03780075012157
H            2.38757983992402        0.77504159066580        0.56817925086200
H            2.38757924847523       -0.77504160207088        0.56817900321216
O            0.00000027938471        2.57799234674910        0.03780081306835
H           -0.77504145726691        2.38757925610765        0.56817906349750
H            0.77504175601387        2.38758037429562        0.56817950115528
O           -2.57799226242971       -0.00000027199393        0.03780084129389
H           -2.38758050600431       -0.77504167104207        0.56817969286731
H           -2.38757947638542        0.77504154605378        0.56817902164338
O            0.00000013835481       -2.57799224443131        0.03780077834695
H            0.77504165386572       -2.38757976037490        0.56817944677487
H           -0.77504154268568       -2.38757968001337        0.56817895715669
12
 energy: -20.272492785928 gnorm: 0.002603386255 xtb: 6.7.1pre (5071a88)
O            2.63951229092487       -0.00000015524376        0.04062993938380
H            2.43557300635291        0.77414926524282        0.56676437586778
H            2.43557439435626       -0.77414924955743        0.56676454070245
O            0.00000006405019        2.63951181876787        0.04063011381629
H           -0.77414900499216        2.43557470295409        0.56676474308548
H            0.77414950031688        2.43557392419264        0.56676476441197
O           -2.63951214416758       -0.00000012792082        0.04063008021680
H           -2.43557403725818       -0.77414934522488        0.56676511588070
H           -2.43557459758477        0.77414919151946        0.56676450794634
O            0.00000051008408       -2.63951261635360        0.04062990578509
H            0.77414928207745       -2.43557456060274        0.56676523518605
H           -0.77414926416001       -2.43557284777372        0.56676379771720
12
 energy: -20.273095515354 gnorm: 0.002159588114 xtb: 6.7.1pre (5071a88)
O            2.69397767417389        0.00000075843798        0.04371717188028
H            2.47881008914851        0.77414353410825        0.56522147915738
H            2.47880544356326       -0.77414381557721        0.56521988094918
O            0.00000095238355        2.69398092805078        0.04371688840022
H           -0.77414357422952        2.47880410801719        0.56521998466646
H            0.77414398059496        2.47880910081564        0.56522152140250
O           -2.69397779585112       -0.00000094364252        0.04371745066501
H           -2.47881014292449       -0.77414366780844        0.56522244703402
H           -2.47880670865650        0.77414371502730        0.56522013033761
O            0.00000010425148       -2.69397454165272        0.04371773413565
H            0.77414357761206       -2.47880842519943        0.56522186723934
H           -0.77414360006613       -2.47881075057691        0.56522056413230
12
 energy: -20.273582145143 gnorm: 0.001775429298 xtb: 6.7.1pre (5071a88)
O            2.74298703856912       -0.00000289123932        0.04679411690834
H            2.51817471142722        0.77454266233311        0.56367950249354
H            2.51819659128302       -0.77454243052551        0.56368438145841
O           -0.00000171801946        2.74295502254307        0.04679920281230
H           -0.77454107590789        2.51820954843958        0.56368771270136
H            0.77454233186536        2.51819563777261        0.56368434550394
O           -2.74298444406430        0.00000029551119        0.04679474241881
H           -2.51818556483537       -0.77454235119367        0.56368360891801
H           -2.51819000852583        0.77454265636290        0.56368220765756
O            0.00000270739391       -2.74301646142567        0.04678965653973
H            0.77454306182025       -2.51817664716680        0.56368217745250
H           -0.77454363100608       -2.51816504141158        0.56367546513545
12
 energy: -20.274170159298 gnorm: 0.001597204995 xtb: 6.7.1pre (5071a88)
O            2.80992334773449        0.00003037081830        0.05106051628800
H            2.57246263467590        0.77510658665754        0.56158221583563
H            2.57224225694577       -0.77511374586633        0.56151930576858
O            0.00001367753952        2.81044560364434        0.05098307013386
H           -0.77512424228337        2.57204066903647        0.56148177524818
H            0.77512264365469        2.57213121091103        0.56150569682655
O           -2.80996009110212        0.00000283585991        0.05105722677051
H           -2.57230754184484       -0.77511206643592        0.56154483904158
H           -2.57236313294770        0.77511005865175        0.56155447482833
O           -0.00000913135350       -2.80943748067381        0.05113466145173
H            0.77509757347234       -2.57256713850190        0.56160091069992
H           -0.77509799449122       -2.57263690410150        0.56161242710706
12
 energy: -20.274572698225 gnorm: 0.009489909407 xtb: 6.7.1pre (5071a88)
O            2.86885224792388       -0.00040465709667        0.05446733228694
H            2.61851719013024        0.77516398618928        0.55935808725183
H            2.62153639020837       -0.77508270050381        0.56022801669320
O           -0.00008159606372        2.85973972317464        0.05582168450759
H           -0.77489806373946        2.62498166333354        0.56090773561396
H            0.77491641270024        2.62443526282325        0.56075586299531
O           -2.86822087192671       -0.00023514295177        0.05455346331525
H           -2.62130747373432       -0.77507416917324        0.56014481129846
H           -2.61938920251700        0.77514326896490        0.55957069226155
O            0.00008446619465       -2.87725676129144        0.05319647103652
H            0.77532000927231       -2.61595888210803        0.55889835347576
H           -0.77532950844852       -2.61545159136077        0.55873460926355
12
 energy: -20.274884977033 gnorm: 0.001761557817 xtb: 6.7.1pre (5071a88)
O            2.90505828064366       -0.00005181213764        0.05658620609147
H            2.64946678439732        0.77497823753696        0.55880671432714
H            2.64985666769756       -0.77496819784782        0.55885647305824
O           -0.00011931013075        2.90435473745742        0.05646422513854
H           -0.77495079899782        2.65040645932377        0.55880423425934
H            0.77497890034070        2.64957052357605        0.55857515505171
O           -2.90509617742383        0.00015376083484        0.05656971338101
H           -2.64915454144599       -0.77497820585162        0.55866227905840
H           -2.65011706736005        0.77496821815415        0.55896495017858
O            0.00008786565791       -2.90326438276461        0.05660386547257
H            0.77497404935376       -2.65082327661168        0.55895279354669
H           -0.77498465273253       -2.65034606166994        0.55879051043624
12
 energy: -20.275041532990 gnorm: 0.017958710754 xtb: 6.7.1pre (5071a88)
O            2.94769719514242        0.00088856499669        0.05909880466855
H            2.70173166032114        0.77452910441082        0.55769830272583
H            2.69619371494483       -0.77457491570780        0.55592612936839
O            0.00073925998575        2.97505567662481        0.05861901315543
H           -0.77527049601475        2.68275172638040        0.55638585724148
H            0.77513008151925        2.68773623109380        0.55781322404339
O           -2.94806942785699       -0.00045811737621        0.05915222674629
H           -2.70024973663394       -0.77452753220723        0.55725697434629
H           -2.69738102587366        0.77458555124649        0.55650155010792
O           -0.00050467513653       -2.96064303592955        0.06063820975186
H            0.77487627121853       -2.69113625437988        0.55833146594453
H           -0.77489282161611       -2.69420699915246        0.55921536189997
12
 energy: -20.275355148871 gnorm: 0.010192259634 xtb: 6.7.1pre (5071a88)
O            2.98472909023299        0.00121966844287        0.06074120184973
H            2.72167322746122        0.77462293644587        0.55773417491687
H            2.71402658691230       -0.77466557302199        0.55537841539291
O            0.00098731375532        2.99406034220604        0.05962022188874
H           -0.77512852399851        2.70988427488293        0.55501939410529
H            0.77487132523461        2.71646636162319        0.55691893365655
O           -2.98554096851612       -0.00080198796321        0.06075648501866
H           -2.71993450691670       -0.77463523510505        0.55728469844623
H           -2.71502601449274        0.77468153885533        0.55591156367813
O           -0.00070041948657       -2.97855129458852        0.06186394784786
H            0.77454436521437       -2.71890530566639        0.55707411279796
H           -0.77450147540023       -2.72337572611121        0.55833397040099
12
 energy: -20.275495331349 gnorm: 0.015019009815 xtb: 6.7.1pre (5071a88)
O            3.01906540755950       -0.00262702431360        0.06247227540200
H            2.73501267158972        0.77451729497603        0.55367008294891
H            2.74965706839401       -0.77467835650721        0.55849853294383
O           -0.00295259514789        3.01413779254337        0.06129113513574
H           -0.77469799748512        2.75580738334928        0.55881466922301
H            0.77524115745087        2.73386081429235        0.55272918705839
O           -3.01770083926195        0.00321857481498        0.06218296723673
H           -2.73206698516524       -0.77480109610754        0.55270611156442
H           -2.75346631572681        0.77439544922629        0.55876431076368
O            0.00194170056873       -3.00831329379704        0.06280908633459
H            0.77441340292354       -2.75303632238085        0.55812427130057
H           -0.77444667569943       -2.74248121609619        0.55457449008804
12
 energy: -20.275693987577 gnorm: 0.008882149009 xtb: 6.7.1pre (5071a88)
O            3.03955596482555       -0.00014703709580        0.06350117775471
H            2.76305279150826        0.77465460260104        0.55509793652780
H            2.76317302644906       -0.77450019595764        0.55589279739920
O           -0.00020714538033        3.02707264114624        0.06300982833945
H           -0.77526683491227        2.77118774618129        0.55673802163832
H            0.77468268960088        2.76855437536650        0.55641313598653
O           -3.04334553306888       -0.00073305216195        0.06311780303676
H           -2.76238199656515       -0.77487843701153        0.55609784064352
H           -2.75995085610547        0.77445837643226        0.55444866264893
O            0.00061379769316       -3.03467534321534        0.06276950298559
H            0.77458269974767       -2.76662307160193        0.55530710817483
H           -0.77450860379255       -2.76437060468327        0.55424330486427
12
 energy: -20.275583529990 gnorm: 0.021699260419 xtb: 6.7.1pre (5071a88)
O            3.08015065593101        0.00031866005632        0.06158540891440
H            2.77685977849668        0.77502584410138        0.55297884861716
H            2.77063390471788       -0.77534630813481        0.55273095270481
O            0.00278042083204        3.04938424523569        0.06378475472196
H           -0.77542582043083        2.78361428079485        0.55439186988139
H            0.77485233051691        2.79649993510715        0.55966396261670
O           -3.04750324179029       -0.00163439260386        0.06633320774476
H           -2.79501572357102       -0.77454196245208        0.55882259643579
H           -2.78588765850852        0.77457350277725        0.55479515018246
O           -0.00134439188886       -3.06226039386230        0.06338108117959
H            0.77471596136251       -2.77865804718356        0.55303845071533
H           -0.77481621566759       -2.78697536383614        0.55513083628555
12
 energy: -20.275909700958 gnorm: 0.009774542422 xtb: 6.7.1pre (5071a88)
O            3.07752862387542       -0.00070773805655        0.06429551226941
H            2.79887649335120        0.77490336934013        0.55379825515667
H            2.79680764847432       -0.77548449887333        0.55532569529544
O            0.00216035707658        3.07048905613311        0.06394701259413
H           -0.77530529632414        2.79955138198014        0.55561137597075
H            0.77521695927774        2.80442743644007        0.55914996672785
O           -3.07776902124814       -0.00067960352473        0.06393833694607
H           -2.79935028056537       -0.77507281479976        0.55568741773043
H           -2.79537305677485        0.77532632060062        0.55289447187180
O           -0.00276828999817       -3.08392979612811        0.06400577386287
H            0.77497316199123       -2.78579750107227        0.55156046137701
H           -0.77499729913588       -2.80302561203947        0.55642284019747
12
 energy: -20.275873910927 gnorm: 0.020192589027 xtb: 6.7.1pre (5071a88)
O            3.08731447448012        0.00241167689849        0.06392541816799
H            2.82170689300813        0.77641411960427        0.55372720247177
H            2.81358349491712       -0.77339068064928        0.55244113360073
O           -0.00261516424477        3.08996829098829        0.06436116090633
H           -0.77718423746965        2.82043321110645        0.55811987519884
H            0.77232414366881        2.81506779740633        0.55672539399234
O           -3.09618601118516       -0.00526629512183        0.06514169312112
H           -2.82432397435307       -0.77611765593464        0.55951569803982
H           -2.80364476660946        0.77382893215852        0.55001985881325
O            0.00802306363455       -3.09644877694405        0.06485054786827
H            0.77539302752383       -2.83680254015547        0.56132104569374
H           -0.77439094337052       -2.79009807935722        0.54648809212572
12
 energy: -20.276149954610 gnorm: 0.005272618536 xtb: 6.7.1pre (5071a88)
O            3.09373824648126        0.00179216076589        0.05842502812699
H            2.83850911420605        0.77757365373477        0.55742531481409
H            2.82951929467482       -0.77391546151720        0.55427029269990
O           -0.00261578769838        3.09388209166939        0.05903532588124
H           -0.77733755129873        2.83933170669178        0.56203173358796
H            0.77231816923441        2.83220153853293        0.55850264681428
O           -3.10230224923903       -0.00399437554792        0.06136435586114
H           -2.84238133499067       -0.77656070910757        0.56394303747641
H           -2.81970222711215        0.77238222823037        0.54931620522880
O            0.00423721713527       -3.10462131560682        0.06225617420705
H            0.77729298594654       -2.85228820214271        0.56552715155890
H           -0.77127587733951       -2.80578331570296        0.54453985374313
12
 energy: -20.276291836106 gnorm: 0.005334952134 xtb: 6.7.1pre (5071a88)
O            3.10099837134909        0.00166801029953        0.04976572582475
H            2.86573356817465        0.77751438875999        0.56330475585515
H            2.85447055030951       -0.77345721644781        0.55753964873410
O           -0.00324788700579        3.09739139268260        0.04997503091666
H           -0.77730522425326        2.86967627475795        0.56914725479327
H            0.77204049290543        2.85854447512987        0.56122982602056
O           -3.11270071979673       -0.00440920031089        0.05623811112538
H           -2.87073530626142       -0.77683158044808        0.57136853769966
H           -2.84081828263486        0.77145739986765        0.54672198639671
O            0.00264113571713       -3.12072523568855        0.06033684333342
H            0.77820802935586       -2.87600769981309        0.57075025477776
H           -0.76928472785974       -2.82482100878916        0.54025914452244
12
 energy: -20.276388824670 gnorm: 0.007501064686 xtb: 6.7.1pre (5071a88)
O            3.10962495321556        0.00191928822149        0.04538919227931
H            2.88486679397935        0.77679244538840        0.56611799041063
H            2.87373849548998       -0.77259056438937        0.55970571537709
O           -0.00463515764557        3.10014351936599        0.04361795589952
H           -0.77701892989724        2.89368398722042        0.57542024467841
H            0.77144063077419        2.87884562618537        0.56222191572147
O           -3.12298703451540       -0.00670357661225        0.05378443128321
H           -2.89146591429288       -0.77670732463242        0.57802107959625
H           -2.85541657811724        0.77122418484736        0.54238717107949
O            0.00313993695359       -3.14160001475267        0.06340767444315
H            0.77804470487601       -2.88903323059700        0.57210071823118
H           -0.76933190082043       -2.83597434024530        0.53446303100002
12
 energy: -20.276548223614 gnorm: 0.008796927627 xtb: 6.7.1pre (5071a88)
O            3.12196149377528        0.00258726689563        0.03992865766636
H            2.91062786420268        0.77530234716206        0.56965643756887
H            2.90044605995171       -0.77071725273642        0.56288837958267
O           -0.00757159590043        3.10104974299647        0.03410113831789
H           -0.77654946958673        2.92856662161172        0.58599522272995
H            0.77007860424565        2.90681886506163        0.56281405875292
O           -3.13759531660538       -0.01171880893253        0.05135394509494
H           -2.91984946230195       -0.77636070342310        0.58958214302965
H           -2.87247333199048        0.77105300126660        0.53307413743010
O            0.00458730295153       -3.17826879469485        0.07228391235089
H            0.77691538328858       -2.90215465653869        0.57266043101591
H           -0.77057753203045       -2.84615762866854        0.52229865645933
12
 energy: -20.274763505948 gnorm: 0.066362285022 xtb: 6.7.1pre (5071a88)
O            3.20020494203232        0.00633822223977        0.00817547359421
H            3.06750962902936        0.76552491471646        0.59021811528709
H            3.06419489560543       -0.75935275076085        0.58227557705488
O           -0.02517286478026        3.12104236446310       -0.01625035596977
H           -0.77288319249823        3.13403136402578        0.64393915019431
H            0.76177742297169        3.07525164675546        0.56371825640415
O           -3.22838366761389       -0.04238432964166        0.03672883838417
H           -3.09435026170319       -0.77383162916533        0.65937273173038
H           -2.97957641312063        0.77035043171449        0.47759589291620
O            0.01397800346536       -3.40363212606071        0.12680873961974
H            0.77032056688639       -2.98488562597228        0.57562271957547
H           -0.77761906027365       -2.90845248231446        0.44843198120723
12
 energy: -20.277095055364 gnorm: 0.019631584959 xtb: 6.7.1pre (5071a88)
O            3.22072863770411        0.00673924313448        0.02007339625762
H            3.05769807348431        0.76075871854345        0.58225097748740
H            3.05413189367396       -0.75646407978793        0.57514170810325
O           -0.02196459726828        3.20187055680493        0.02775110992261
H           -0.77038343171558        3.08455470287277        0.60528092343266
H            0.75992182917707        3.04784303819703        0.54914186366355
O           -3.24002148375070       -0.04065611679764        0.04334577501198
H           -3.08352665681215       -0.77288667561158        0.64208465372513
H           -2.98700453041754        0.77124529765141        0.48954035113696
O            0.01863275858706       -3.33262274501325        0.08945532055047
H            0.77058167251397       -3.01143846383598        0.58012672814121
H           -0.77879416517600       -2.95894347615775        0.49244431256599
12
 energy: -20.277415051979 gnorm: 0.009479178946 xtb: 6.7.1pre (5071a88)
O            3.23957387256082        0.00685920891576        0.03127436357959
H            3.06014650161969        0.76853143633565        0.58053160566634
H            3.04824709030025       -0.76469409982623        0.56165382343271
O           -0.02930697297009        3.19158831002499        0.02076296621906
H           -0.77508625882565        3.09601964822474        0.62256750102109
H            0.76621480565206        3.05821436546662        0.54103095681160
O           -3.24112134567750       -0.04693397552137        0.04244410503987
H           -3.09088624934568       -0.77165097552090        0.65610525832530
H           -2.98363101637165        0.76850082194294        0.47687279234843
O            0.01278128273536       -3.32818595624096        0.08766249227757
H            0.76944745718275       -2.99216715599213        0.56939929510599
H           -0.77637916686013       -2.98608162780912        0.50633196017132
12
 energy: -20.277782830613 gnorm: 0.011596536249 xtb: 6.7.1pre (5071a88)
O            3.27471083531606        0.01014319647678        0.01920789286037
H            3.13612028936283        0.76910605458829        0.59516234753385
H            3.12283594389921       -0.76780543800365        0.56245806371904
O           -0.04055600850674        3.24254130891292        0.01956256421490
H           -0.77560979925481        3.16154402971515        0.63678035384384
H            0.76693244579479        3.12488265225386        0.52730453163625
O           -3.29889470037714       -0.06204462395419        0.04492318055163
H           -3.15601057754486       -0.76854368506677        0.67815780222925
H           -3.03187607910696        0.76485739397936        0.45206118908883
O            0.01668984499360       -3.39740287272600        0.09520768828944
H            0.76654755497276       -3.01952843005712        0.56423254627888
H           -0.78088974954831       -3.05774958611872        0.50157895975231
12
 energy: -20.278360215400 gnorm: 0.018283943127 xtb: 6.7.1pre (5071a88)
O            3.38997238047286        0.01591558161672        0.02045187560537
H            3.25706451305922        0.76654710920108        0.60380979540768
H            3.25140367256725       -0.77103170882690        0.55304076754023
O           -0.06033507922438        3.34016221099776        0.01626873666607
H           -0.77515126590522        3.29537611517211        0.66432015094930
H            0.76587524572814        3.25336596420050        0.50390983680129
O           -3.40047795930661       -0.08973505368570        0.04262060426880
H           -3.29197446878486       -0.76088031422832        0.72483612517661
H           -3.13311218543483        0.75759317449944        0.40901330275304
O            0.02646250449983       -3.53175220979737        0.10993555813605
H            0.76015581373392       -3.08736858191400        0.55988906831503
H           -0.78988317140471       -3.18819228723546        0.48854129837858
12
 energy: -20.278827109971 gnorm: 0.018866895872 xtb: 6.7.1pre (5071a88)
O            3.48853545624056        0.02121956810312        0.02311915898172
H            3.36070726031364        0.76410816061058        0.61308717998319
H            3.36312570795457       -0.77707125204816        0.54111782880488
O           -0.07475469438442        3.42511270434101        0.01538490568089
H           -0.77553234655763        3.41246717726731        0.68158808105122
H            0.76181680430693        3.36023506012270        0.48952639944586
O           -3.50443172259937       -0.10893929332076        0.04972833655208
H           -3.39022387820649       -0.75338737373962        0.74198084418109
H           -3.22019912646917        0.74589672338077        0.38321782224285
O            0.03085224164089       -3.63185827352232        0.11677792014858
H            0.75268691063421       -3.18643966593547        0.56423262849318
H           -0.79258261287301       -3.27134353525938        0.47687601443215
12
 energy: -20.278797841696 gnorm: 0.034837811012 xtb: 6.7.1pre (5071a88)
O            3.56408716312895        0.02788715031025        0.01571832419711
H            3.47466930506265        0.76059678311220        0.63530953426711
H            3.47628113764500       -0.78382720463903        0.52866230018532
O           -0.08391386108077        3.52206320786187        0.02082185270986
H           -0.77828733416114        3.51903729326805        0.68034836968582
H            0.75238276412106        3.45199525735169        0.48114505276517
O           -3.55539661243172       -0.13454657815293        0.02974795353007
H           -3.51789684108061       -0.74141197770525        0.79936987463804
H           -3.31376096247914        0.73588333840437        0.35051597597825
O            0.02913565250164       -3.72265662571628        0.12091769041324
H            0.74519944826418       -3.28153135109336        0.55595633173301
H           -0.79249985948938       -3.35348929300168        0.47812385989440
12
 energy: -20.279485235626 gnorm: 0.014103285929 xtb: 6.7.1pre (5071a88)
O            3.60477057076073        0.02930135726433        0.01815034668447
H            3.51852182383332        0.75884645667194        0.64162607496377
H            3.51102013806094       -0.78424159512254        0.52076965409658
O           -0.08902493731843        3.55770211783396        0.02182790617143
H           -0.78005725071569        3.56129686695296        0.68539865685197
H            0.74905731036483        3.48816849260678        0.47753150681939
O           -3.61956586842732       -0.13922734994028        0.04769410213129
H           -3.53214240809564       -0.74072528528066        0.78840767741381
H           -3.33847415136235        0.72998162815929        0.34142741901107
O            0.02436214176749       -3.77819045321611        0.13391086182472
H            0.74489581992419       -3.26701649432734        0.52748608512136
H           -0.79336318879111       -3.41589574160260        0.49240682890726
12
 energy: -20.279577959825 gnorm: 0.023936320072 xtb: 6.7.1pre (5071a88)
O            3.69441119170885        0.03035910980767        0.02234278362958
H            3.59600117368141        0.75658858839924        0.63618917890056
H            3.61006142556647       -0.78794183251701        0.51870962944928
O           -0.11373098609331        3.61348677176613        0.01393125405041
H           -0.77816831109469        3.65724823181552        0.72139126039485
H            0.75060906683319        3.59536704060053        0.45177855979556
O           -3.70782708012978       -0.16531071620870        0.05564960357880
H           -3.61537404665156       -0.73314193591091        0.82423318100080
H           -3.40308213814446        0.72431801023546        0.29602143761243
O            0.02431318054439       -3.84811775667316        0.13596774546398
H            0.73916437029903       -3.34274661498193        0.52946444341123
H           -0.79637784651846       -3.50010889633319        0.49095804270942
12
 energy: -20.280011823894 gnorm: 0.009148331681 xtb: 6.7.1pre (5071a88)
O            3.74049509407570        0.03168699793456        0.02292091658017
H            3.65255917212934        0.75310941056179        0.64344201132364
H            3.66505789977846       -0.79049745039105        0.51253713355794
O           -0.11714138222551        3.67004859227374        0.02083691874623
H           -0.78220145340904        3.71007485442671        0.71393905590922
H            0.74263438336872        3.63620958882863        0.45136040494137
O           -3.73387356349956       -0.16541171664966        0.04643248003001
H           -3.66968762279819       -0.73044683332616        0.81958606600263
H           -3.45669526462570        0.70940594812408        0.31254587460970
O            0.02326920606050       -3.90071628158124        0.14328980528549
H            0.73466168310144       -3.38116569777725        0.52202415368912
H           -0.79907815195507       -3.54229741242444        0.48772229932119
12
 energy: -20.279957719428 gnorm: 0.028340773473 xtb: 6.7.1pre (5071a88)
O            3.80210221238362        0.03659913541564        0.00824007122878
H            3.78424387185093        0.74556109778356        0.67767571618165
H            3.77158182910427       -0.79305445845720        0.49960998307042
O           -0.12380689458772        3.76914237176314        0.02769193660284
H           -0.78749081932858        3.82590144082632        0.71424032850985
H            0.72973610902888        3.70990057324287        0.44153022696972
O           -3.82891375996378       -0.19024399229659        0.05388530329168
H           -3.76451892131928       -0.72105233207127        0.85595489619645
H           -3.52979535544415        0.70215607964781        0.26792398493514
O            0.02478087155832       -4.00680015484174        0.15874583500058
H            0.72704163977101       -3.44108013156677        0.50939774967190
H           -0.80496078305218       -3.63702962944616        0.48174108833725
12
 energy: -20.280469840242 gnorm: 0.008006018685 xtb: 6.7.1pre (5071a88)
O            3.86321984432225        0.03375595356094        0.02050497623889
H            3.80451822418721        0.74519734542861        0.65958758032142
H            3.81151305515962       -0.79406065244242        0.50119571003535
O           -0.13693744120549        3.79450418106285        0.02485202681816
H           -0.78671878317038        3.86157733687238        0.72750506150584
H            0.72963847892268        3.76489832741649        0.43333315883702
O           -3.85786989069364       -0.19408929195279        0.05234880182134
H           -3.80423526401134       -0.71954094952814        0.85692238540329
H           -3.56382124689690        0.69363250625029        0.26926414188500
O            0.02328898159044       -4.03613845803029        0.15976281421559
H            0.72444368402882       -3.47711971032727        0.50943554764115
H           -0.80703964223196       -3.67261658831102        0.48192491527315
12
 energy: -20.280654309500 gnorm: 0.013781790026 xtb: 6.7.1pre (5071a88)
O            3.93823511521882        0.03658211787334        0.01538517713763
H            3.90248350353884        0.73846823335499        0.67086456892027
H            3.92613829365565       -0.79979168377571        0.49592401868545
O           -0.16083784189463        3.86922208566578        0.02438587748825
H           -0.78755445240545        3.95794341974938        0.75137975338129
H            0.72427096503404        3.86766617951259        0.41100911368727
O           -3.93922201087958       -0.20655930343177        0.05549903553393
H           -3.89446196208661       -0.71539660515786        0.86545784236486
H           -3.63461040505925        0.67653979214301        0.25736899810026
O            0.02163992852845       -4.11589924220285        0.16663943441865
H            0.71618106580192       -3.55335589213570        0.50636007744659
H           -0.81226219945077       -3.75541910159558        0.47636322283147
12
 energy: -20.280976760306 gnorm: 0.006668954800 xtb: 6.7.1pre (5071a88)
O            4.03317950789319        0.03396977011538        0.01835593775491
H            4.00993580789923        0.73220297633257        0.67527737079579
H            4.02210583392495       -0.80136352233287        0.48939654298318
O           -0.17367064343111        3.95700715179448        0.02756814083312
H           -0.79287445800218        4.06593006083749        0.75497423124682
H            0.71023611355680        3.95404488507431        0.40404390486960
O           -4.02927478472969       -0.22762817896109        0.06293554283550
H           -3.98586531864312       -0.70594251568805        0.89371011070000
H           -3.70214376551735        0.66440579004056        0.22092755685794
O            0.01904243744863       -4.20591712526259        0.17903323352149
H            0.70813995326754       -3.62185434357424        0.49581385157796
H           -0.81881068366531       -3.84485494837642        0.47460069601927
12
 energy: -20.281032905185 gnorm: 0.022232227536 xtb: 6.7.1pre (5071a88)
O            4.14471670288926        0.03466319211282        0.01888718123149
H            4.13782601748010        0.72361409330294        0.68505543535432
H            4.15428611909923       -0.80608844040892        0.48089828423204
O           -0.19500209109674        4.06382494004669        0.03014937791546
H           -0.79742209099260        4.19643659637472        0.77015428294824
H            0.69667689257293        4.06841669139184        0.38632025923264
O           -4.12224588111989       -0.24804028989621        0.06154980516404
H           -4.10252290383747       -0.69581299672524        0.91806818589804
H           -3.80400612733869        0.64620065093739        0.20012275225351
O            0.01817859995718       -4.33188286785958        0.20036131051945
H            0.69766729964940       -3.68984771047402        0.47648227938180
H           -0.82815253726091       -3.96148385880291        0.46858796586401
12
 energy: -20.281364265401 gnorm: 0.007115333946 xtb: 6.7.1pre (5071a88)
O            4.18812360149924        0.03310402928319        0.01769630049176
H            4.19960801524822        0.71713039083574        0.69272091914182
H            4.21244612399040       -0.80918073943228        0.47593713772084
O           -0.20512145212966        4.11281271925785        0.03381434278296
H           -0.80229420354351        4.24947279334019        0.76970427016915
H            0.68587352026884        4.11474509208556        0.38271230757917
O           -4.17078374954170       -0.25653800291916        0.06760171808407
H           -4.14371081059713       -0.69161005884650        0.92373782108461
H           -3.83687505624153        0.63682968610996        0.18680364255918
O            0.01685357048602       -4.36722525188680        0.20391355791757
H            0.69023666209022       -3.74219247821379        0.48402194208321
H           -0.83435622152757       -3.99734817961449        0.45797316038063
12
 energy: -20.281520552501 gnorm: 0.011871604341 xtb: 6.7.1pre (5071a88)
O            4.29169705800212        0.03285699677010        0.01984502812098
H            4.31756044743167        0.70882386007684        0.70260938069397
H            4.33178175690490       -0.81637987684168        0.46346398012965
O           -0.23142292367925        4.20656930377573        0.03651815911316
H           -0.80669641209566        4.37325342206898        0.79548586158298
H            0.67336144353539        4.21523998272669        0.35495855887107
O           -4.26453198103913       -0.27543713216824        0.07302881174504
H           -4.24317093172168       -0.68292490045298        0.94309302659875
H           -3.91784081166804        0.61887663648604        0.16243517532166
O            0.01059912869930       -4.45953150048266        0.21427092089958
H            0.67985119661768       -3.82643411796078        0.47268278311545
H           -0.84118797098529       -4.09491267399857        0.45824543380236
12
 energy: -20.281704731770 gnorm: 0.011001813195 xtb: 6.7.1pre (5071a88)
O            4.38098164865745        0.03264889173204        0.02186660222032
H            4.41706761025023        0.69746366642381        0.71285774734316
H            4.44322832574266       -0.82437433065120        0.45205797761655
O           -0.25796350769366        4.29202659367896        0.04031391429561
H           -0.81197957292986        4.45398881193415        0.80458366922921
H            0.65877503926143        4.32146458767850        0.34229666078428
O           -4.34050539619313       -0.29050661681563        0.07787214429265
H           -4.32238379069125       -0.67416392520139        0.95598171478326
H           -3.98894479187723        0.60241908547458        0.14562226428701
O            0.00350804549199       -4.54456980159606        0.23024956138403
H            0.66838921555047       -3.88771402875849        0.45595799093652
H           -0.85017282556693       -4.17868293389988        0.45697687282172
12
 energy: -20.282064668243 gnorm: 0.007495078370 xtb: 6.7.1pre (5071a88)
O            4.35253771874293        0.03240639732081        0.02653946449073
H            4.43326156668260        0.69531325282314        0.71655178536791
H            4.46153785979172       -0.82478837092973        0.44676101733652
O           -0.26537538186799        4.26337160706969        0.04799468674516
H           -0.80522462130793        4.47635878599310        0.81289811823988
H            0.65354213501583        4.32988053501406        0.32462616439699
O           -4.32653439338092       -0.30122790913167        0.07982162739442
H           -4.33051609272639       -0.65899710193172        0.97006542615021
H           -3.99187466577422        0.59728878398400        0.13314749517143
O            0.01092167694711       -4.56457045155479        0.27719768946084
H            0.66199821307124       -3.87246046084242        0.43276125728855
H           -0.85427401519240       -4.17257506781529        0.42827238795423
12
 energy: -20.281920174498 gnorm: 0.033578118433 xtb: 6.7.1pre (5071a88)
O            4.29819421472417        0.03131653836272        0.03733175322251
H            4.46667541543491        0.68912517661672        0.72496838670878
H            4.49791000560939       -0.82674203725999        0.43539928225131
O           -0.28572694665277        4.21693860310772        0.06305301782828
H           -0.78920697014636        4.52476174250346        0.83293646782415
H            0.64242738864224        4.33413158289808        0.28401625938112
O           -4.29146593993032       -0.32982288927221        0.08589589344226
H           -4.35226002783759       -0.62124315504514        1.00568084065704
H           -3.99643981765279        0.58428133228650        0.10166223754983
O            0.02114571219258       -4.58831633301406        0.34399610702228
H            0.64806940827136       -3.84815293247044        0.40159478517953
H           -0.85932244265501       -4.16627762871420        0.38010208893325
12
 energy: -20.282379665996 gnorm: 0.011468993696 xtb: 6.7.1pre (5071a88)
O            4.31721327148037        0.03098433098353        0.03720950607588
H            4.45772593879663        0.68788449682250        0.72526014397510
H            4.48897186176410       -0.82695320921408        0.43594031114458
O           -0.28655829246922        4.23023650525464        0.06127873276351
H           -0.78933254613829        4.51225814307647        0.83488099173599
H            0.64083495793936        4.33294615113901        0.28211923672382
O           -4.29692010977265       -0.32804763531963        0.08877739329163
H           -4.34618438764662       -0.62170115926237        1.00576083022524
H           -3.99417942959102        0.58262694073844        0.10059650934847
O            0.01481427433776       -4.56351295514445        0.29183416991219
H            0.64959107101245       -3.85893021746364        0.42021424551836
H           -0.85597660971329       -4.17779139161058        0.41276504928234
12
 energy: -20.282513997501 gnorm: 0.005605105437 xtb: 6.7.1pre (5071a88)
O            4.32606699674810        0.03031084465367        0.04109966833722
H            4.45586829184578        0.68386383057799        0.72922288397642
H            4.48898746944247       -0.82869949866309        0.43240600928823
O           -0.29684027705849        4.24062792364711        0.06318875954609
H           -0.78481021058091        4.50052347620562        0.84619282547572
H            0.63568957511255        4.33456161720714        0.26420126984472
O           -4.30216289849499       -0.33072657466948        0.09747610903184
H           -4.33602186945889       -0.61444969240502        1.01383315605916
H           -3.98902320244074        0.57612771845543        0.09049309156688
O            0.01681125219825       -4.56678672465278        0.30970507541517
H            0.64393413045382       -3.84276395653600        0.40073915255945
H           -0.85849925776822       -4.18258896382034        0.40807911889634
12
 energy: -20.282798900791 gnorm: 0.016199177987 xtb: 6.7.1pre (5071a88)
O            4.29233510490297        0.02864453923211        0.05773998450801
H            4.48186711278124        0.67112180905459        0.74562128895665
H            4.52149997653691       -0.83512296154538        0.41443724506124
O           -0.33563480450071        4.21792640681707        0.07981744234158
H           -0.76181027321263        4.51769952342908        0.88728490926012
H            0.61722011462647        4.34413505757333        0.19237474442659
O           -4.28527861396683       -0.35774327326709        0.11957749541897
H           -4.33107081426401       -0.57218668772644        1.05625974911908
H           -3.98137569730420        0.55339688010326        0.04713619308311
O            0.02101298593147       -4.56289897385028        0.33568799154305
H            0.62651553629591       -3.80912987081698        0.36719827218207
H           -0.86528062783099       -4.19584244900158        0.39350180409625
12
 energy: -20.282954538577 gnorm: 0.021917612971 xtb: 6.7.1pre (5071a88)
O            4.26142189678616        0.02549355005625        0.07460059054932
H            4.51305627652148        0.65850255763929        0.76091650975865
H            4.54558344326136       -0.84203082367680        0.39808471635391
O           -0.36086306339283        4.21347739875106        0.08704578356538
H           -0.75108700040768        4.54627850770370        0.90200757113725
H            0.59386824162031        4.32093311005886        0.15495033145255
O           -4.26427319347171       -0.37931882219571        0.13841269523543
H           -4.33071883462775       -0.53567697895051        1.09004830423211
H           -3.96758561195927        0.53156306591969        0.01713878871745
O            0.02408399342779       -4.55217405144295        0.35149039855668
H            0.61148907575236       -3.79130485604754        0.36561871739682
H           -0.87497522351811       -4.19574265781216        0.35632271304008
12
 energy: -20.282876882847 gnorm: 0.032315103042 xtb: 6.7.1pre (5071a88)
O            4.29511359818009        0.01887556302540        0.08631834064419
H            4.51666130312474        0.64803606216091        0.76957579882252
H            4.53190474312263       -0.84974704452213        0.39338780441560
O           -0.38361285405100        4.18205787468865        0.09554214915628
H           -0.74435211841231        4.60149493096567        0.90370925782759
H            0.56736737292296        4.29459852200413        0.12869575920043
O           -4.24637121107184       -0.38582008906294        0.15235011452012
H           -4.32918585935853       -0.51964398847281        1.10154170844631
H           -3.94428817811589        0.51402693119631        0.01692363228436
O            0.02201038008027       -4.53628538101418        0.36179691782406
H            0.59893977047236       -3.77852095639411        0.36057876486502
H           -0.88418694690444       -4.18907242456981        0.32621687198692
12
 energy: -20.282842878578 gnorm: 0.031131715567 xtb: 6.7.1pre (5071a88)
O            4.28317480280197        0.01806132939688        0.09207921857219
H            4.52628061320678        0.64272274416497        0.77781854606177
H            4.54086321247936       -0.85490166674913        0.38624006525586
O           -0.37784758102395        4.21688677293146        0.08431588954337
H           -0.76125077334257        4.55981029869625        0.88470498983282
H            0.55840759400054        4.29450214583111        0.15102531897127
O           -4.24358921106775       -0.37542260184418        0.15387771619652
H           -4.32264919019331       -0.53043983038685        1.08775617536695
H           -3.92846588337239        0.51253625221522        0.03901735580084
O            0.01074305104413       -4.52578344437130        0.35778651397721
H            0.59686222823112       -3.76586212802804        0.31569396137455
H           -0.88252886277656       -4.19210987185070        0.36632136903876
12
 energy: -20.282987464940 gnorm: 0.034978127711 xtb: 6.7.1pre (5071a88)
O            4.26185319610599        0.01853790080558        0.10445859067112
H            4.53885086137211        0.63009013868614        0.79271616216047
H            4.56564151634834       -0.85919748644904        0.36948449868316
O           -0.41997169433973        4.20626314225013        0.10042875690839
H           -0.73462772150856        4.54773733123021        0.93824811008436
H            0.54566429924960        4.31544645510006        0.07111728204197
O           -4.21529493487815       -0.41060529414965        0.17275756359474
H           -4.32708558097917       -0.47935547961746        1.13864221553364
H           -3.92401255353995        0.49170506831929       -0.01472699148875
O            0.01246757937037       -4.52146068535249        0.37598090271643
H            0.58357681545558       -3.73461033528457        0.27965121887729
H           -0.88706178267164       -4.20455075553179        0.36787881020918
12
 energy: -20.282966220411 gnorm: 0.033762584762 xtb: 6.7.1pre (5071a88)
O            4.25295544032587        0.01693404401243        0.10297213264437
H            4.54633784982667        0.63118279460003        0.78936608965742
H            4.56353564759458       -0.85843604965813        0.37469868294252
O           -0.41923580270385        4.19036301959108        0.09966377269912
H           -0.73639261944570        4.55929662750062        0.93253351984391
H            0.54708166203855        4.31613674613014        0.07777363280341
O           -4.24891825184220       -0.38538502407219        0.17265188563979
H           -4.29751012082031       -0.51389841344206        1.10995174130303
H           -3.91583684902818        0.50030714486691        0.01180039144092
O            0.01634486895651       -4.51170471405933        0.35627581593986
H            0.58567295042221       -3.75477614462437        0.34796554698534
H           -0.89403477533854       -4.19002003083796        0.32098390809064
12
 energy: -20.282422204290 gnorm: 0.046742101066 xtb: 6.7.1pre (5071a88)
O            4.30186924792486        0.00941649062066        0.09987340209466
H            4.53172810158690        0.63215638446109        0.78034261563682
H            4.53256153196461       -0.85990498910391        0.38932909147397
O           -0.39425709907114        4.20380834589262        0.08287347071775
H           -0.76566233137998        4.58001253567535        0.87642738166809
H            0.53559642713168        4.27463155835464        0.14646659874979
O           -4.21315469910377       -0.40230391024642        0.17133854048725
H           -4.31347987259273       -0.49300966846882        1.12826981623312
H           -3.91575514009710        0.49586691511063        0.00310929411656
O            0.01735741004400       -4.50813187542437        0.36481024563517
H            0.58018260356248       -3.74597803128225        0.34527070990144
H           -0.89698617998548       -4.18656375558231        0.30852595327594
12
 energy: -20.283287698379 gnorm: 0.029449855590 xtb: 6.7.1pre (5071a88)
O            4.26840242784914        0.01307926284403        0.10793667854449
H            4.54960401494473        0.62481199715749        0.79401859519729
H            4.55413442707628       -0.86345188145691        0.37303633758865
O           -0.41694703252741        4.18910333258438        0.09295900153716
H           -0.74900038916078        4.60388926564054        0.90233087887409
H            0.52943923179696        4.26365778547605        0.10591407896445
O           -4.22110192406994       -0.39499618371577        0.17583772982636
H           -4.30053529608777       -0.49893507793337        1.12112804238083
H           -3.90659766302241        0.49162002058452        0.01139996468732
O            0.01000244288970       -4.50871203157312        0.37566287839805
H            0.57477669582248       -3.71961399558179        0.27864403333165
H           -0.89217693552736       -4.20045249401844        0.35776890065989
12
 energy: -20.283013304537 gnorm: 0.034150481700 xtb: 6.7.1pre (5071a88)
O            4.25538469832733        0.01557743834004        0.11105231367447
H            4.54595134062708        0.61979622516202        0.80123800813859
H            4.57134337982535       -0.86537722102990        0.36461664081388
O           -0.44313634336506        4.20049978624858        0.10184332699614
H           -0.73546697207877        4.54572607959402        0.94521806632353
H            0.53333232340744        4.30452534802460        0.05180808287575
O           -4.20498491885786       -0.41030741869160        0.18096336256018
H           -4.30351349834529       -0.47794883349610        1.14137519199133
H           -3.90656716321645        0.48588844981888       -0.01081660612633
O            0.00865303582504       -4.49638724701157        0.35422705507021
H            0.57609374033575       -3.73293045533604        0.32350438531516
H           -0.89708962250177       -4.18906215161524        0.33160729235626
12
 energy: -20.283737288679 gnorm: 0.010469415269 xtb: 6.7.1pre (5071a88)
O            4.26626156909787        0.00976218910980        0.11457322985994
H            4.55888450695327        0.61702738086398        0.80003628030721
H            4.55584727078991       -0.86802331315224        0.36920756631307
O           -0.43806406965211        4.19631174404823        0.09520645011187
H           -0.74635037261107        4.57486313294130        0.91898112347129
H            0.51920229067419        4.27497474315482        0.07749428533484
O           -4.20552053920655       -0.40699263261512        0.18747163124634
H           -4.29159978277045       -0.48039157161743        1.14000418088689
H           -3.89473578546062        0.48162823121818       -0.00548177659440
O            0.01379675807406       -4.49521975751700        0.37692229749170
H            0.56482436209438       -3.71098518603030        0.30946649450312
H           -0.90254620800128       -4.19295496039586        0.31275535705720
12
 energy: -20.283733439035 gnorm: 0.022699755707 xtb: 6.7.1pre (5071a88)
O            4.25974416286501        0.00501719000063        0.12849436158168
H            4.56634051561664        0.60336886178744        0.81280582653834
H            4.57493325555400       -0.87518048464976        0.35806603930641
O           -0.45537987687386        4.17273485771420        0.09845124036657
H           -0.74653798751709        4.61322134435750        0.91127263046209
H            0.49141055514296        4.25080083770259        0.06618816337087
O           -4.17329282680785       -0.41956756407319        0.19907567216775
H           -4.29129845805604       -0.46018674080265        1.15523484936184
H           -3.87581666843931        0.46673907114996       -0.00847910745085
O           -0.00102787769758       -4.47498005956281        0.37234067754632
H            0.55678476240391       -3.69921409013599        0.27136106468428
H           -0.90585955621256       -4.18275322347790        0.33182570205130
12
 energy: -20.284017068796 gnorm: 0.014072510829 xtb: 6.7.1pre (5071a88)
O            4.25518197000036       -0.00113317716752        0.13990245013193
H            4.58465931663875        0.59326055694726        0.82049006826192
H            4.57823770781323       -0.88168384801902        0.35294565620993
O           -0.48262019768961        4.17654807989211        0.10325312314391
H           -0.74035319252324        4.60071870717884        0.93144907551600
H            0.47203612645859        4.25008751292260        0.02667622580538
O           -4.16197956207615       -0.42648663396117        0.21470822025939
H           -4.27460837897446       -0.44575554813677        1.16965169724526
H           -3.85694492873146        0.45311422701899       -0.01776639988222
O           -0.00029792057452       -4.46339912860063        0.39077317168857
H            0.54144427437433       -3.67309945325550        0.25548061017582
H           -0.91475521474050       -4.18217129480785        0.30907322142953
12
 energy: -20.284123763149 gnorm: 0.009620534980 xtb: 6.7.1pre (5071a88)
O            4.25871340825034       -0.00865356168648        0.14612570430644
H            4.59246329798617        0.58601535237335        0.82183516381243
H            4.57576555881226       -0.88675514473163        0.35586389736883
O           -0.49759163622043        4.17404591153433        0.10325159814250
H           -0.74841981198371        4.57933474532340        0.93104940362856
H            0.45781571498789        4.25724910779262        0.01571790085260
O           -4.14712523668955       -0.43084938754833        0.22553556088355
H           -4.25543324624679       -0.43928898097653        1.17752735996241
H           -3.84047022868679        0.44628659035697       -0.02037958586053
O           -0.00584145700711       -4.44428024471817        0.38619521462992
H            0.53325183985200       -3.66344778188082        0.26130682335461
H           -0.92312820308111       -4.16965660582625        0.29260807890213
12
 energy: -20.284345480540 gnorm: 0.014009364105 xtb: 6.7.1pre (5071a88)
O            4.24725295786324       -0.01957914490311        0.17199303973055
H            4.61453928169296        0.55955044152169        0.84480988073910
H            4.60024981915359       -0.90176781675837        0.33749913877841
O           -0.54168714480908        4.15337750150162        0.10956472077761
H           -0.75048301509956        4.59273915368873        0.93605436264659
H            0.40928691856402        4.23689570532378       -0.02712393986301
O           -4.09738390241616       -0.45052369496088        0.25352505492933
H           -4.23190499276889       -0.40622091709383        1.20613706080902
H           -3.79877332945598        0.41887685827356       -0.03088397219907
O           -0.01602631744794       -4.40678490828294        0.40096936128519
H            0.50559754212435       -3.61962922235899        0.22760252420325
H           -0.94066781743387       -4.15693395593581        0.26648988814270
12
 energy: -20.284369302055 gnorm: 0.026347700565 xtb: 6.7.1pre (5071a88)
O            4.24029555413867       -0.04180170959259        0.20140202224029
H            4.65782799080658        0.53120602843100        0.85862296366741
H            4.60332750352611       -0.91966153691571        0.33182635088978
O           -0.60015773722287        4.12758637756201        0.11676015025049
H           -0.75316995683209        4.61230656838874        0.94348652061513
H            0.34445428392263        4.19790052087198       -0.08117048833163
O           -4.02699064804934       -0.47064125314096        0.28518071638672
H           -4.19794544586539       -0.37362286173060        1.23269106834550
H           -3.74249693253182        0.38893211004304       -0.03161714404881
O           -0.04098815100096       -4.35437098673592        0.41264096902835
H            0.47572485695288       -3.57093235404335        0.16071046484687
H           -0.95988131788578       -4.12690090311853        0.26610352608447
12
 energy: -20.284492726726 gnorm: 0.023996963847 xtb: 6.7.1pre (5071a88)
O            4.24798501271170       -0.04163892035397        0.20341484899341
H            4.62499516820716        0.52285530512158        0.86731544729697
H            4.62553883571121       -0.92337377060028        0.32469810190791
O           -0.60184238078628        4.12304902998855        0.11206162738976
H           -0.76746772357819        4.60891251034858        0.92820763730165
H            0.33515576080627        4.18400285324230       -0.06562221370108
O           -4.02025169989893       -0.46488390096517        0.28806183989630
H           -4.17579320334009       -0.38303794547380        1.22647243604844
H           -3.72720633217510        0.39033062371351       -0.02273435795901
O           -0.04725572457358       -4.33950373670218        0.40714079670190
H            0.47068273970400       -3.56068996443479        0.15798793315397
H           -0.96454045283015       -4.11602208386483        0.26963302294321
12
 energy: -20.284365818262 gnorm: 0.028792608844 xtb: 6.7.1pre (5071a88)
O            4.23580078376624       -0.04706620352862        0.20673446700709
H            4.66640368896148        0.51807459316867        0.86705626493618
H            4.59575628149914       -0.92792031673657        0.32704962095435
O           -0.60704470344635        4.11905713469783        0.10846863085935
H           -0.78389919560206        4.59502397708636        0.91522476031651
H            0.32623439474102        4.17871612817387       -0.05512312700273
O           -4.00671313130228       -0.47136177115984        0.29719999643386
H           -4.15854193037321       -0.37237672184987        1.23914815258703
H           -3.70720438056918        0.38290232227770       -0.03703952931364
O           -0.04371985279985       -4.31754918647982        0.39336568897921
H            0.45801337127180       -3.54035559194682        0.19514604093294
H           -0.97508532618981       -4.11714436368289        0.23940615328173
12
 energy: -20.284770110053 gnorm: 0.017690007238 xtb: 6.7.1pre (5071a88)
O            4.24919631393576       -0.05597540040684        0.21931217481647
H            4.65550782159765        0.50388145346524        0.87648991521903
H            4.61083333569140       -0.93699702269356        0.32155311399914
O           -0.64496857514118        4.11402524277644        0.11630859732611
H           -0.77512829962499        4.59400366406792        0.93912378680608
H            0.29490109148635        4.16128184849373       -0.10473561746404
O           -3.96376138929480       -0.48170553548445        0.30911605130085
H           -4.14934883649321       -0.35658924796875        1.24873536385897
H           -3.68094198070079        0.36960653262981       -0.03178486358240
O           -0.05265788879544       -4.29501616060434        0.40852181778006
H            0.44094925384081       -3.51281446193404        0.16356410307898
H           -0.98458084654841       -4.10370091231976        0.23043267683091
12
 energy: -20.284658228519 gnorm: 0.027842639479 xtb: 6.7.1pre (5071a88)
O            4.23183938180111       -0.06174036060969        0.23533451014483
H            4.67604916530688        0.48552125188016        0.89181890735670
H            4.61952560461412       -0.94578974082855        0.30633211185637
O           -0.66664598770124        4.08866737221275        0.11908310494173
H           -0.78562162595786        4.59640515680742        0.92882862973300
H            0.26374152850608        4.15177066871464       -0.11388734942472
O           -3.94497616612087       -0.48425216671283        0.32702190076888
H           -4.11185502157445       -0.34851790699332        1.25790457456084
H           -3.64680272198339        0.35552861519372       -0.03592867148940
O           -0.07469735615246       -4.27023383029953        0.41932800687756
H            0.43024827132234       -3.49468538331150        0.10715576579132
H           -0.99080507211007       -4.07267367603019        0.25364562885090
12
 energy: -20.285038359086 gnorm: 0.010229199191 xtb: 6.7.1pre (5071a88)
O            4.23678078427983       -0.06696401099201        0.23282449723384
H            4.67634593856002        0.48522431844537        0.88550962310682
H            4.60855127552288       -0.94746265939797        0.31518606665045
O           -0.67035831945828        4.08545153776246        0.11637288863789
H           -0.79463195191174        4.59363175152581        0.92277170713504
H            0.25864125091855        4.13765219124029       -0.10597981793905
O           -3.91599312677410       -0.48522761037635        0.32077592004983
H           -4.11410797171984       -0.35312817167917        1.25070744130510
H           -3.63829982608228        0.36036009974378       -0.02115244210506
O           -0.07172968800242       -4.25548085224300        0.40687846564286
H            0.42221185086096       -3.47961367223133        0.13482681743396
H           -0.99741021624377       -4.07444292177506        0.23791595281586
12
 energy: -20.285166401056 gnorm: 0.002885692105 xtb: 6.7.1pre (5071a88)
O            4.22976545186548       -0.06655047605138        0.24010659094431
H            4.68283659737115        0.48064681459464        0.88558204177601
H            4.60390327200730       -0.94757643265117        0.30722337056081
O           -0.67860677986032        4.07479705728803        0.12846371665170
H           -0.78666823525207        4.60373072645822        0.92251503196902
H            0.24724941628946        4.12344368770619       -0.11737559834296
O           -3.89546885532114       -0.49064173526001        0.32728317366322
H           -4.11716406283774       -0.34687166765481        1.25019512321183
H           -3.63019090691278        0.35880255040684       -0.02909354795403
O           -0.07258655212851       -4.24785730999327        0.40968950712038
H            0.41699693235954       -3.47132458872310        0.13121344687856
H           -1.00006627762967       -4.07059862609701        0.24083426348833
12
 energy: -20.285281251408 gnorm: 0.007800572357 xtb: 6.7.1pre (5071a88)
O            4.21645623401313       -0.06498968791845        0.25343260029592
H            4.69700222391426        0.46968992009626        0.88834232755486
H            4.59063674807518       -0.94876122490455        0.28975244176545
O           -0.69728855047966        4.05593399810430        0.15050429138991
H           -0.76910562408184        4.62341523842809        0.92320481129930
H            0.22083673556798        4.08811005446359       -0.13868805794903
O           -3.85460191563728       -0.49970159531390        0.33850901795436
H           -4.11947782360860       -0.33132572387945        1.24755311602635
H           -3.60852345643714        0.35084265187519       -0.04300399369006
O           -0.07456791008458       -4.23166898075905        0.41126462791691
H            0.40448320063184       -3.45099251397415        0.12505584066431
H           -1.00584986192079       -4.06055213619408        0.25071009673881
12
 energy: -20.285385789591 gnorm: 0.010275186639 xtb: 6.7.1pre (5071a88)
O            4.20416774295375       -0.06291484829064        0.26537593730697
H            4.71215567872713        0.45709334371437        0.89179654277138
H            4.57286896051432       -0.95070971552184        0.27288663537228
O           -0.71662813923981        4.04358161958240        0.16428987193006
H           -0.75694456712649        4.63429751517150        0.92268482915129
H            0.19573159571262        4.04799353732460       -0.14989009527056
O           -3.82706901534130       -0.50280628552857        0.34270348348553
H           -4.11164973832622       -0.32121716247696        1.24267958268149
H           -3.57078874510036        0.34129832902036       -0.04906116501154
O           -0.07795003073619       -4.21375776518467        0.40827299769579
H            0.38953466294142       -3.42625665131302        0.12073823772331
H           -1.01342840502455       -4.04660191647320        0.26416026213217
12
 energy: -20.285628135701 gnorm: 0.013443039281 xtb: 6.7.1pre (5071a88)
O            4.18063165499504       -0.05727217013829        0.28772563490626
H            4.74530582610319        0.42593482026193        0.89992459800631
H            4.52423960693144       -0.95638863254440        0.23900365934568
O           -0.75926477391467        4.01678511782440        0.18589431512646
H           -0.74275063215475        4.64281154957899        0.91688752128850
H            0.14114307715309        3.95760360138183       -0.16005732866584
O           -3.75573992846484       -0.50832259878287        0.34807677405831
H           -4.08944142136728       -0.30314334527263        1.22613222245358
H           -3.47348611521205        0.32113587748333       -0.05566504542553
O           -0.08867889659268       -4.16757815118781        0.39831084579410
H            0.35148660785181       -3.36276282548158        0.11242401742304
H           -1.03344500536956       -4.00880324309723        0.29797990566067
12
 energy: -20.285952267432 gnorm: 0.007330068332 xtb: 6.7.1pre (5071a88)
O            4.17766744700584       -0.05351715247859        0.28789829187297
H            4.75242369355616        0.39970186125393        0.90843803606747
H            4.48101299074813       -0.96335863125920        0.22806435802400
O           -0.79217603967274        3.98561398232210        0.20011917560392
H           -0.74485292307580        4.63477166766879        0.90604505143760
H            0.09576206447636        3.88942707904006       -0.15827017206930
O           -3.68786094923107       -0.51195621269943        0.34895585929538
H           -4.05617037472517       -0.29400497624852        1.20784691977887
H           -3.38488067447920        0.30541271338856       -0.05626916506086
O           -0.10406152773272       -4.11902344691227        0.39462769955861
H            0.31632140248582       -3.30399387078214        0.10642164147473
H           -1.05318510939314       -3.96907301326634        0.32275942399082
12
 energy: -20.286101836193 gnorm: 0.026476951995 xtb: 6.7.1pre (5071a88)
O            4.15344202621750       -0.04694912291070        0.30405575200407
H            4.78105580306697        0.34955350567868        0.91987291656745
H            4.39965152577822       -0.97264526955807        0.19543826509144
O           -0.85502503895836        3.91388633167107        0.23556021203662
H           -0.74559511850426        4.62576031918623        0.88388800658421
H            0.00625168903760        3.75877299413878       -0.16177832553143
O           -3.52345595541115       -0.52865788332104        0.35956179429329
H           -4.00317807647572       -0.26973854290608        1.17081950197610
H           -3.23826526351207        0.28060058192377       -0.06253264658073
O           -0.14115256965683       -4.01913696166661        0.40504630222033
H            0.25655786027262       -3.20151142691850        0.09538340100133
H           -1.09028688188422       -3.88993452528707        0.35132194031432
12
 energy: -20.286396110034 gnorm: 0.021678195925 xtb: 6.7.1pre (5071a88)
O            4.13555651898317       -0.04962891388753        0.31254988767797
H            4.78652061172659        0.33338259121326        0.91773092152064
H            4.37585118097293       -0.97309914988740        0.18692178742830
O           -0.87747317093806        3.88994824469604        0.23654650343706
H           -0.75740101508091        4.59236371979260        0.87932192468298
H           -0.02351704849653        3.71693713662331       -0.15378312851130
O           -3.49119888863221       -0.52637615125022        0.35166682590636
H           -3.91535551146089       -0.27837550938108        1.16471785695789
H           -3.19535249840114        0.27934727998110       -0.06155940822563
O           -0.16650569293613       -3.96960637850098        0.42027243369274
H            0.23680123802166       -3.16517194513018        0.09351513724467
H           -1.10792572378524       -3.84972092423639        0.34873637816684
12
 energy: -20.286529420076 gnorm: 0.023632037468 xtb: 6.7.1pre (5071a88)
O            4.14455768582171       -0.05935453350967        0.29183140260374
H            4.74218227917051        0.32909227599598        0.91802497563506
H            4.37839534193871       -0.97593375664425        0.20617877061390
O           -0.91174325719912        3.89070032322672        0.23560060332258
H           -0.74718947943963        4.56957885082348        0.88880554684020
H           -0.05785371269866        3.64879697978652       -0.15772842431113
O           -3.43760252507094       -0.53547326960228        0.35966671319999
H           -3.88264760776634       -0.25924839913585        1.15858298828194
H           -3.13454889766273        0.26225590554845       -0.07662947338185
O           -0.17111585444134       -3.93729953532862        0.39600699536338
H            0.20542671009595       -3.11035820580824        0.08612165181910
H           -1.12786068277223       -3.82275663531948        0.39017536999684
12
 energy: -20.286932088839 gnorm: 0.018740070895 xtb: 6.7.1pre (5071a88)
O            4.13327753885471       -0.04387716024856        0.30087880199767
H            4.76729952216384        0.29468875272310        0.93785733116789
H            4.32091072467394       -0.98066400732282        0.17465239844018
O           -0.93209587378463        3.83328269945674        0.25283438487832
H           -0.76659312131098        4.53944680287877        0.87492205635446
H           -0.09552361074363        3.61870876189670       -0.15691143949188
O           -3.36004205474592       -0.54563317884761        0.36887819089743
H           -3.85160063193643       -0.23911359074403        1.14527595767824
H           -3.04931299163592        0.24198519209317       -0.08888102734204
O           -0.18681495482859       -3.88943856497239        0.38629663148413
H            0.17078786558548       -3.04933844817120        0.08302869998872
H           -1.15029241231176       -3.78004725870828        0.41780513393360
12
 energy: -20.286125823261 gnorm: 0.045044462221 xtb: 6.7.1pre (5071a88)
O            4.11879026028011       -0.03751704227134        0.30674309731179
H            4.78002059314818        0.26363759351219        0.94680708887438
H            4.26721997361326       -0.98497565304809        0.15713329410159
O           -0.97018818019192        3.75506851685158        0.29718244631058
H           -0.75799809417954        4.55645889916182        0.85084516899003
H           -0.16105919897389        3.53149557474736       -0.17269884134051
O           -3.28488417773146       -0.54530355581177        0.36231677673656
H           -3.77852962318649       -0.24747479421378        1.12676418094858
H           -2.95451363517514        0.23668503805799       -0.08330689611478
O           -0.22783763541649       -3.81492136166097        0.42179334920192
H            0.14303804326809       -2.99713982200847        0.08901767329645
H           -1.17405832546998       -3.71601339328024        0.39403978166926
12
 energy: -20.286974826293 gnorm: 0.030634591990 xtb: 6.7.1pre (5071a88)
O            4.10655834485262       -0.05212674840738        0.30628347400039
H            4.75860434063643        0.27414440466156        0.93100344220190
H            4.28803613381416       -0.98071520997552        0.17284936611111
O           -0.97598915038604        3.78691526560208        0.26187023634612
H           -0.77377207382786        4.48976652408181        0.87176030394481
H           -0.15384118101759        3.53055816215190       -0.15508694040346
O           -3.25009765730737       -0.54840372035676        0.36195591443264
H           -3.76812712460471       -0.25248687629412        1.11946125899316
H           -2.95338071582293        0.24414608139540       -0.07777700295408
O           -0.24582941472308       -3.79485805674509        0.44465253026085
H            0.14568064388177       -2.99815814257359        0.09517625090168
H           -1.17784214550988       -3.69878168350173        0.36448828615083
12
 energy: -20.286463583911 gnorm: 0.043287246853 xtb: 6.7.1pre (5071a88)
O            4.10350598717657       -0.04551185979512        0.30801786655524
H            4.76355433329961        0.25461777658613        0.94175198194806
H            4.25658534018362       -0.98590828868863        0.15796832111157
O           -1.00633675504494        3.78688346490371        0.26017913812598
H           -0.76816124396494        4.46663128755973        0.88136488967850
H           -0.18365616380962        3.47231198633440       -0.15850515988368
O           -3.22601145292072       -0.55071088885889        0.36329857410815
H           -3.72519833023935       -0.24187131689727        1.11761554960296
H           -2.88363319248108        0.22684078235821       -0.09109838546308
O           -0.21740191138978       -3.77326335221179        0.37956859323129
H            0.08827273437356       -2.90605254486538        0.06527715551545
H           -1.20151934519444       -3.70396704638825        0.47119859546474
12
 energy: -20.287657228203 gnorm: 0.012810079329 xtb: 6.7.1pre (5071a88)
O            4.10176262868460       -0.05147977737673        0.30078734425226
H            4.74222217477444        0.25859641623133        0.93688838928934
H            4.26269372115945       -0.98439901323025        0.16995287644018
O           -1.00103017745204        3.73400274307010        0.27925381418008
H           -0.77883126197322        4.46017033904790        0.86807173791175
H           -0.19496682368126        3.48868531972702       -0.16448352179840
O           -3.19505850650004       -0.55386846789480        0.36431230357470
H           -3.71291576078528       -0.24348458687144        1.11185816328584
H           -2.87045380973132        0.22830219663359       -0.08937226038550
O           -0.25058858607610       -3.74335189997051        0.43304057243747
H            0.10305072659604       -2.92267986876463        0.08243108638068
H           -1.20588432502597       -3.67049340056272        0.40389661442132
12
 energy: -20.286982270231 gnorm: 0.044148726812 xtb: 6.7.1pre (5071a88)
O            4.08295131549773       -0.03484185690848        0.31194065931313
H            4.77373262520969        0.21119520143467        0.95566431550503
H            4.17867422224916       -0.98968476341048        0.13604108920209
O           -1.06125737116106        3.71391254423681        0.28201748912051
H           -0.77322942226732        4.40995159047843        0.87451019321907
H           -0.26357589477880        3.36359762602383       -0.16375158661409
O           -3.06378623186845       -0.56238785446851        0.36475786674053
H           -3.63991448000755       -0.24380099194944        1.08259167864264
H           -2.76055552597927        0.22165868995183       -0.08734427864668
O           -0.29980111240612       -3.66123540251045        0.44466075436654
H            0.06633617851267       -2.85284432242324        0.09887700363746
H           -1.23957430300508       -3.57552046041271        0.39667193550794
12
 energy: -20.288278201878 gnorm: 0.007977270660 xtb: 6.7.1pre (5071a88)
O            4.07596780716500       -0.05019544296761        0.30662202886870
H            4.74221609637339        0.22421542724140        0.94156878774179
H            4.20227178080286       -0.98842943897291        0.15440539202691
O           -1.05487743685481        3.66926082128081        0.29583135913069
H           -0.79084564483036        4.39849209608507        0.86383035773906
H           -0.26703400401704        3.38191934053970       -0.16725165284064
O           -3.05981139781304       -0.56141544726125        0.36086136192509
H           -3.61238383559731       -0.24915800733400        1.08406404928554
H           -2.74137725801364        0.22117010985039       -0.08839861191456
O           -0.29440341127408       -3.65259183990072        0.42293390771209
H            0.04985756162260       -2.82252936364818        0.09511434608885
H           -1.24958025756665       -3.57073825487178        0.42705579423310
12
 energy: -20.288789122444 gnorm: 0.010955434366 xtb: 6.7.1pre (5071a88)
O            4.05644611779194       -0.05269225372097        0.30557264331931
H            4.72507258608635        0.19801150440463        0.94425120319962
H            4.15612834902605       -0.99274281314976        0.14857170747059
O           -1.09811991744650        3.59453763438296        0.31343502097264
H           -0.81269051986652        4.34073379288441        0.85140818017776
H           -0.32854617175930        3.29174196968091       -0.16470532981194
O           -2.94423231368600       -0.57035411939029        0.36158298325028
H           -3.51967671300149       -0.24414894076204        1.06300535759297
H           -2.60587301834105        0.20320451323815       -0.09495819728474
O           -0.33089214141274       -3.56446146852772        0.41181075880751
H           -0.00720075092538       -2.71743965550303        0.09878030305224
H           -1.29041550646128       -3.48639016349481        0.45788248925719
12
 energy: -20.289375962876 gnorm: 0.023135759904 xtb: 6.7.1pre (5071a88)
O            4.03404846255930       -0.04556656870453        0.29803934491751
H            4.70018731582789        0.16350783152055        0.95457336160722
H            4.08071735985354       -0.99635873760228        0.14075477699157
O           -1.15172944798387        3.49178939807393        0.33200184644091
H           -0.84325852105669        4.24682462573997        0.83840303535699
H           -0.40207533879790        3.16123154422353       -0.16108287907088
O           -2.79454710536242       -0.57741005654113        0.35294518000618
H           -3.37142773657362       -0.26479510680551        1.03732087527105
H           -2.43308706447830        0.19557423748965       -0.09328902937494
O           -0.38769781685251       -3.44675068488624        0.38748272028465
H           -0.08236033428675       -2.57178579124947        0.12051992259502
H           -1.34876977283457       -3.35626069121512        0.48896796499011
12
 energy: -20.290259522457 gnorm: 0.015191143266 xtb: 6.7.1pre (5071a88)
O            4.00257606746593       -0.05063821164301        0.30175721079467
H            4.67986091171149        0.13781335594338        0.95222615313918
H            4.03091290670576       -0.99717583390335        0.13485683633718
O           -1.20096185688765        3.40560917235468        0.35098913923044
H           -0.86494390046742        4.17620141813645        0.82400217362231
H           -0.47089711185060        3.04508953238392       -0.15755733505319
O           -2.63612951516711       -0.59071996254941        0.35485060234596
H           -3.26302186727407       -0.27315969975996        1.00887268335589
H           -2.29804276239844        0.18786569904396       -0.09395969859284
O           -0.43776042587929       -3.33360976754789        0.39247152708438
H           -0.14459609688577       -2.45444390379055        0.12036104422451
H           -1.39699634904977       -3.25283179862237        0.50776678353390
12
 energy: -20.290650463638 gnorm: 0.027328514467 xtb: 6.7.1pre (5071a88)
O            3.97402221342396       -0.04618088975342        0.30296546216569
H            4.65894575067607        0.12298769432860        0.95403717157645
H            3.98409298218068       -0.99037539406640        0.13043211932532
O           -1.22337265033310        3.32425301495359        0.35671718017654
H           -0.89590349554282        4.09711020441457        0.80600446386864
H           -0.49946280965104        2.94952393251482       -0.14294248417872
O           -2.50211535164705       -0.60318919424084        0.35628047092431
H           -3.18160048780817       -0.30435516775447        0.98716578322579
H           -2.19511474017098        0.19302618169824       -0.08341630741182
O           -0.49866617604781       -3.21879123516919        0.43808561961469
H           -0.17895160472846       -2.37769984535970        0.10879740123446
H           -1.44187363032018       -3.14630930151742        0.48251023950545
12
 energy: -20.291598057381 gnorm: 0.013697700435 xtb: 6.7.1pre (5071a88)
O            3.94747178386949       -0.04742632579020        0.30379696622209
H            4.63979701197654        0.10283548201446        0.95265633791467
H            3.93623037363449       -0.99037508666397        0.12709439181521
O           -1.26312576255005        3.23535443647184        0.38001986964611
H           -0.90775607163263        4.03322957054738        0.79466230682278
H           -0.55950889019926        2.85203115635783       -0.14953873742055
O           -2.38199566741957       -0.61105028170465        0.35067365343993
H           -3.06720949194957       -0.32361236275245        0.96853429683237
H           -2.08354779352812        0.19080662866358       -0.08093552050175
O           -0.54126905853279       -3.13240446282230        0.40896434068785
H           -0.23055256675405       -2.27315376107556        0.12373712361458
H           -1.48853386687503       -3.03623499319790        0.51697209096364
12
 energy: -20.292048636208 gnorm: 0.015598900831 xtb: 6.7.1pre (5071a88)
O            3.92269169565067       -0.04300736961673        0.30119644485625
H            4.61493090153229        0.09479676626307        0.95091578417353
H            3.88934988743580       -0.98677547536720        0.12986436125967
O           -1.28427315418518        3.14841572852828        0.38979174902981
H           -0.92673249593011        3.94448515503778        0.78962809270562
H           -0.58972959812670        2.77164773508073       -0.15399398711616
O           -2.28239793155244       -0.61234223355929        0.34195745338173
H           -2.97689158235731       -0.35837185264626        0.95431563611659
H           -1.98982643086031        0.20362998328022       -0.06477853511445
O           -0.57702599903848       -3.05793253887540        0.37106966698194
H           -0.27344119948958       -2.16984286471997        0.15051014831427
H           -1.52665409303093       -2.93470303335959        0.53616030546118
12
 energy: -20.292358164342 gnorm: 0.009805827989 xtb: 6.7.1pre (5071a88)
O            3.90104271135999       -0.03535851316370        0.29835656514727
H            4.59210741880504        0.09338480955715        0.94992450101966
H            3.84677653015403       -0.98099693719324        0.13469958401984
O           -1.29652917874372        3.06628279653905        0.40015741967227
H           -0.93732829681013        3.86891893909714        0.78308098122610
H           -0.60908528668944        2.69820355127103       -0.16123000058472
O           -2.21423993475804       -0.60451705309592        0.33589624480369
H           -2.91580574176088       -0.38615561208187        0.94657849057599
H           -1.91081841952481        0.22266119422322       -0.04468188890740
O           -0.60640358845934       -2.97115575463399        0.40160821120339
H           -0.29949547681934       -2.09773708010073        0.14033805689798
H           -1.55022073669950       -2.87353034037262        0.51190895498222
12
 energy: -20.292790266735 gnorm: 0.021228075508 xtb: 6.7.1pre (5071a88)
O            3.89407226908953       -0.01320367948450        0.29252222026447
H            4.57733559956274        0.13817605571629        0.94410558848955
H            3.84335517395798       -0.96036236918781        0.15433668115181
O           -1.23822097525588        3.01124520437446        0.39959658499214
H           -0.93201580494679        3.83069482981046        0.78178046163804
H           -0.53543057859338        2.72735216344472       -0.18020665672938
O           -2.28549095940667       -0.55293797638274        0.32013238989228
H           -2.97642973477603       -0.44100023447903        0.96538935587695
H           -2.03045108880043        0.32650198633252        0.01389406121184
O           -0.57305371626116       -3.01489380100370        0.39663438492114
H           -0.23081491662350       -2.15864106051501        0.14455374381986
H           -1.51285526789413       -2.89293111858752        0.46389830453453
12
 energy: -20.290802443850 gnorm: 0.064848083853 xtb: 6.7.1pre (5071a88)
O            3.86589313208933        0.02115841327333        0.28156372088102
H            4.55039726023823        0.15125086299877        0.95003924166706
H            3.76261178233975       -0.93859266271885        0.16687442051608
O           -1.21448628381276        2.83125511859401        0.42135487852756
H           -0.97637795262591        3.71045243813813        0.75029819436483
H           -0.51318705800196        2.64338028421072       -0.19163092078903
O           -2.18697747075378       -0.48467590371192        0.30002899734488
H           -2.95304208142860       -0.52575644475305        0.94967287489568
H           -2.05330520124080        0.48461458782573        0.10635547028833
O           -0.57324473207405       -2.97039970266499        0.36565047913448
H           -0.19633099418371       -2.12248026211325        0.15604097507263
H           -1.51195040048598       -2.80020672904869        0.44038878817917
12
 energy: -20.293851010447 gnorm: 0.013419648884 xtb: 6.7.1pre (5071a88)
O            3.85131629430701        0.00944452911276        0.29421584635128
H            4.54654118584600        0.15340904008824        0.94168682801930
H            3.78152403925213       -0.93615750683853        0.16337218299907
O           -1.22715752784350        2.85091763336563        0.41351813661733
H           -0.96562190496721        3.70719691601296        0.76019663712687
H           -0.52660520807988        2.61477467907991       -0.19489405724118
O           -2.22092774707971       -0.49518094574748        0.32555713941798
H           -2.92550892907421       -0.44220984432268        0.97316611283198
H           -2.02590283473588        0.41760967992876        0.06253614210921
O           -0.57024089423328       -2.96821389955523        0.35526340873544
H           -0.20500590337045       -2.10623536435619        0.15552412735942
H           -1.51241056996043       -2.80535491673791        0.44649461575951
12
 energy: -20.294597383974 gnorm: 0.012210252259 xtb: 6.7.1pre (5071a88)
O            3.83498764766955        0.02493578640197        0.28706219175195
H            4.51997385070576        0.16624319717615        0.94014541809919
H            3.73784318592093       -0.92693895452897        0.18118681361950
O           -1.22839310733709        2.76002226215336        0.40690680612740
H           -0.99094014579503        3.62199584941109        0.74577479790437
H           -0.52243521774122        2.51572820580510       -0.19241914105383
O           -2.20628921649648       -0.44528570823527        0.33072683554078
H           -2.90502000701536       -0.41943212571011        0.98277228170978
H           -1.97944873839175        0.46532361526882        0.10053931761657
O           -0.56192685171914       -2.92983404839935        0.33993985347448
H           -0.19321222072874       -2.06196125064564        0.15507994196020
H           -1.50513917900581       -2.77079682867125        0.41892200335281
12
 energy: -20.295338481029 gnorm: 0.006061609491 xtb: 6.7.1pre (5071a88)
O            3.82607965376296        0.02570576624632        0.29194467569272
H            4.52192104857232        0.15818486925236        0.93809474872435
H            3.72565070916582       -0.92262602512441        0.17725199228935
O           -1.23008670623814        2.72049368886485        0.36437869092862
H           -1.03144856777954        3.57520063755592        0.75800620216174
H           -0.47958523516046        2.50846715846822       -0.19889176445040
O           -2.21063679708550       -0.42065910695373        0.31828961274329
H           -2.89587965686182       -0.41568696219078        0.98808410762121
H           -1.97090272631354        0.49911468413820        0.15469706352880
O           -0.55922790605816       -2.91543127198467        0.35211533743798
H           -0.18952567463077       -2.05170557905144        0.15311803567270
H           -1.50635814130786       -2.76105785919464        0.39954841775259
12
 energy: -20.295911347511 gnorm: 0.031199408097 xtb: 6.7.1pre (5071a88)
O            3.80137858201797        0.02773939912218        0.30724853721719
H            4.52704419426189        0.13387841766451        0.93139754824882
H            3.69009184613692       -0.91315501839935        0.16675492001246
O           -1.21126907877244        2.59043333724055        0.30511184194091
H           -1.13488054908602        3.45463966098339        0.76185190600348
H           -0.39998126798134        2.48108629457750       -0.22743825734675
O           -2.19200748984219       -0.34500669166194        0.31448279462190
H           -2.86750814670060       -0.39657227248496        1.00067054367388
H           -1.97014416258370        0.59690782100301        0.25675211403140
O           -0.55377837757864       -2.87627383191429        0.37646422125300
H           -0.18032649504157       -2.02090922178652        0.15198513415502
H           -1.50861905476517       -2.73276789431738        0.35135581629119
12
 energy: -20.296740469285 gnorm: 0.011492534229 xtb: 6.7.1pre (5071a88)
O            3.79446978663209        0.02879269512165        0.31286072008331
H            4.52832419329472        0.12435287287048        0.93015912526692
H            3.67848241743899       -0.90973409975071        0.16174848480072
O           -1.21644700288509        2.56509409745803        0.31554777195015
H           -1.10327200374303        3.42739608384815        0.73319518013598
H           -0.44053570007120        2.41748324335142       -0.23564262054566
O           -2.17354772663204       -0.31924653555696        0.33371908513327
H           -2.86901418330225       -0.36897287935317        0.99705747330788
H           -1.95717198285369        0.61909236696739        0.27601269196605
O           -0.55572235329329       -2.86223775199351        0.36309180249819
H           -0.17840701520325       -2.00482748556419        0.15800910081264
H           -1.50715842931685       -2.71719260737180        0.35087830469311
12
 energy: -20.297291630316 gnorm: 0.009392511386 xtb: 6.7.1pre (5071a88)
O            3.77850463331045        0.03299018785101        0.32698598256756
H            4.52910197555040        0.10239318701881        0.92796247112959
H            3.65193579892800       -0.90077979573151        0.14761020568366
O           -1.22876937572558        2.47048912628832        0.28440802052072
H           -1.12116918578336        3.32162031674321        0.71240577117842
H           -0.44584258009247        2.32296900750590       -0.25049298759954
O           -2.14212337676834       -0.25417158283477        0.36090902530407
H           -2.86632836257218       -0.31439934603997        0.99075672956374
H           -1.91486316609531        0.68341768528302        0.34168404413416
O           -0.55843372890369       -2.82394992880288        0.34014942785397
H           -0.17646272975923       -1.95984413198364        0.17545328684122
H           -1.50554990202404       -2.68073472527022        0.33880514292501
12
 energy: -20.297468328214 gnorm: 0.012274258109 xtb: 6.7.1pre (5071a88)
O            3.77424698041537        0.03467409197658        0.33276418674498
H            4.52460815006847        0.09589110353968        0.92856461829390
H            3.64659527082746       -0.89792422982293        0.14042107087027
O           -1.23594490114785        2.44326616459287        0.26368558029868
H           -1.12499274873943        3.28158475311909        0.71569907547268
H           -0.43850995855812        2.29424041690318       -0.25176083146959
O           -2.12707021890437       -0.25313626128029        0.39731218777642
H           -2.88723298947264       -0.28454382951619        0.98291367022022
H           -1.88348532747513        0.67069267708271        0.34088848760086
O           -0.55789623874851       -2.79727123320829        0.33553190243622
H           -0.18257299896102       -1.92569809375651        0.18861156233586
H           -1.50774501923989       -2.66177555960229        0.32200560952200
12
 energy: -20.297528597826 gnorm: 0.013735235082 xtb: 6.7.1pre (5071a88)
O            3.76384905359193        0.03747466533483        0.34414887540613
H            4.52085715564035        0.08379354638518        0.92462821228748
H            3.63164300693539       -0.89257573829258        0.13098035035553
O           -1.23784926922347        2.41828366148215        0.23095150352848
H           -1.11480248318384        3.23221697607739        0.72559479233974
H           -0.42231526177605        2.26594801076174       -0.25732609703062
O           -2.14563538011989       -0.27608871550040        0.41620626561328
H           -2.92298219268324       -0.26474411175701        0.97305222131764
H           -1.81174886879019        0.63594137225877        0.36868583472318
O           -0.55583913611733       -2.75148783750231        0.31161346749907
H           -0.19720881677292       -1.85966227043548        0.22211177125997
H           -1.50796780743704       -2.62909955878422        0.30598992280270
12
 energy: -20.297836327712 gnorm: 0.008655971041 xtb: 6.7.1pre (5071a88)
O            3.75220752864529        0.03699199245399        0.35064306275560
H            4.52821114992623        0.07392258537558        0.91528813672683
H            3.61111774535325       -0.88968795346483        0.13327541476519
O           -1.21297855666381        2.40508739438128        0.23298956473935
H           -1.10964479084561        3.22348033695659        0.72935059779295
H           -0.40704913188082        2.27765836089946       -0.27502020748521
O           -2.13373734523848       -0.28478279381723        0.44090956361824
H           -2.93386531542269       -0.27308369001217        0.97325802829404
H           -1.84064925809605        0.63002438315023        0.35735130940831
O           -0.55031503380989       -2.73700806486341        0.31032553480146
H           -0.20004647666969       -1.84364214675483        0.22341848258134
H           -1.50325051523393       -2.61896040427657        0.30484763210451
12
 energy: -20.297990114161 gnorm: 0.007854824060 xtb: 6.7.1pre (5071a88)
O            3.73830533951047        0.03540043276246        0.35915298855519
H            4.53294948252693        0.06467966974385        0.90215271287784
H            3.58998210734950       -0.88672644106247        0.13664168347459
O           -1.18846454255403        2.38028901480422        0.22366269314108
H           -1.09927334786006        3.19495648872420        0.72821854790179
H           -0.38499471006608        2.27242666552848       -0.29262771236823
O           -2.14810498209633       -0.29668387789111        0.45792919578147
H           -2.93910339043247       -0.26117923407747        0.99262116709135
H           -1.85555788512430        0.61553578248113        0.35003332674232
O           -0.54215474063469       -2.70881599549018        0.30377878790136
H           -0.20675675625726       -1.80978170410972        0.23457128582337
H           -1.49682657429803       -2.60010080138515        0.30050244318052
12
 energy: -20.298137470837 gnorm: 0.015170350884 xtb: 6.7.1pre (5071a88)
O            3.71511098965690        0.03421354478126        0.37700533257081
H            4.53696072309609        0.04493683198907        0.88252984415017
H            3.55292762909862       -0.87920987504788        0.13559172237063
O           -1.15394677903502        2.33168094218558        0.18634069311569
H           -1.07451204818512        3.12373153631582        0.72845588757571
H           -0.34121261547033        2.24680852611870       -0.32159489536653
O           -2.15859246697068       -0.31691127008230        0.51644293641672
H           -2.99087884770430       -0.22842542521201        0.99694231274601
H           -1.85403990782220        0.58729709409768        0.35371435830180
O           -0.52780609432537       -2.65045355920212        0.27691010867690
H           -0.21985397592906       -1.73404729245378        0.27292484120413
H           -1.48415660634642       -2.55962105346126        0.29137397834069
12
 energy: -20.298297437041 gnorm: 0.008840097335 xtb: 6.7.1pre (5071a88)
O            3.71481322071728        0.03423462856034        0.38224279875138
H            4.53320811531233        0.03905941448570        0.88280962756489
H            3.54892272291116       -0.87561706009452        0.12943076488207
O           -1.14204563728298        2.31177459309308        0.16292649311986
H           -1.05286712468027        3.08818710154917        0.71992181531318
H           -0.32313232816719        2.22165034242181       -0.33125282028330
O           -2.18642320009798       -0.31449413725769        0.53131483316617
H           -3.01073814481148       -0.20884362564704        1.01578957428970
H           -1.87282915770972        0.58734441732766        0.35971948170695
O           -0.51526086660267       -2.62475796940081        0.29064408124771
H           -0.21872790572932       -1.71502063040546        0.27055037047394
H           -1.47491969379629       -2.54351707460324        0.28254009986995
12
 energy: -20.298413521799 gnorm: 0.015017637401 xtb: 6.7.1pre (5071a88)
O            3.70793551713745        0.03841315931711        0.39671313588210
H            4.53438555179342        0.01859013386819        0.88028267065398
H            3.52484631566595       -0.86480079412199        0.11490120598605
O           -1.13254274512842        2.28142280428576        0.11376141133908
H           -1.01993044879307        3.02310806045817        0.71630263838136
H           -0.29253711341104        2.17693291005597       -0.34242540941781
O           -2.23476298930427       -0.29856792985404        0.54749485337800
H           -3.02809989431357       -0.17093875669843        1.05571751071605
H           -1.90543359081647        0.59461103743933        0.36294443970961
O           -0.49559023214834       -2.59678624904571        0.25708388931116
H           -0.20574039072639       -1.67671551841437        0.31323382474433
H           -1.45252997989326       -2.52526885726045        0.28062694941881
12
 energy: -20.298588006221 gnorm: 0.014943937519 xtb: 6.7.1pre (5071a88)
O            3.68509141720002        0.03795209344396        0.41297467367178
H            4.54297364634811       -0.00073043976308        0.85943645024805
H            3.48542481655383       -0.85804507580595        0.11728135496245
O           -1.10974501251360        2.24832160754809        0.09048966232798
H           -0.99769735742423        2.97573677019318        0.70877537569078
H           -0.26923836535416        2.14568717990111       -0.36096725194816
O           -2.25974103006717       -0.29931316575160        0.57943909961746
H           -3.06919174029749       -0.13186045128700        1.06398185536311
H           -1.89715579868723        0.58156705176436        0.37060545685333
O           -0.47687283460770       -2.55878379634555        0.26271024149149
H           -0.19671082968676       -1.64052898403550        0.32719330635155
H           -1.43713691140187       -2.50000278983205        0.26471689547271
12
 energy: -20.298552059881 gnorm: 0.021647005492 xtb: 6.7.1pre (5071a88)
O            3.68021423804852        0.02595294849132        0.40879950093330
H            4.53170978291034        0.01951111025723        0.84328601180684
H            3.50141238404937       -0.86764590255675        0.13739467034385
O           -1.08330239948810        2.22406671827753        0.08284969741845
H           -0.98117376945699        2.94785392451217        0.69747872738761
H           -0.25189349405790        2.12374559048165       -0.37871348650622
O           -2.28829857722491       -0.30324346815251        0.60856878685119
H           -3.12299024318075       -0.11010991284405        1.06182342139389
H           -1.91416393983759        0.56693518541630        0.36923632382998
O           -0.46500295789319       -2.53262114351019        0.25851176901997
H           -0.18244182004159       -1.61793177136381        0.34795433654273
H           -1.42406920376567       -2.47651327897883        0.25944736108089
12
 energy: -20.298813176920 gnorm: 0.010800117319 xtb: 6.7.1pre (5071a88)
O            3.67283060285881        0.02901192769546        0.41738728155166
H            4.53292737940488        0.00766208953461        0.84203238330486
H            3.48525897231941       -0.86263942726997        0.12868834914082
O           -1.08819815339240        2.21931458468184        0.05624412636259
H           -0.96890568045166        2.92057517553787        0.70810897114750
H           -0.23844973518984        2.10541804747908       -0.37762960713726
O           -2.29517281566081       -0.29038532277134        0.60579947192007
H           -3.11902505407719       -0.11788133673088        1.06915149478941
H           -1.93712897391026        0.58164212342498        0.37603640878172
O           -0.45836527297979       -2.51990407366929        0.26301659712136
H           -0.16900203682813       -1.61185761036025        0.35192653297997
H           -1.41676923203190       -2.46095617752169        0.25587511013969
12
 energy: -20.298473581332 gnorm: 0.029276213346 xtb: 6.7.1pre (5071a88)
O            3.65815511314636        0.03756495687143        0.44121673153350
H            4.53749116855466       -0.02875356421908        0.84354934504653
H            3.44316172394821       -0.84787980698260        0.10134891726230
O           -1.05901613707088        2.18571340128601        0.05998939549328
H           -0.95278251032705        2.89481545206679        0.67795435341471
H           -0.22205932873577        2.06328950954989       -0.38584276036487
O           -2.32749032668878       -0.28194797946222        0.60673959399739
H           -3.12758179986095       -0.11231744691100        1.08878384107978
H           -1.96355476985368        0.58464565064610        0.37943081184321
O           -0.44138644425635       -2.48838792967916        0.24497874926316
H           -0.14571695383105       -1.57806620550013        0.39358970649896
H           -1.39921973496389       -2.42867603763538        0.24489843503462
12
 energy: -20.298999724091 gnorm: 0.012806124757 xtb: 6.7.1pre (5071a88)
O            3.65619691614756        0.03148501154718        0.43786780417850
H            4.53269368858128       -0.01531336184371        0.83292754699993
H            3.45166153873117       -0.85329356125579        0.11461853139480
O           -1.06068828320191        2.18715021660924        0.02989335866265
H           -0.93466021413517        2.86709651246266        0.70200725240274
H           -0.20643547748063        2.06035181260477       -0.39129110842552
O           -2.34225210238422       -0.29964727898251        0.62964803195530
H           -3.15961857223201       -0.09375160671360        1.08848735361521
H           -1.96133932473920        0.55660951259542        0.36247970982964
O           -0.43618841889407       -2.46934532234925        0.24789776525213
H           -0.14571438857655       -1.56185131019581        0.39335849634431
H           -1.39365536175583       -2.40949062444765        0.24874237789278
12
 energy: -20.298852669786 gnorm: 0.019605206219 xtb: 6.7.1pre (5071a88)
O            3.65337476063405        0.02128788332348        0.42834065327760
H            4.52895612579500        0.00953595802100        0.81816178217686
H            3.46833678132933       -0.86591305365116        0.13964428804736
O           -1.06400831211738        2.17419506855751        0.04703114994150
H           -0.94834956896838        2.86716902919418        0.69530311851213
H           -0.21951631788096        2.04160359215302       -0.38693098679411
O           -2.33334820326065       -0.28284987616335        0.61445639012964
H           -3.16214164771149       -0.10947822807640        1.06516074821283
H           -1.96644436839434        0.57658938859095        0.37635175670212
O           -0.43692429824517       -2.46596968505588        0.27038034833104
H           -0.12670164715909       -1.57528926992280        0.37624085497164
H           -1.39323330396037       -2.39088080693965        0.25249701659368
12
 energy: -20.299238299539 gnorm: 0.006130378263 xtb: 6.7.1pre (5071a88)
O            3.64086138011159        0.02394372782545        0.44425476161080
H            4.52872906862012       -0.00907542143660        0.81244447470586
H            3.44220847433226       -0.85805111610513        0.12723629335784
O           -1.04820949720559        2.15031091638173        0.01970178292647
H           -0.91972248077373        2.81981401704141        0.69698374245474
H           -0.19524075696889        2.00843521663191       -0.39729993541178
O           -2.36377613890325       -0.29204233438851        0.63639634406978
H           -3.18931691756817       -0.08789399553224        1.08090872685341
H           -1.98238859712094        0.55684535986331        0.36540890596819
O           -0.42257418193768       -2.42758123380362        0.25315191490192
H           -0.11141103762670       -1.53363740653304        0.41626771863459
H           -1.37915931489913       -2.35106772991332        0.24118239003055
12
 energy: -20.299425495878 gnorm: 0.015329838576 xtb: 6.7.1pre (5071a88)
O            3.62219427061172        0.02416579483334        0.46625328579468
H            4.52401276660116       -0.02907129936925        0.80103868736561
H            3.41054261368349       -0.84969610950477        0.11341761290607
O           -1.02164313032442        2.10204264547334       -0.01243068465832
H           -0.87902576948037        2.74177150677757        0.69464923005355
H           -0.16238399021272        1.93971750647065       -0.41157026951806
O           -2.41685295851644       -0.30236410538057        0.66182169801734
H           -3.24249655378877       -0.06162291203896        1.09182544405373
H           -2.01437290256286        0.52848794880887        0.34938497137705
O           -0.39875117343252       -2.35818150970042        0.24266313369382
H           -0.06985286267410       -1.47704763994140        0.45639887015926
H           -1.35137030984530       -2.25820182639630        0.24318514085767
12
 energy: -20.299710664570 gnorm: 0.016866685127 xtb: 6.7.1pre (5071a88)
O            3.60898608002138        0.01897193466188        0.47717312640075
H            4.51897307834634       -0.02747606469082        0.78444453308290
H            3.39728074674505       -0.85174723661220        0.11721930178933
O           -1.00720677477298        2.06168004086826       -0.02132513008632
H           -0.85244812259096        2.68470889813989        0.69669420486608
H           -0.15257153154398        1.87692846862447       -0.41803350148388
O           -2.45520841666791       -0.31358256725938        0.66301112474139
H           -3.27868092298494       -0.06229089572248        1.08505107847931
H           -2.04325315265905        0.50510178063122        0.33355651417286
O           -0.38292435619787       -2.29736136084869        0.24402075186101
H           -0.01877856542402       -1.43428393029778        0.49597654244045
H           -1.33416806221299       -2.16064906746171        0.23884857383851
12
 energy: -20.300237554773 gnorm: 0.020972386794 xtb: 6.7.1pre (5071a88)
O            3.59164597446868        0.00783066802588        0.48927004953165
H            4.50893967761998       -0.00846222499984        0.75625762816720
H            3.38813044397390       -0.86360362676608        0.13085526416490
O           -1.00280291841704        2.00902101320577       -0.00286089261288
H           -0.82376644563000        2.62031002652494        0.70453183909865
H           -0.16378205180657        1.76806755155965       -0.40533495077681
O           -2.50408597886501       -0.34832156742267        0.63198694234848
H           -3.32757327506479       -0.09662229780750        1.03806542071403
H           -2.08320475195936        0.45184233163405        0.29064053908669
O           -0.36207049065708       -2.19799032473447        0.26440446912544
H            0.08499779823207       -1.38240694512155        0.52471608656071
H           -1.30642798183803       -1.95966460406474        0.27410472469429
12
 energy: -20.300441919744 gnorm: 0.031306770032 xtb: 6.7.1pre (5071a88)
O            3.54637974744776       -0.00922898153365        0.50917500892552
H            4.50297034609342        0.00318984254047        0.70205907080704
H            3.35297056449723       -0.87522985844591        0.16055791977999
O           -0.98958527085694        1.92985608211793       -0.03264003624642
H           -0.77443882841359        2.49825512308535        0.71899761415686
H           -0.15902056390263        1.65844125723945       -0.43008836589848
O           -2.54357003352784       -0.34380136556502        0.64469474777063
H           -3.38634913390005       -0.07439797841441        1.01306433126509
H           -2.11294547797038        0.44143772213577        0.29021749604238
O           -0.32530690446371       -2.09725581123047        0.27242279116057
H            0.15416901404081       -1.30740067551714        0.56052970501440
H           -1.26527345898863       -1.82386535637780        0.28764683732464
12
 energy: -20.300474100002 gnorm: 0.030420793437 xtb: 6.7.1pre (5071a88)
O            3.55716269820443       -0.00521320673531        0.50923201733208
H            4.48541880401330       -0.00312086418650        0.73101045914391
H            3.37507416171255       -0.86880426845524        0.13185541124151
O           -0.99589814365290        1.89541024069579       -0.03923290656927
H           -0.77609927124087        2.45581623392817        0.72611693368793
H           -0.17563545740683        1.63752974637448       -0.45001686636585
O           -2.54282795910076       -0.33249678944127        0.64826868718473
H           -3.40133717072450       -0.05081618112517        0.99613733189369
H           -2.10568226720413        0.45369559877815        0.30016905258162
O           -0.30787112463077       -2.06968673700562        0.28248019751150
H            0.13385465167053       -1.27260157035587        0.54316403790246
H           -1.24615892158470       -1.83971220243695        0.31745276455777
12
 energy: -20.300652694341 gnorm: 0.029277619314 xtb: 6.7.1pre (5071a88)
O            3.55251366343211       -0.00454871446934        0.51940614366001
H            4.47991081789986       -0.00942558833462        0.73154870099022
H            3.36579413934328       -0.86586948314138        0.11934310051225
O           -0.98190895401807        1.87249148837177       -0.04674522406151
H           -0.78189394931293        2.44596423346632        0.68107051644800
H           -0.13250751441190        1.58229339283940       -0.41650137750332
O           -2.59508997075895       -0.35357010777811        0.64411808500443
H           -3.43002203035288       -0.04297906010449        1.00941485102668
H           -2.13367042021441        0.42020951121502        0.26945098200380
O           -0.30073349749931       -2.03099571515388        0.27075130049616
H            0.18394901576397       -1.25313640880777        0.57693073083839
H           -1.22634129981619       -1.76043354806786        0.33784931068708
12
 energy: -20.301031138381 gnorm: 0.018643583924 xtb: 6.7.1pre (5071a88)
O            3.54016081690312       -0.01287738466382        0.52072411204561
H            4.48895301227865        0.00421481355059        0.70322053765017
H            3.35181756240987       -0.87606229547137        0.14614768361064
O           -0.97410413885151        1.86119829247264       -0.03408189087548
H           -0.76426710698058        2.42899759731099        0.70455744388306
H           -0.15985483292787        1.59115410802195       -0.45205469227741
O           -2.59743366101481       -0.35504445482229        0.62370854267947
H           -3.42080014570167       -0.06958975605286        1.00054187069143
H           -2.14469717878818        0.42551242312336        0.27413620814917
O           -0.29542744479815       -2.01372690900544        0.28933353987277
H            0.19804425456323       -1.24252340457312        0.58314405117494
H           -1.22239113703735       -1.74125302985563        0.33725971349773
12
 energy: -20.300869126731 gnorm: 0.029141227265 xtb: 6.7.1pre (5071a88)
O            3.53652592494872       -0.01707809106543        0.52660445450615
H            4.47991391884296        0.00912585682905        0.69792355347273
H            3.35170854902835       -0.87657554245080        0.14404083352178
O           -0.99107997997067        1.82918211903256       -0.06664659898951
H           -0.72462098341648        2.35470645040987        0.71482651222810
H           -0.16745496328678        1.50507473588627       -0.45282197348788
O           -2.60704029694535       -0.35120420540824        0.63093226483159
H           -3.46477207342819       -0.06901551609405        0.96065544406606
H           -2.17089958047734        0.42631871257167        0.27836655596450
O           -0.27794737459166       -1.95032961472731        0.31356585705253
H            0.24223036823240       -1.19832028322945        0.61741146364077
H           -1.20656350888229       -1.66188462171839        0.33177875329494
12
 energy: -20.301324790404 gnorm: 0.013440256300 xtb: 6.7.1pre (5071a88)
O            3.52632994290898       -0.02052014908709        0.53087762656956
H            4.47453722653187        0.01097849743549        0.69294774741208
H            3.34888575564545       -0.88013460836800        0.14402450517307
O           -0.97159738939778        1.80258451997028       -0.05696854372644
H           -0.74169582865313        2.34894211751365        0.69672150261414
H           -0.15508573940353        1.50718356861781       -0.46262790474250
O           -2.62102993464802       -0.36033261906078        0.63458083435724
H           -3.47785299532162       -0.05128801858012        0.96070375998736
H           -2.16160790069500        0.41237865651333        0.27153630676108
O           -0.26538177160673       -1.93334425459318        0.30824170850524
H            0.23527935660248       -1.17665532339172        0.61388998376798
H           -1.19078072190917       -1.65979238693396        0.36270959342304
12
 energy: -20.301321399330 gnorm: 0.015917508651 xtb: 6.7.1pre (5071a88)
O            3.52187745275640       -0.02234176150771        0.53566539187813
H            4.46761080226615        0.01324367182298        0.69293422831459
H            3.34898849795107       -0.88208141492205        0.13818024439497
O           -0.96904415740277        1.79907157607607       -0.05664855153495
H           -0.72218924862530        2.33934235143906        0.69595574551860
H           -0.15911742555943        1.48582226956191       -0.46563525451816
O           -2.65211588028779       -0.36754966543886        0.60906177392880
H           -3.47865357543901       -0.07164339179415        0.96612284390979
H           -2.18921632193903        0.40579069039722        0.25346693265583
O           -0.25431276566556       -1.91160456624107        0.30826233678292
H            0.26018469074777       -1.16418595314926        0.62681039523036
H           -1.17401206874908       -1.62386380620824        0.39246103354105
12
 energy: -20.301706625573 gnorm: 0.007115599124 xtb: 6.7.1pre (5071a88)
O            3.49877920571465       -0.02889370303008        0.53903188121854
H            4.44573132498402        0.01311406567855        0.68957571064616
H            3.32431520630648       -0.88740052594050        0.14368234428863
O           -0.96692743638964        1.80134902570791       -0.05484357174558
H           -0.70270791883458        2.34020884209717        0.69376880132204
H           -0.16501199111346        1.48488280428051       -0.47811096434731
O           -2.63156731993939       -0.36758561476144        0.61260259455871
H           -3.48292133355358       -0.08790345062886        0.94569032513049
H           -2.18174186488492        0.41906126999932        0.26797253717277
O           -0.24040499641318       -1.88976304572314        0.27916611367285
H            0.26771984035084       -1.16927210115630        0.66651540940140
H           -1.16526271617387       -1.62779756648749        0.39158593878317
12
 energy: -20.301913579277 gnorm: 0.025056523448 xtb: 6.7.1pre (5071a88)
O            3.44819825059558       -0.04199940060602        0.54505659131960
H            4.39801488345066        0.00811958865433        0.67830032246736
H            3.26356535302194       -0.89853101652357        0.15630841682246
O           -0.96800270194381        1.81635557217746       -0.05342369348792
H           -0.65298518377253        2.33931206605672        0.69074944377083
H           -0.19130969945361        1.47156962542922       -0.50632180544313
O           -2.58133626114001       -0.36481838488419        0.64637564953556
H           -3.49568558049671       -0.11894331727824        0.88867875227916
H           -2.16051853301766        0.44160071627998        0.30477756835380
O           -0.20689935194655       -1.86449369230871        0.27575161270458
H            0.28623987208762       -1.17021898656492        0.73022054694897
H           -1.13928104733172       -1.61795277039676        0.34016371483039
12
 energy: -20.302307462453 gnorm: 0.012302304611 xtb: 6.7.1pre (5071a88)
O            3.42681223588579       -0.04627537157595        0.54912763987651
H            4.37787704232372        0.00297906930196        0.67300420889248
H            3.23553371873776       -0.90226102272099        0.16192729831000
O           -0.96773052766629        1.82237703153671       -0.05529865584879
H           -0.63723335825263        2.33540224062966        0.68962998246065
H           -0.19992552604175        1.46367584828920       -0.51330423931594
O           -2.59220054173181       -0.37261575253285        0.61123841132444
H           -3.46971935800652       -0.11312155490292        0.91489097560954
H           -2.14897137652449        0.44075714989587        0.31418383699076
O           -0.19394243492116       -1.85166397599273        0.26911030639677
H            0.29633578464055       -1.16929108060386        0.74372448995294
H           -1.12683565839006       -1.60996258128896        0.33840286545222
12
 energy: -20.302690415052 gnorm: 0.006493478954 xtb: 6.7.1pre (5071a88)
O            3.38007151850370       -0.05398455764218        0.55664699944332
H            4.33370072111285       -0.01049992633725        0.66046144563043
H            3.17281668648249       -0.90909613699995        0.17349909094216
O           -0.96653795594697        1.82493254181649       -0.05180680617059
H           -0.60596887882194        2.33112686437779        0.68377947144230
H           -0.21733338039460        1.45038020372196       -0.52812961782066
O           -2.57831649349468       -0.37464853618613        0.60616474408841
H           -3.44838605569934       -0.11177854606314        0.91275747493935
H           -2.13211885956279        0.44034009031049        0.32055244729681
O           -0.16137896784001       -1.82831590255339        0.26360070714080
H            0.31978231677938       -1.16112514522809        0.75856225832900
H           -1.09633065106516       -1.59733094918175        0.34054890483996
12
 energy: -20.303144383827 gnorm: 0.036044912789 xtb: 6.7.1pre (5071a88)
O            3.22728763142536       -0.07770096359570        0.58333410615590
H            4.18860287119239       -0.05703608065100        0.62324963981916
H            2.96903102774207       -0.92796950556265        0.20936624288903
O           -0.95801748747450        1.83123419483381       -0.04607601810855
H           -0.51414580634953        2.31577242000815        0.66131869942474
H           -0.26392039305360        1.40663566694407       -0.56843780520517
O           -2.52611009267971       -0.37888526447452        0.60953292716401
H           -3.39185464559016       -0.11790109731227        0.89255715060260
H           -2.08166718902082        0.44014247720763        0.34158031380609
O           -0.05023800746152       -1.73361333649483        0.20155277817903
H            0.39519514891221       -1.14851934906351        0.85940943601511
H           -0.99416305758977       -1.55215916180544        0.32924964935857
12
 energy: -20.304385879634 gnorm: 0.014936961391 xtb: 6.7.1pre (5071a88)
O            3.15101178248092       -0.08915149470475        0.59129238967133
H            4.11329923311243       -0.08351725872854        0.61224448142984
H            2.87582754178001       -0.93449432258897        0.21598551560800
O           -0.94195678561777        1.82616471499297       -0.05109538498024
H           -0.49369778550729        2.30768958297390        0.64682071040248
H           -0.25807527166125        1.39374534936392       -0.57051846607540
O           -2.49895007754758       -0.37889349259544        0.61875830857624
H           -3.37607306541551       -0.13144948595214        0.88088044696542
H           -2.06340184300258        0.44394402225784        0.34913284319115
O            0.00080199690236       -1.71317314430242        0.23881973779593
H            0.43547420551553       -1.11608932994055        0.84478285693113
H           -0.94425993098714       -1.52477514074236        0.31953368058422
12
 energy: -20.305802077561 gnorm: 0.013803201863 xtb: 6.7.1pre (5071a88)
O            2.99300157364963       -0.11735820280550        0.61159025688886
H            3.95492448429425       -0.12997542491202        0.59941206392941
H            2.69226430281893       -0.94900902988604        0.22652766331212
O           -0.91858142124686        1.83539614697230       -0.05933458089298
H           -0.41081419173289        2.28771331683788        0.62481909017210
H           -0.27854472981178        1.35137249175810       -0.60046181694962
O           -2.43983026290115       -0.38313789740960        0.63472981758371
H           -3.34859279058303       -0.16998177162634        0.84031567446386
H           -2.01836096344098        0.45957993326649        0.39050816276537
O            0.10886138830038       -1.63500720001267        0.23669189009573
H            0.50952347725319       -1.07545470159271        0.89751301450799
H           -0.84385086654811       -1.47413766055732        0.29432588422278
12
 energy: -20.305918642505 gnorm: 0.045601542918 xtb: 6.7.1pre (5071a88)
O            2.81524908577388       -0.15003124008525        0.63156595503249
H            3.76731548282314       -0.18628768308322        0.61195551214633
H            2.50619247442898       -0.95562141926955        0.21275540904844
O           -0.87374907316282        1.83278163094170       -0.08333329987468
H           -0.35426827354037        2.26080757443938        0.59367916392204
H           -0.25852143983917        1.31540316102575       -0.60872451868172
O           -2.36419620770179       -0.38598012537432        0.68633079492484
H           -3.34432467410185       -0.23303353358021        0.76473689547383
H           -1.97552838364301        0.47465606002322        0.43456153818246
O            0.23006212356128       -1.53127300488350        0.21412540375381
H            0.58325102260353       -1.02640267391266        0.96979535966442
H           -0.73148213715084       -1.41501874620974        0.26918890650641
12
 energy: -20.306826194769 gnorm: 0.024173691610 xtb: 6.7.1pre (5071a88)
O            2.75890853268670       -0.15582044611099        0.64515509853531
H            3.72105714886531       -0.21839164747756        0.58781046273563
H            2.40347899513330       -0.95859405251482        0.23309015884027
O           -0.87127523197380        1.82905835576086       -0.07112499686057
H           -0.30087519982405        2.25473556182506        0.58842552866857
H           -0.28426785672458        1.29293883298392       -0.63521662867371
O           -2.36472095769346       -0.39329129086039        0.64296800947604
H           -3.28461875114834       -0.21088000097756        0.82076646485089
H           -1.95978185098006        0.46731054746990        0.42090060621640
O            0.26542157937429       -1.51096011729719        0.23248774914488
H            0.61423962372407       -1.00546658126914        0.97627420953652
H           -0.69756603138871       -1.39063916150086        0.25510045762796
12
 energy: -20.306665888522 gnorm: 0.024263912217 xtb: 6.7.1pre (5071a88)
O            2.86019850973876       -0.14260211574848        0.63131692754821
H            3.80954011963669       -0.20628033124849        0.64555310819747
H            2.54216336566360       -0.92995271147201        0.17880908173624
O           -0.85657186640165        1.80503508074066       -0.08055089453864
H           -0.36546472604831        2.25720671544045        0.59773136440737
H           -0.22211487596118        1.32917682073141       -0.60884273613815
O           -2.40438695045528       -0.39243363046224        0.63183142904707
H           -3.30005540734461       -0.19134250602729        0.86590483228588
H           -1.99520094260030        0.45046774227216        0.37242991117665
O            0.17331326839568       -1.55324411161179        0.24667673467817
H            0.53916439846053       -1.01309958518639        0.94092220697593
H           -0.78058489303284       -1.41293136739617        0.27485515472247
12
 energy: -20.307565049128 gnorm: 0.017024067707 xtb: 6.7.1pre (5071a88)
O            2.77335778497716       -0.15296646628106        0.64940710322248
H            3.72387968023386       -0.26976138538061        0.64718829484910
H            2.40444413627247       -0.91403051130971        0.17309408416238
O           -0.82410032086645        1.80354239114745       -0.09651568693107
H           -0.31236905879569        2.23359142698775        0.58199679816177
H           -0.20942758556339        1.29765084651021       -0.62337293689917
O           -2.35620040227881       -0.38965792422466        0.65788522650852
H           -3.28717887440290       -0.22005819561264        0.83182943439762
H           -1.97019536617575        0.45909558762825        0.38355057757663
O            0.22973528909677       -1.48886013543837        0.23603871479433
H            0.55871688066449       -0.97110753533895        0.97842061310715
H           -0.73066216311100       -1.38743809865647        0.27711489714839
12
 energy: -20.307701497049 gnorm: 0.020979034973 xtb: 6.7.1pre (5071a88)
O            2.75221530936213       -0.16042159182570        0.65563191330647
H            3.70339359899275       -0.28975032070523        0.65140891434789
H            2.37120211876076       -0.90605796945851        0.16967223443909
O           -0.80774787124074        1.81014924001194       -0.10460115512485
H           -0.25932648858243        2.21101693256662        0.58313086475796
H           -0.21383630340875        1.25725393338366       -0.63719007153239
O           -2.34024071678519       -0.38103038094541        0.66307243257324
H           -3.28106832586549       -0.22475949425828        0.81462596284101
H           -1.96529117148973        0.47031834120880        0.38335153072789
O            0.23280572803539       -1.46095614945985        0.24438580371130
H            0.54061148754522       -0.94746286806753        1.00810475566442
H           -0.73271736527327       -1.37829967241963        0.26504393438586
12
 energy: -20.307968770534 gnorm: 0.010747484591 xtb: 6.7.1pre (5071a88)
O            2.70849809490174       -0.17050489049107        0.66349232922262
H            3.65732772652049       -0.31920742209468        0.65795441248091
H            2.31382379303312       -0.89845805923838        0.16247087007263
O           -0.77664968459996        1.78998940662825       -0.11346456611603
H           -0.23877477886635        2.20020967975470        0.56783447491882
H           -0.18128464497558        1.24462618444229       -0.63961433155533
O           -2.33182435221097       -0.38027950753040        0.65640494229848
H           -3.27173648134243       -0.23201490658032        0.81033030285663
H           -1.95326753900996        0.47626726333186        0.38985842649839
O            0.24376656816021       -1.43476525923235        0.25896571529694
H            0.54851635087823       -0.92741664725111        1.01853065358764
H           -0.71839505243805       -1.34844584170821        0.26387389053592
12
 energy: -20.307927567924 gnorm: 0.021963839604 xtb: 6.7.1pre (5071a88)
O            2.77095317351884       -0.15657751852654        0.66773488467410
H            3.72264408117087       -0.35328062460055        0.66022736687798
H            2.33177387501813       -0.86250236342797        0.15825150562216
O           -0.74742717729980        1.76361224595675       -0.11871363724352
H           -0.23522748878773        2.18975768375398        0.56661213576792
H           -0.13587830126899        1.22815704747924       -0.62687917228043
O           -2.36443454238007       -0.37093443188775        0.63833415591530
H           -3.28571614728692       -0.20635884282661        0.82169407212268
H           -1.96510790179167        0.47668634025585        0.37397107968146
O            0.18602901589103       -1.43802226793092        0.26588995840273
H            0.49501338793906       -0.92107328579408        1.01168958976177
H           -0.77262197467205       -1.34946398242073        0.27782518079561
12
 energy: -20.308207791635 gnorm: 0.014908012188 xtb: 6.7.1pre (5071a88)
O            2.73892241090732       -0.17510286429884        0.66840095428543
H            3.68178244631318       -0.34219607267756        0.66805468910305
H            2.33177310534532       -0.87427116944194        0.15518034535156
O           -0.71937677153776        1.74634055879688       -0.12723241841759
H           -0.20849053006979        2.17118941917753        0.55853681568460
H           -0.11022180156184        1.19499998632358       -0.62139707389723
O           -2.36606225115418       -0.36439344185031        0.63632898801415
H           -3.28217547085242       -0.19148480099581        0.81898290527047
H           -1.96004496231402        0.47432682723491        0.36077343173296
O            0.19082582676896       -1.40690157748757        0.26955076897203
H            0.47660663786592       -0.89222525947281        1.03383663783440
H           -0.77353863966011       -1.34028160527770        0.27562107616377
12
 energy: -20.308498560964 gnorm: 0.013890537821 xtb: 6.7.1pre (5071a88)
O            2.68995748014491       -0.18592928330606        0.68220510956049
H            3.62701501419387       -0.38932126883007        0.67603589805807
H            2.24974453238443       -0.85823061341893        0.14579031645989
O           -0.68435255696739        1.74011810129692       -0.14488689030031
H           -0.15436945033217        2.14041541582056        0.54850333622548
H           -0.09133112242387        1.13180027216006       -0.61480684084378
O           -2.34506266280235       -0.34657503936688        0.65576222303276
H           -3.28595694867130       -0.18753616487313        0.78167697521386
H           -1.95140711577389        0.48835355457136        0.35753994964003
O            0.21392907093417       -1.36063989437451        0.27348498763644
H            0.48334950354226       -0.86160217317226        1.05380848355886
H           -0.75151574417823       -1.31085290647723        0.28152357185543
12
 energy: -20.308802225829 gnorm: 0.011933438124 xtb: 6.7.1pre (5071a88)
O            2.70500293164769       -0.18556477215235        0.68948171751894
H            3.64075775539920       -0.41492474434942        0.66712471070322
H            2.23545688607408       -0.84109862945497        0.15418056066747
O           -0.64821454869546        1.70392634644287       -0.14464890395398
H           -0.12387883065152        2.11960836443237        0.54407573581060
H           -0.05326466666509        1.10145420346513       -0.60854039208859
O           -2.36553501046192       -0.33162589220499        0.64938057653125
H           -3.30387345139585       -0.16553487630767        0.77066975119872
H           -1.95948463268433        0.49870104396387        0.35110996484765
O            0.19048373480922       -1.34241009569729        0.28301849961714
H            0.45671938510830       -0.85051453807569        1.07074546202518
H           -0.77416955243386       -1.29201641003221        0.27003943721965
12
 energy: -20.309167046191 gnorm: 0.016712497723 xtb: 6.7.1pre (5071a88)
O            2.74303028206785       -0.18926278046269        0.70352666684824
H            3.67268728777303       -0.44750028892165        0.63508884818884
H            2.22869991901704       -0.81838246717056        0.18790645174263
O           -0.57071511470173        1.63391970077215       -0.15241957108197
H           -0.06056206883959        2.07359985775645        0.53368772553957
H            0.02828050617418        0.99557638211875       -0.56666056091398
O           -2.42296079348382       -0.28884475333225        0.63851657716646
H           -3.35549905708657       -0.09296398512946        0.73354993421694
H           -1.97731057161814        0.52139563909953        0.33308621411897
O            0.13279640730251       -1.30292540939433        0.28613221431977
H            0.40723939708948       -0.82954085261137        1.07056702519086
H           -0.82568619364367       -1.25507104269538        0.29365559476100
12
 energy: -20.309528215102 gnorm: 0.018299355340 xtb: 6.7.1pre (5071a88)
O            2.74028457990944       -0.19904878029252        0.71995954158990
H            3.65579207647148       -0.49692068862347        0.62244286686430
H            2.17925790858753       -0.79290236187761        0.20020390618975
O           -0.49514391072861        1.56781173349401       -0.16415081875560
H            0.00171489474125        2.02710792141656        0.51598967214850
H            0.10209149157855        0.88953750057739       -0.52346723685320
O           -2.46144367303354       -0.25327010922252        0.63158347678739
H           -3.38907481763510       -0.02211381401572        0.69260134047270
H           -1.97453669393903        0.53445627782683        0.31738608851820
O            0.12291128423131       -1.24026630550721        0.29417358378686
H            0.36404267713182       -0.78777344694887        1.11588848331405
H           -0.84589581726456       -1.22661792679830        0.27402621603448
12
 energy: -20.309576779592 gnorm: 0.022465644331 xtb: 6.7.1pre (5071a88)
O            2.73534925111101       -0.20564598014864        0.71833548493847
H            3.63956014804902       -0.47547006926501        0.61530910161191
H            2.19471564249430       -0.81073407629057        0.20871938571851
O           -0.50666425386184        1.55339308025328       -0.14884942851962
H           -0.00163278636685        2.02654207993914        0.51983428499787
H            0.08147615298977        0.88855311162112       -0.51178497098004
O           -2.47142766173198       -0.23913219400427        0.63973167693574
H           -3.39839079780259        0.02628682259212        0.66804929600479
H           -1.96678174458285        0.52790190716790        0.30653928053025
O            0.13997906471854       -1.24670038389657        0.28979864293671
H            0.38471310863356       -0.81219298469735        1.12321910196089
H           -0.83089612359951       -1.23280131324260        0.26773526396198
12
 energy: -20.309953243437 gnorm: 0.016129386278 xtb: 6.7.1pre (5071a88)
O            2.73084401327225       -0.20563993523995        0.72311997277935
H            3.63475900551319       -0.48931937185036        0.60016110066758
H            2.17375268917753       -0.80776947938821        0.22238473922590
O           -0.50258072534892        1.56468441306584       -0.16420759847492
H           -0.00238558872634        2.02741808455827        0.51205356350803
H            0.08386098333745        0.85202580310921       -0.48346956839682
O           -2.46663581151279       -0.22334253524758        0.62898272728053
H           -3.38956102878294        0.04176028805064        0.66027765740881
H           -1.96330200240648        0.54364027411170        0.30017120848370
O            0.13747447297609       -1.24994082169716        0.29442083831828
H            0.39169392202765       -0.82770926775863        1.12641397841773
H           -0.82791992947602       -1.22580745168533        0.27632850087928
12
 energy: -20.309936136085 gnorm: 0.018352632110 xtb: 6.7.1pre (5071a88)
O            2.72229996914316       -0.20489406150825        0.73419322266099
H            3.62280359651789       -0.52947259597369        0.57606516245963
H            2.12165132374600       -0.79119774143133        0.24246815779387
O           -0.47468161905430        1.54094371792394       -0.16221620495206
H            0.03506614289728        2.01692667880144        0.50174199242150
H            0.09766301257695        0.83034986251843       -0.48395600240357
O           -2.46937459960473       -0.20726630869027        0.61455523904386
H           -3.38865697549609        0.06570875570031        0.63276539182563
H           -1.94941515511722        0.55360900836046        0.29863011241513
O            0.13648789421775       -1.22979068260069        0.30005491417775
H            0.37716648107306       -0.81641382629479        1.13230984262251
H           -0.83101007084907       -1.22850280677742        0.31002529203200
12
 energy: -20.310304812002 gnorm: 0.010239013299 xtb: 6.7.1pre (5071a88)
O            2.72448695554811       -0.20923310890077        0.73321005044857
H            3.61880501936408       -0.52210847414185        0.57893885978950
H            2.13549138665359       -0.79676207438292        0.24058029721262
O           -0.47275935595968        1.54587334200152       -0.16865364375868
H            0.03244494704238        2.02320883774354        0.49531828730985
H            0.09712211570703        0.81713462342187       -0.46715817053228
O           -2.47275225793236       -0.19806760528453        0.59934210021765
H           -3.38616047449467        0.08117172661035        0.62321507046332
H           -1.94338422783009        0.56411331332245        0.29936667256801
O            0.13160573840878       -1.23837002007520        0.31173782142882
H            0.37082994605807       -0.83598986751874        1.15536359154333
H           -0.83572979251445       -1.23097069276759        0.29537618340663
12
 energy: -20.310466186066 gnorm: 0.020452362376 xtb: 6.7.1pre (5071a88)
O            2.72624485057007       -0.21654080488789        0.74035863065150
H            3.60981100560035       -0.53737538095539        0.55434070209617
H            2.12077752578470       -0.79581576038532        0.26415427803990
O           -0.44457833260543        1.53450259373864       -0.18083099659440
H            0.05889493015287        2.01736042241117        0.47957616211354
H            0.11199581343435        0.77046991481788       -0.43523534976180
O           -2.47756124561351       -0.16500433397720        0.59405026268015
H           -3.39414576169297        0.14316838422079        0.56985281915374
H           -1.92659567256945        0.57725494935909        0.28161744198722
O            0.11533086677012       -1.23695608753568        0.33695155989639
H            0.34961596288863       -0.86553558533974        1.20053467049782
H           -0.84978994266870       -1.22552831143850        0.29126693933707
12
 energy: -20.310843502902 gnorm: 0.012541030209 xtb: 6.7.1pre (5071a88)
O            2.72405245609723       -0.22080003815873        0.74320844503369
H            3.59615229160422       -0.54950771509458        0.53891583240025
H            2.10947236496414       -0.79575243491188        0.27688265834003
O           -0.43466427065228        1.54919821044299       -0.19019153012536
H            0.07361860189438        2.03073301877186        0.46535321342220
H            0.10132951474428        0.77163638243552       -0.42390941142758
O           -2.46460471757554       -0.14519436892346        0.56288444378374
H           -3.37136272560838        0.16651819950051        0.54076753906905
H           -1.91052904116376        0.59784598155369        0.26801381021805
O            0.10886324309235       -1.25391023726383        0.36847137107641
H            0.32513760534991       -0.90122928983279        1.24261612376697
H           -0.85746532269532       -1.24953770849154        0.30362462453979
12
 energy: -20.311276512555 gnorm: 0.016152555727 xtb: 6.7.1pre (5071a88)
O            2.72046073659491       -0.23412181462712        0.75887403191744
H            3.57038734492315       -0.59460353132112        0.49602615580330
H            2.05770933037862       -0.78273178685468        0.31673709175240
O           -0.36744937048899        1.52813743219654       -0.20634417844710
H            0.14980397137467        2.02775076119501        0.43029269882849
H            0.13090950873098        0.71172686565374       -0.38967069633414
O           -2.47544176295698       -0.09834221019010        0.51251239874659
H           -3.36757393912497        0.23392308852568        0.46706907627184
H           -1.88570407533658        0.63464843055824        0.24893595226731
O            0.08002669009153       -1.23959248001608        0.41108716719894
H            0.26884183788873       -0.93775485856950        1.31386194207182
H           -0.88197027202351       -1.24903989652347        0.33725548002016
12
 energy: -20.311614581605 gnorm: 0.016134027646 xtb: 6.7.1pre (5071a88)
O            2.72025745759508       -0.24713755459969        0.76831703140724
H            3.54924378498302       -0.62634555196090        0.44876759084447
H            2.01459422159689       -0.77624892704511        0.35954401051216
O           -0.31157414107940        1.52508249155971       -0.22156130876468
H            0.21856797640818        2.01969914271352        0.40860382572350
H            0.14568829162960        0.68669170691124       -0.36720169021117
O           -2.47356474939997       -0.05973558513050        0.48243501860695
H           -3.36224912131568        0.29343873052364        0.38165027142444
H           -1.86092163727477        0.65383139159619        0.21857137648570
O            0.05803221032158       -1.23868088935926        0.47134735959909
H            0.20685438844455       -0.96682187367615        1.37645930631481
H           -0.90492868185717       -1.26377308150595        0.36970432815435
12
 energy: -20.311923359776 gnorm: 0.017327914239 xtb: 6.7.1pre (5071a88)
O            2.69112867974026       -0.26735677994437        0.77871131511118
H            3.50035534772145       -0.65471787575098        0.42837272083935
H            1.96607829754826       -0.77319283675688        0.37977226194490
O           -0.25942456431291        1.51951457215678       -0.23822013143992
H            0.28254039977194        2.00212893662484        0.38992950435226
H            0.16142380824762        0.64664815575210       -0.33823497933478
O           -2.46065088528225       -0.02226211575772        0.46002069736329
H           -3.34670334079149        0.33195954039822        0.32477235425447
H           -1.85238423856674        0.68032014324304        0.17983164647125
O            0.04926186335508       -1.22218793644117        0.51031758009237
H            0.17399152464661       -1.00221311880423        1.44404719179377
H           -0.90561689202575       -1.23864068469339        0.37731695864859
12
 energy: -20.312003329805 gnorm: 0.018705693382 xtb: 6.7.1pre (5071a88)
O            2.67913998051830       -0.27995268485771        0.77706776037462
H            3.48384314286804       -0.64166632806472        0.42236316347538
H            1.96415802808997       -0.78353329855087        0.38863713029853
O           -0.24034563159870        1.51860607730647       -0.22680309874310
H            0.31359985273292        2.00025687599169        0.39372465336022
H            0.16245163989686        0.65070167802428       -0.32610280145971
O           -2.46409461013222       -0.02072791368474        0.43971437998310
H           -3.35030209496910        0.31159647013319        0.30420348998083
H           -1.85908578239420        0.69167086514858        0.17969791045801
O            0.04564360312081       -1.22036870229251        0.52455109209498
H            0.16557003785986       -1.02142877927703        1.46031985671502
H           -0.90057816594052       -1.20515425985048        0.35926358355913
12
 energy: -20.311970803290 gnorm: 0.026522804797 xtb: 6.7.1pre (5071a88)
O            2.69313227979640       -0.29106280262288        0.78175335359745
H            3.48174534648588       -0.64327480519230        0.35071840070083
H            1.94026332414508       -0.79315899981277        0.45731887173447
O           -0.19917375113098        1.51354544497948       -0.22739742262094
H            0.35817050173430        2.00324606087813        0.38250868497429
H            0.17201417321457        0.60189498281266       -0.25620800604747
O           -2.47987689995996        0.01730179251337        0.38333854074073
H           -3.35530785183578        0.35184302256682        0.22928771761808
H           -1.84575827675216        0.73131012438210        0.17077404091607
O            0.03435913672624       -1.22670932339159        0.56910561457771
H            0.11617239016730       -1.05777257185141        1.51172419750199
H           -0.91574037253863       -1.20716292523564        0.34371312640427
12
 energy: -20.312797342758 gnorm: 0.009646441744 xtb: 6.7.1pre (5071a88)
O            2.68767890949707       -0.24768458522959        0.74858963249957
H            3.47200768846046       -0.65035399698055        0.36358290660513
H            1.93762662277726       -0.80198800459292        0.49088019036110
O           -0.19524486228991        1.49679794111198       -0.22024312984275
H            0.37182308311713        2.00354840467385        0.36548115460649
H            0.18060457986507        0.59836223253519       -0.23672708043293
O           -2.46979327379806        0.03006670013309        0.41686466947407
H           -3.34899036744083        0.34730058095706        0.21212034213517
H           -1.84392331391338        0.72996004616306        0.15004516484424
O            0.02658522162148       -1.23404197096295        0.55889086269187
H            0.09875590985484       -1.08864468261449        1.50570786192211
H           -0.91713019769887       -1.18332266516783        0.34144454523339
12
 energy: -20.313171256478 gnorm: 0.009944096113 xtb: 6.7.1pre (5071a88)
O            2.67904586628502       -0.21790862391902        0.72557976717936
H            3.45282394449570       -0.64744839770313        0.35738080291846
H            1.92391823496172       -0.77668766494746        0.49143235650465
O           -0.18833604800298        1.47917202718555       -0.20941414884067
H            0.38516810117539        2.01275966053373        0.34701197499624
H            0.20025098945076        0.59467317218015       -0.20599055204135
O           -2.45626535474092        0.03123709678794        0.42447815084263
H           -3.33483572627203        0.33626652393462        0.17444383803930
H           -1.83691214717561        0.73671778298883        0.17553730625581
O            0.02065404895359       -1.26078995453678        0.56268276243596
H            0.06998581222198       -1.12623565513333        1.51276855685692
H           -0.91549772130037       -1.16175596734526        0.34072630495010
12
 energy: -20.313454365302 gnorm: 0.012468491525 xtb: 6.7.1pre (5071a88)
O            2.65657080497707       -0.17812519810144        0.69186931482460
H            3.42806559924614       -0.64482397823047        0.35893638352849
H            1.90044696807514       -0.75101065081602        0.48993926109536
O           -0.17419982836684        1.47117634287928       -0.19837179771648
H            0.40723604968622        2.02740014279494        0.32888445307445
H            0.22681891155429        0.59440418424400       -0.18228328993779
O           -2.44152151128601        0.02854204526711        0.42463131005365
H           -3.31631607502201        0.32619462041378        0.15671782879352
H           -1.82550376091495        0.74020440554563        0.18769039673355
O            0.01472053251795       -1.28581184170980        0.57154353419472
H            0.03882726788212       -1.18398983339340        1.52915488329108
H           -0.91514495829687       -1.14416023886783        0.33792484216222
12
 energy: -20.313785481491 gnorm: 0.019869642137 xtb: 6.7.1pre (5071a88)
O            2.60008811359509       -0.12439824654677        0.64378552411407
H            3.36052498268909       -0.60903783858499        0.33160235117848
H            1.83678546622553       -0.68464425551942        0.46408559013572
O           -0.14094581137546        1.46500337489810       -0.17185538230177
H            0.45706346610663        2.05945414029120        0.29717594866109
H            0.28669996426990        0.60151352417483       -0.14139550743938
O           -2.40645579497726        0.01837904121970        0.43062180617373
H           -3.27241815433786        0.29650557951530        0.12650665057471
H           -1.79620313192966        0.74255239204608        0.20981611115702
O            0.00503953507796       -1.33858933216977        0.59679937014882
H           -0.01892816471161       -1.31479767236375        1.56844262522992
H           -0.91125047058017       -1.11194070693480        0.34105203246483
12
 energy: -20.314210362590 gnorm: 0.020067966225 xtb: 6.7.1pre (5071a88)
O            2.54430476067751       -0.06481533339086        0.58871829247647
H            3.31077554077933       -0.59153659654323        0.33362925050522
H            1.78787651011718       -0.67585965717452        0.48513882590922
O           -0.11103584142748        1.47525351534408       -0.16635624466934
H            0.48690321806407        2.07371301806966        0.28704185661446
H            0.32114574810130        0.61179639507671       -0.13158285437409
O           -2.37954121857874        0.01411732828231        0.42441243503354
H           -3.23751116870069        0.28120398276915        0.09372816604996
H           -1.76689174570244        0.74758355546372        0.23099629900163
O           -0.00416711729883       -1.37410992603783        0.61179108756459
H           -0.03817048512112       -1.37552281495041        1.58035939030405
H           -0.91368820085795       -1.12182346688317        0.35876061568144
12
 energy: -20.314567098618 gnorm: 0.019879943444 xtb: 6.7.1pre (5071a88)
O            2.49013762329073       -0.06400529760783        0.58130354958495
H            3.26650582313106       -0.55127329612089        0.31500630542560
H            1.74436553560643       -0.68649953733327        0.48775611900637
O           -0.09853314025080        1.49822502547806       -0.15716573991298
H            0.50729750220993        2.08391447020020        0.28891245724091
H            0.33811846533390        0.63403986987250       -0.15062946377880
O           -2.35982208516201        0.01645101495280        0.44072115947115
H           -3.20861088203217        0.26316390243375        0.05525010034380
H           -1.74186868096683        0.74413748996066        0.23738648119462
O           -0.00618040630445       -1.39262022090809        0.62352341140808
H           -0.01687044947217       -1.38594869294617        1.57636254176504
H           -0.91453930533151       -1.15958472795612        0.39821019834841
12
 energy: -20.315393001450 gnorm: 0.012317776983 xtb: 6.7.1pre (5071a88)
O            2.41199638308301       -0.03131997963155        0.54045689639259
H            3.20273673551516       -0.51250280631148        0.30435754850113
H            1.68020803397611       -0.67596690360388        0.47962294155845
O           -0.08921677149082        1.51472578538849       -0.12611212024892
H            0.54629760189613        2.11794172268694        0.26895254289620
H            0.37826931767363        0.66558264106236       -0.15408724217683
O           -2.33228421224849        0.00860623248552        0.43801200367065
H           -3.16872675044294        0.24436411915236        0.02579813984947
H           -1.71143185937659        0.74046748371553        0.26031468600580
O           -0.00024147188016       -1.43374906053301        0.64505793676190
H           -0.01991591919585       -1.49773852611164        1.60235795320895
H           -0.89769108745710       -1.14041070827411        0.41190583367768
12
 energy: -20.315619156590 gnorm: 0.033372402426 xtb: 6.7.1pre (5071a88)
O            2.27988497022164        0.00537325567146        0.48217763536610
H            3.10212591737137       -0.45887692507772        0.29671431095082
H            1.57506875314618       -0.66778517772206        0.46790244570643
O           -0.06925515292838        1.56283422271842       -0.11333342227707
H            0.56239006367465        2.16574520465693        0.26388902290025
H            0.42580811857154        0.73144330846282       -0.18565363771917
O           -2.27880000528313        0.00192754204841        0.43530511820189
H           -3.09244888520286        0.22690139683836        0.00494867263561
H           -1.65392711458034        0.73405704008721        0.28341450130210
O            0.01678309322756       -1.51684376346559        0.68323299524745
H           -0.00741385726130       -1.67463920524082        1.64052506573605
H           -0.86021590090491       -1.11013689895197        0.43751441204646
12
 energy: -20.316271276515 gnorm: 0.031176411395 xtb: 6.7.1pre (5071a88)
O            2.23569152129506        0.02015508282674        0.45691901401296
H            3.06127978238431       -0.44480418135791        0.28288143142550
H            1.53768795727513       -0.67929794294838        0.49107681641844
O           -0.06962291681987        1.57812680619638       -0.10090899485088
H            0.57762718969979        2.21126087453161        0.23737875357004
H            0.45735194148103        0.76291376497932       -0.19065471927773
O           -2.25434445452378        0.00736472875318        0.46237981304791
H           -3.05787438829352        0.20494735274754       -0.04717435546515
H           -1.62893628920598        0.73334482791390        0.29533997351781
O            0.01502866323783       -1.53580921607926        0.69914933839471
H           -0.01881938079234       -1.70832689791582        1.65419250337550
H           -0.85506962568566       -1.14987519962192        0.45605754592779
12
 energy: -20.313374582966 gnorm: 0.076767795620 xtb: 6.7.1pre (5071a88)
O            2.24541751062691       -0.03366498189190        0.48972500444925
H            3.05695079967740       -0.46781448439737        0.25271693335991
H            1.53662804412220       -0.70581306712377        0.52960068491641
O           -0.09488050654607        1.60047279927727       -0.12442232202338
H            0.52658893774863        2.27775070059981        0.22198973916315
H            0.46044159551953        0.80458684656657       -0.20305039589302
O           -2.23363843778907       -0.00666269893963        0.40802002671137
H           -3.03550198639634        0.21982288306012        0.00189820630198
H           -1.61460706315308        0.73621838450565        0.28766678956397
O            0.01426195616549       -1.54967573575328        0.70987879973393
H           -0.00691053288224       -1.59746323396093        1.63985291507167
H           -0.85475031704138       -1.27775741191708        0.48276073874176
12
 energy: -20.316691141076 gnorm: 0.037212468435 xtb: 6.7.1pre (5071a88)
O            2.24884114860497       -0.02597102210277        0.48807182575360
H            3.05441134449503       -0.47216349942202        0.25265452643537
H            1.53656133725346       -0.68552226150095        0.52096422264489
O           -0.06838026687981        1.60686192490145       -0.17096563692609
H            0.49177612374979        2.26024923940168        0.24326707692741
H            0.45498903509679        0.80121064272182       -0.20190148546357
O           -2.22660156287275        0.01241407598053        0.47331542299554
H           -3.02795811477098        0.20880335071756       -0.03988861059526
H           -1.60394040138623        0.73344233744066        0.28717947110860
O            0.01306196471830       -1.58811404522243        0.71872739079428
H           -0.01720772630878       -1.63068411935355        1.65573169930024
H           -0.85555288164782       -1.22052662353655        0.46948121712198
12
 energy: -20.314796027135 gnorm: 0.069806000293 xtb: 6.7.1pre (5071a88)
O            2.18821409446732        0.01194535401851        0.43320549383764
H            3.01429365157518       -0.43835414248244        0.25253694476206
H            1.50811332192934       -0.72020535008831        0.53341979643284
O           -0.05834947226868        1.62599313608525       -0.18040625398088
H            0.46480947174380        2.28591167037728        0.24295692854732
H            0.53187876525552        0.84879896327560       -0.24297845210804
O           -2.19885281885130        0.00175913312483        0.46778959508581
H           -2.99721088425123        0.20387224875210       -0.01429252278024
H           -1.57902217253366        0.73379382840500        0.30498508839795
O            0.01919456846670       -1.56144314940688        0.72940173728226
H           -0.05748896204742       -1.80902086819233        1.71194162065956
H           -0.83557956343363       -1.18305082384323        0.45807714396062
12
 energy: -20.317908632106 gnorm: 0.041452830784 xtb: 6.7.1pre (5071a88)
O            2.15728927684180        0.01108669604743        0.42834225019394
H            2.99055469293091       -0.44943180720484        0.26443077975519
H            1.47890505026349       -0.70481408723234        0.52274013531893
O           -0.06407539683959        1.61548850474702       -0.17047051640071
H            0.45773689573568        2.33055830307551        0.21996112942207
H            0.57719427040187        0.86387062090552       -0.23194008435179
O           -2.18591296319183        0.00493972383886        0.47305382545537
H           -2.97691599614381        0.19831267190173       -0.03420430133265
H           -1.56362441139154        0.73133386316082        0.29710390490186
O            0.01070125429776       -1.65517115095839        0.75066941967786
H           -0.04523807862234       -1.75127072942317        1.69611056545878
H           -0.83661459423045       -1.19490260883279        0.48084001199808
12
 energy: -20.314842633747 gnorm: 0.077510416423 xtb: 6.7.1pre (5071a88)
O            2.16098413865047       -0.04311617115845        0.47638164145579
H            2.97599195075104       -0.47912700874180        0.24079618960859
H            1.45489312301018       -0.65077831322902        0.48840322982073
O           -0.04567504404511        1.65564263239344       -0.22674461173548
H            0.43406994046177        2.35323621632960        0.23124362030759
H            0.51777092999545        0.89024032018823       -0.21966840879350
O           -2.15551541431959        0.00970631084226        0.49212567213568
H           -2.94123412860123        0.18729022881813       -0.05461673443790
H           -1.52981901092725        0.72761049569796        0.29309830012186
O            0.00811650685550       -1.63207958212130        0.75667511067317
H           -0.03868036496053       -1.71491260463307        1.70220172776341
H           -0.84090262681878       -1.30371252436053        0.51674138317705
12
 energy: -20.318886179819 gnorm: 0.032383759421 xtb: 6.7.1pre (5071a88)
O            2.14435474194151       -0.00939151046095        0.44118515856791
H            2.94810910541323       -0.43884472378552        0.20215008589160
H            1.44585339271657       -0.70674008572090        0.56715193827005
O           -0.04402874176676        1.65728676143341       -0.23261671742827
H            0.42416120438100        2.36328931303083        0.21911189636571
H            0.55342911760986        0.90419218337924       -0.22882346814445
O           -2.14442303129138        0.00360303636301        0.48046109565655
H           -2.92834919098752        0.18828081892914       -0.04138633687860
H           -1.51784195026890        0.72472027505449        0.28994329908943
O            0.00829633722844       -1.66847858673099        0.77096373417196
H           -0.05290426251880       -1.75275154960487        1.71897794084780
H           -0.83665672240537       -1.26516593186151        0.50951849368728
12
 energy: -20.316998880849 gnorm: 0.068506626306 xtb: 6.7.1pre (5071a88)
O            2.04839838716591        0.01348778461066        0.39131956010583
H            2.91127513114731       -0.46967904762826        0.29628457880390
H            1.39563084491619       -0.71240646446233        0.49937563905686
O           -0.06073337585112        1.66123497749701       -0.21904061781070
H            0.37996559019149        2.41332004771586        0.20043673893709
H            0.68143361726355        0.96388748745048       -0.27793683341911
O           -2.11824329090254        0.00626115148390        0.49718348393376
H           -2.89432726078593        0.17935643000587       -0.04212150883354
H           -1.49027532544420        0.72131967213122        0.28933954770482
O            0.01586610626101       -1.70233453594624        0.79307284116790
H           -0.05343379141441       -1.85883915362519        1.74987029808283
H           -0.81555663249535       -1.21560834920770        0.51885339236728
12
 energy: -20.320699375959 gnorm: 0.017433812087 xtb: 6.7.1pre (5071a88)
O            2.04521813326159        0.00140072065311        0.40914413885343
H            2.87502045648063       -0.42580023155820        0.21441104665380
H            1.37316718492967       -0.70613042084962        0.53905671783045
O           -0.03374021781701        1.68605841717887       -0.24838160251062
H            0.39641577380993        2.42304472420312        0.19936575781368
H            0.63269934715062        0.97054818886669       -0.25130587790340
O           -2.09328012663208        0.00365874977285        0.49543104031308
H           -2.86671162859295        0.16402075737330       -0.05657076460302
H           -1.46675307550781        0.72211075208125        0.28887416695634
O            0.01107496919892       -1.72465519727893        0.80614062757091
H           -0.05484580189286       -1.85453213725080        1.75537350110422
H           -0.81826501433681       -1.25972432316632        0.54509836801807
12
 energy: -20.321458585954 gnorm: 0.017962442145 xtb: 6.7.1pre (5071a88)
O            1.95009822300061        0.02037828748014        0.37227861735386
H            2.79492983441876       -0.39473782275941        0.19938301969780
H            1.29966532009315       -0.71445970125621        0.54880689254627
O           -0.01496460387219        1.73197782337289       -0.27197813212885
H            0.38921901544409        2.47322379956990        0.18629756009924
H            0.66279030681091        1.03560972648636       -0.26969944313799
O           -2.02757318025088        0.00246786258006        0.49789871121379
H           -2.78836778519196        0.14393420978320       -0.07600020834534
H           -1.39952426235302        0.71814259345377        0.28323625835190
O            0.00632929859854       -1.78662890081315        0.84558722858257
H           -0.06249983531813       -1.92436787416486        1.78877508790787
H           -0.81010233132808       -1.30554000370744        0.59205152795580
12
 energy: -20.322000444941 gnorm: 0.024492498014 xtb: 6.7.1pre (5071a88)
O            1.90720829718452       -0.01874003708881        0.38088969193742
H            2.75378584967291       -0.41694899277770        0.18620167350041
H            1.26724507443306       -0.74596710509875        0.57264416303820
O           -0.03999151552627        1.78557499092514       -0.34152139191289
H            0.28800819798812        2.54856115304659        0.16516445529588
H            0.69149033254730        1.13060594775845       -0.31019980546919
O           -1.95778293934649        0.00988195779529        0.50560128735583
H           -2.71557747322290        0.13400230835774       -0.05560811389934
H           -1.33216671752871        0.71648527256315        0.24891071069330
O            0.00093326050525       -1.82869928368687        0.88009193254187
H           -0.05877225627616       -1.96486566067493        1.82302239818311
H           -0.80438011037887       -1.34989055109406        0.64144011883241
12
 energy: -20.322459512178 gnorm: 0.019372772494 xtb: 6.7.1pre (5071a88)
O            1.85687633310599       -0.00265580625752        0.36359162357709
H            2.69636882698156       -0.41305493655769        0.17311679125831
H            1.21434874959430       -0.70488738419653        0.55621190132529
O           -0.03917588302779        1.82088730039772       -0.34538036574204
H            0.30120979028591        2.56996200702233        0.14208560925307
H            0.68958154556395        1.17591838836725       -0.31094699283109
O           -1.89831201457343        0.01116378971633        0.49607361965634
H           -2.65611840503276        0.09785384267162       -0.08122946711524
H           -1.28445073913789        0.73558141466913        0.25174743837113
O           -0.00891683179156       -1.88901912823088        0.91081614529194
H           -0.07124684506264       -2.06392534063452        1.85563797552347
H           -0.80016452685393       -1.33782414694205        0.68491284152869
12
 energy: -20.322637466470 gnorm: 0.023309855768 xtb: 6.7.1pre (5071a88)
O            1.83651000563936        0.00448000741500        0.34949008542701
H            2.67969498356456       -0.41116157663078        0.17348233716455
H            1.20558310698342       -0.71966551414453        0.56431744030640
O           -0.02408617407152        1.81712011652063       -0.38100729679381
H            0.26907345239088        2.59406867157596        0.12666192313834
H            0.70998372396403        1.17512486232770       -0.28958628411743
O           -1.88054582725237        0.02251215201439        0.51203042013561
H           -2.63446268678680        0.09608167042414       -0.08932746668038
H           -1.26519858284616        0.73590197505143        0.23395722516115
O           -0.01226979460328       -1.89884459545677        0.92910732073706
H           -0.08754676902989       -2.06746335169098        1.87357616422440
H           -0.79673543790056       -1.34815441738102        0.69393525139410
12
 energy: -20.322241355386 gnorm: 0.024470262072 xtb: 6.7.1pre (5071a88)
O            1.86337283653742       -0.01017579662965        0.36362333937624
H            2.72080254813277       -0.43350199915405        0.20939142697062
H            1.25152375035434       -0.75975458375942        0.56470410142450
O           -0.03980191786869        1.81679353123259       -0.39316642345235
H            0.25885938084046        2.55117925913769        0.14281152090122
H            0.65993122712505        1.15869444435238       -0.31493975999608
O           -1.89608272013846        0.03122477335425        0.50687264679480
H           -2.65634870857953        0.11275462863188       -0.06645498467435
H           -1.27660541315413        0.73061891067335        0.19781351062072
O           -0.00938478673543       -1.85933254277513        0.92784991969872
H           -0.07951709405216       -1.98865777056516        1.86971703400435
H           -0.79674910240993       -1.34984285447355        0.68841478842871
12
 energy: -20.322944944368 gnorm: 0.007679815600 xtb: 6.7.1pre (5071a88)
O            1.85083433962631       -0.00768977077626        0.36501566043960
H            2.69064358540794       -0.41596413692598        0.16908982909350
H            1.22247989359323       -0.73434042300207        0.57310775591114
O           -0.03415410519446        1.81172170934996       -0.38466601456865
H            0.25751388844269        2.56006392998160        0.13920699710644
H            0.70005381129260        1.16834545563777       -0.31922604388567
O           -1.88775258756019        0.02402036013386        0.49579745413001
H           -2.64605212605305        0.10107190569456       -0.08109573885054
H           -1.26898870375376        0.73485191281964        0.22647258184681
O           -0.01036095221774       -1.87602617095499        0.93482346788415
H           -0.08065773557821       -2.02723582222245        1.87781939295525
H           -0.79355930795367       -1.33881894971045        0.70029177803502
12
 energy: -20.323028628528 gnorm: 0.012874323367 xtb: 6.7.1pre (5071a88)
O            1.84284132207211       -0.00691609990225        0.36403469445089
H            2.68249836659571       -0.41839797481658        0.16711829641860
H            1.21602641351575       -0.73037615611112        0.57114948199629
O           -0.02584906413464        1.80884388366532       -0.40468940271679
H            0.24545392792624        2.56765991015553        0.12624178408683
H            0.70336123153824        1.16619758000347       -0.30629199042116
O           -1.87710041339484        0.03404432303027        0.50818123803847
H           -2.63570651163913        0.09631804934676       -0.07728689807654
H           -1.26088214885752        0.73535245384546        0.19652646626106
O           -0.01392755618972       -1.88364648966889        0.94700542465647
H           -0.08555541316367       -2.04540848398485        1.89169313143514
H           -0.79116015421686       -1.32367099553795        0.71295489396784
12
 energy: -20.323149883928 gnorm: 0.008875978142 xtb: 6.7.1pre (5071a88)
O            1.83850152971496       -0.00613154589355        0.36365455193344
H            2.67679099038438       -0.41913491766376        0.16156843103943
H            1.21383040741640       -0.73291495868068        0.57639805619896
O           -0.02208225760395        1.80526045615593       -0.41522942539484
H            0.23648468915632        2.56139543832118        0.12305299256224
H            0.70804004764977        1.16393849937188       -0.30918563026354
O           -1.87119081612784        0.03687935405067        0.49941512476296
H           -2.63063812565446        0.09072846438797       -0.08713230614821
H           -1.25425840719811        0.73983515936477        0.19860348310139
O           -0.01670129048504       -1.87976966795754        0.95805448374582
H           -0.08873397734392       -2.03965268520783        1.90216229932901
H           -0.79004278985684       -1.32043359622388        0.72527505923047
12
 energy: -20.323326096791 gnorm: 0.007219801869 xtb: 6.7.1pre (5071a88)
O            1.83326944508352       -0.00871872648758        0.37097092956969
H            2.66213604142291       -0.42151086195356        0.13623197559633
H            1.20830306756794       -0.73691064929811        0.59985605153362
O           -0.01358038653949        1.79455449742871       -0.44026220548891
H            0.21628763888679        2.54151673963344        0.11259864751918
H            0.72243103576717        1.15867514514233       -0.32557140349046
O           -1.86423151731690        0.04774910780110        0.49362106103981
H           -2.62259754835151        0.08457957350159       -0.09270642797171
H           -1.24086871802488        0.73468577723171        0.16718476573170
O           -0.02276097383970       -1.86844753001699        0.98770458018590
H           -0.09405283992298       -2.02507559790417        1.93009514390505
H           -0.78433524468126       -1.30109747505331        0.75691400196700
12
 energy: -20.323520938714 gnorm: 0.009704339724 xtb: 6.7.1pre (5071a88)
O            1.84917869298748       -0.01381587097005        0.38964358986177
H            2.65975501781005       -0.43904698977273        0.10378262364823
H            1.22173494640643       -0.73543861391246        0.62535426221476
O            0.00614446609752        1.75721889433011       -0.49475554411123
H            0.17134177250123        2.50386673917462        0.08983016693319
H            0.74062314796163        1.12650059978343       -0.32269704340012
O           -1.86072697336452        0.06910428381000        0.47526564406059
H           -2.62550165472968        0.07251190795311       -0.09808610395829
H           -1.23398265729111        0.73957334415460        0.12026603599997
O           -0.03779487819866       -1.83984676446771        1.03113572016812
H           -0.11064977671560       -1.99137168765554        1.97397454564988
H           -0.78012210341321       -1.24925584240222        0.80292322303049
12
 energy: -20.323606729928 gnorm: 0.013850260472 xtb: 6.7.1pre (5071a88)
O            1.86299078292533       -0.02361908729290        0.41013621608793
H            2.65480958211731       -0.45325393209310        0.06946186597975
H            1.23067659523429       -0.73707645026975        0.65435955475524
O            0.01843587814392        1.73379632887529       -0.52352038362649
H            0.15278999129515        2.47433277943360        0.06945975095280
H            0.75005423719648        1.10766861201044       -0.33333221987721
O           -1.86239647723723        0.08773599186379        0.47550083510428
H           -2.63174903722250        0.04654657544456       -0.10881120159166
H           -1.24045756736939        0.74430158259703        0.08036085745669
O           -0.04462020718485       -1.81471021819775        1.06373800103388
H           -0.12010982918789       -1.96952428575141        2.00622068267349
H           -0.77042394865907       -1.19619789659461        0.83306316114879
12
 energy: -20.323711743935 gnorm: 0.008475003506 xtb: 6.7.1pre (5071a88)
O            1.86973672108075       -0.01365080774992        0.40887409868115
H            2.65181218711331       -0.44943250338817        0.06199146964214
H            1.23294197742611       -0.72171788674323        0.65099580936322
O            0.02563918667013        1.72568622343908       -0.51032618734447
H            0.17078621002091        2.47161785216353        0.06704893137747
H            0.75620956079918        1.10076916428443       -0.32311234603291
O           -1.87397896712230        0.08204608847088        0.47626352328793
H           -2.63786958445127        0.05791991373473       -0.10035197343390
H           -1.24517929971969        0.72810942388133        0.07610508289373
O           -0.04629136382121       -1.81268037302252        1.06038243761782
H           -0.13125852304394       -1.97131636783363        2.00398082437381
H           -0.77254810490045       -1.19735072721131        0.82478544967148
12
 energy: -20.323789322566 gnorm: 0.005956408821 xtb: 6.7.1pre (5071a88)
O            1.86361991738967       -0.01833154187659        0.41205459787583
H            2.63861532523942       -0.44987552841818        0.04990282300613
H            1.23037058045483       -0.72856984066817        0.66016982113250
O            0.02716275499754        1.72892649918562       -0.52373690576683
H            0.15492587646231        2.48350991642007        0.05822660812266
H            0.76669686227275        1.11412248215629       -0.32465599264365
O           -1.86603992631028        0.08517222000908        0.47884031425047
H           -2.62677477334802        0.05469837985283       -0.10050938082617
H           -1.23789379565627        0.72557328388463        0.06887717403112
O           -0.04604482083262       -1.81839355575791        1.07083937794927
H           -0.13513265754268       -1.97378192659726        2.01340193158910
H           -0.76950534307514       -1.20305038816521        0.83322675137707
12
 energy: -20.323886948445 gnorm: 0.005858877577 xtb: 6.7.1pre (5071a88)
O            1.87539546789530       -0.02266183616358        0.42206021624342
H            2.63428053702732       -0.45758167917983        0.03224267420484
H            1.24082309331033       -0.72978968416548        0.67272747681759
O            0.02862515477029        1.72095930895915       -0.52795015367153
H            0.15186160521005        2.48523473188059        0.04150377613484
H            0.76988913545191        1.11299559421296       -0.31510532199893
O           -1.86919879573737        0.08848263655675        0.47502689489949
H           -2.62929927127809        0.04363180416883       -0.10800231213278
H           -1.24653663094293        0.72878515111109        0.06864888909358
O           -0.04636405368274       -1.81082033247173        1.07859894329407
H           -0.14200431051897       -1.96415453118842        2.02019150563443
H           -0.76747193145359       -1.19508116369513        0.83669453157849
12
 energy: -20.323973065173 gnorm: 0.013911300608 xtb: 6.7.1pre (5071a88)
O            1.89448760154251       -0.02548994855894        0.44644188140820
H            2.60619944392750       -0.47332148335461       -0.02854436410869
H            1.25456625081107       -0.72214790836896        0.71249165086821
O            0.04594850419406        1.69441238343054       -0.54886940505540
H            0.14423086270626        2.48276243202831       -0.00803137759217
H            0.79213360689211        1.10590364231638       -0.29096379990703
O           -1.87255645161454        0.10137472506671        0.47045401970193
H           -2.62837647001997        0.01495890364257       -0.12023712089933
H           -1.25435893405918        0.72604166739027        0.03643200251918
O           -0.05337401091741       -1.79126912998389        1.11247818149267
H           -0.16573024318676       -1.94766007234314        2.05180740371438
H           -0.76317016022418       -1.16556521124002        0.86317804795569
12
 energy: -20.324097026805 gnorm: 0.009559013867 xtb: 6.7.1pre (5071a88)
O            1.88716979381879       -0.02490647198156        0.44566246036635
H            2.59037279858463       -0.46405871214262       -0.03381869003919
H            1.25501457958297       -0.72926947678970        0.71002202556471
O            0.04349213172619        1.70464942616646       -0.52815198726960
H            0.16601834204323        2.51069211081792       -0.02263959739172
H            0.78899585024335        1.12249611323654       -0.27229468788596
O           -1.87539208348973        0.09298692923769        0.47393943653055
H           -2.62370582725643        0.00824465162139       -0.12526853637803
H           -1.25769191671816        0.72244215009867        0.05371191668773
O           -0.04681932032351       -1.79975540614527        1.10308372247848
H           -0.16249611404708       -1.96259074401373        2.04010640016675
H           -0.76495823411278       -1.18093057008057        0.85228465726754
12
 energy: -20.324279455703 gnorm: 0.003581060299 xtb: 6.7.1pre (5071a88)
O            1.89630671864807       -0.02471866780832        0.45094501821988
H            2.57982424827665       -0.46830321843857       -0.05360422402059
H            1.25472640162403       -0.72143256702965        0.71333709787218
O            0.04708576662054        1.70099828250067       -0.52684200963513
H            0.16745527660051        2.51053516042580       -0.02705094521391
H            0.78828266511454        1.11666620462759       -0.26102162417738
O           -1.88470771617940        0.09264279369469        0.47362993872806
H           -2.60737944038003       -0.00079743580724       -0.15092443671060
H           -1.25538233189121        0.73155333299228        0.07509485200012
O           -0.04641109989685       -1.78839697743484        1.10493821245069
H           -0.15935242701775       -1.96270016606961        2.04073828564851
H           -0.78044806146762       -1.18604674162761        0.85739695493580
12
 energy: -20.324415738813 gnorm: 0.006034667459 xtb: 6.7.1pre (5071a88)
O            1.90709459107776       -0.02785597202017        0.45494603523291
H            2.55286714939558       -0.47946882122278       -0.09637225213117
H            1.25384885451547       -0.71171313580326        0.72465280597242
O            0.05174258513760        1.69150862113562       -0.51323416023405
H            0.17344241508015        2.51236473157414       -0.03271264001315
H            0.79339612331818        1.10974132572708       -0.23934814477176
O           -1.89976573522594        0.10136497320057        0.47738310269454
H           -2.57778821670070       -0.02070685964666       -0.19211876473280
H           -1.24802040967235        0.73668568389609        0.09755339570497
O           -0.05092856500212       -1.77077945971721        1.10685843759193
H           -0.15529871816770       -1.95846242630762        2.04161971210854
H           -0.80059007370441       -1.18267866079066        0.86740959267526
12
 energy: -20.324486294047 gnorm: 0.005891980682 xtb: 6.7.1pre (5071a88)
O            1.90810659244765       -0.03322946312624        0.45307977044481
H            2.53506823373480       -0.48486052679322       -0.11907222318389
H            1.25300574672286       -0.71316134390061        0.72864207966400
O            0.05463187766017        1.68529180326608       -0.50165374920666
H            0.17730959553046        2.51373860664887       -0.03445379306010
H            0.79855026579648        1.10701644795260       -0.22415916944338
O           -1.90369751186620        0.10583004391892        0.47562262474987
H           -2.55774333033376       -0.03433972060657       -0.21400760123303
H           -1.24691048571424        0.74228999229615        0.10485055249774
O           -0.05656575728699       -1.76265450431307        1.10941244583910
H           -0.15486939183557       -1.95197885224264        2.04426325318229
H           -0.80688583480413       -1.17394248307514        0.87411292984692
12
 energy: -20.324590907752 gnorm: 0.002658264424 xtb: 6.7.1pre (5071a88)
O            1.90531960862971       -0.04577219173382        0.44717262256152
H            2.50247047745444       -0.49226375846781       -0.15628796901188
H            1.24992240954326       -0.72244823919200        0.73076241651683
O            0.06078972700781        1.67975484058942       -0.48049153078776
H            0.18893079135197        2.51543400511330       -0.02906579390441
H            0.80478409322859        1.10083177723569       -0.19987441474002
O           -1.90410082657374        0.11202469168321        0.46789306997323
H           -2.52315281202413       -0.05821354513087       -0.24444635191681
H           -1.24680762414317        0.75091984242933        0.10662678610348
O           -0.06795168635047       -1.75186489185777        1.11755751960399
H           -0.15993264625239       -1.93537696517249        2.05331956779822
H           -0.81027151182029       -1.15302556547111        0.88347119790133
12
 energy: -20.324628888018 gnorm: 0.006721680384 xtb: 6.7.1pre (5071a88)
O            1.90534176841716       -0.05877512833682        0.44271104631653
H            2.46869853969848       -0.50220546067634       -0.19850302781119
H            1.24728234528628       -0.73026209851349        0.73510816470187
O            0.06872760580984        1.68052677519303       -0.46322394909083
H            0.20448317125870        2.51799988348922       -0.01887425512808
H            0.80858214395489        1.09545976198004       -0.18039229312224
O           -1.90647325831608        0.11483783704942        0.45809556752942
H           -2.48993594855951       -0.08324951853348       -0.28052669190396
H           -1.24799262584638        0.76232744070598        0.11456113475034
O           -0.07735439208378       -1.74208028682916        1.12887848460591
H           -0.16763638164396       -1.91974599573965        2.06566453595331
H           -0.81372296792401       -1.13483320976375        0.89313840329670
12
 energy: -20.324679514666 gnorm: 0.002860993827 xtb: 6.7.1pre (5071a88)
O            1.90044888103363       -0.07133584817757        0.43142789976500
H            2.44634845134838       -0.51075974742135       -0.22269833239121
H            1.24541642375063       -0.74141200180290        0.73587981873526
O            0.07551981219707        1.69007525977042       -0.45142031193903
H            0.22072371359622        2.52227283895936       -0.00211084592495
H            0.81033668879666        1.09554453812483       -0.17338008457613
O           -1.90258039714617        0.11081721924281        0.44334939479574
H           -2.47184886876912       -0.09540005695510       -0.29792376201070
H           -1.25041183825246        0.76900440894372        0.11118801866812
O           -0.08324083713330       -1.73893944077243        1.14248649126917
H           -0.17752115842313       -1.90538228070257        2.08098661645983
H           -0.81319087094676       -1.12448488918425        0.89885221724674
12
 energy: -20.324711325129 gnorm: 0.003534956415 xtb: 6.7.1pre (5071a88)
O            1.89805640298006       -0.08551330876750        0.42019899510081
H            2.42225852305348       -0.52232913375193       -0.25138658626275
H            1.24217890536861       -0.75193486446583        0.73150244122701
O            0.08349481829073        1.70124066276117       -0.43667344224659
H            0.24059484546354        2.52867065719300        0.01807331700771
H            0.81385525326848        1.09719104460609       -0.16648628250872
O           -1.90402186530251        0.11420825029084        0.43412971646496
H           -2.44719339565237       -0.11443671013243       -0.32364213206398
H           -1.24871441771133        0.77063982703730        0.10748121465378
O           -0.09124162307284       -1.73201323622495        1.15834544120016
H           -0.18974149529146       -1.88916946045602        2.09839565535920
H           -0.81952595134269       -1.11655372806482        0.90669878216632
12
 energy: -20.324727076230 gnorm: 0.005235343625 xtb: 6.7.1pre (5071a88)
O            1.89985850172837       -0.09810456838765        0.41125450416906
H            2.39553091323641       -0.53846666817960       -0.28590762308122
H            1.23992094491383       -0.75607491115165        0.73282252665938
O            0.09191569105476        1.71221594521099       -0.42424400587767
H            0.25756138640855        2.53500874968357        0.03817521534143
H            0.81907404618094        1.10167260766304       -0.16114873803453
O           -1.90306021990039        0.11257770989002        0.42054618024765
H           -2.43018328230924       -0.12327954403184       -0.34412665167219
H           -1.24708834397290        0.77291751022432        0.10300002737887
O           -0.09632688676360       -1.72708754972030        1.17554902095147
H           -0.20082685253503       -1.87413170605057        2.11703933428312
H           -0.82637589798998       -1.11724757512547        0.91367732973258
12
 energy: -20.324755121874 gnorm: 0.003113951103 xtb: 6.7.1pre (5071a88)
O            1.89835195037857       -0.10465013479790        0.39854979960690
H            2.39122938464392       -0.55153873967400       -0.29037499029001
H            1.23849607425962       -0.75735527991828        0.72965510860162
O            0.09497770225710        1.72214425325589       -0.42111956653566
H            0.26329541393171        2.53811919325730        0.05429747023577
H            0.82160991416797        1.10895039657401       -0.16704205350848
O           -1.90291074448820        0.10962225150787        0.41121079030830
H           -2.42491639414780       -0.12260700336552       -0.35749440776104
H           -1.24650557062647        0.77686435604753        0.10470866210206
O           -0.09820975312569       -1.72805966187751        1.18626740826354
H           -0.20467020636089       -1.86639096910747        2.12919583627493
H           -0.83074777083807       -1.12509866187708        0.91878306280007
12
 energy: -20.324769677397 gnorm: 0.001837906564 xtb: 6.7.1pre (5071a88)
O            1.89736745036672       -0.11091954674904        0.39051361017704
H            2.38146209734212       -0.56226174093876       -0.30185875255486
H            1.23757425153751       -0.75896068282841        0.72966500520605
O            0.09867799757086        1.72624031332067       -0.41644061634964
H            0.26463355843893        2.53636620564903        0.06823578103093
H            0.82405029192680        1.11050398479192       -0.16579753117229
O           -1.90203428639978        0.11256793161503        0.40562652118887
H           -2.41648514751556       -0.12367416892331       -0.36789690488622
H           -1.24441390104756        0.77833373669359        0.10124228971627
O           -0.10193596178439       -1.72650499671245        1.19289090056961
H           -0.20666747801652       -1.85873432418326        2.13671489811864
H           -0.83222887236734       -1.12295671171017        0.92374191905364
12
 energy: -20.324785858442 gnorm: 0.002292318336 xtb: 6.7.1pre (5071a88)
O            1.89545715567933       -0.12364363511899        0.37567565141557
H            2.36309260297201       -0.58476658283154       -0.32247440488758
H            1.23563412785641       -0.76258094077697        0.72420196480247
O            0.10560972775682        1.73268593188229       -0.40562418181707
H            0.26422251243502        2.52824562885503        0.10376772110916
H            0.83011978959814        1.11125715658853       -0.16819320608011
O           -1.89884307722741        0.11694169023746        0.39026921552308
H           -2.40345842326900       -0.11761518069028       -0.38907300351202
H           -1.23967825351293        0.78192394132342        0.09256538876231
O           -0.10782427262149       -1.72285638148271        1.20973736766547
H           -0.21088726881036       -1.83798469941509        2.15548432437427
H           -0.83344462080470       -1.12160692854635        0.93030028274257
12
 energy: -20.324788913953 gnorm: 0.003148511946 xtb: 6.7.1pre (5071a88)
O            1.89386949215982       -0.13703658166177        0.35702289839745
H            2.33995517546796       -0.60745032099733       -0.35132167278033
H            1.23574738742658       -0.76660600047273        0.72824297092218
O            0.11167631911098        1.73958180652531       -0.39096016413419
H            0.27193553810469        2.52557622088601        0.13358701118165
H            0.83509692710763        1.11129422120640       -0.16662360929897
O           -1.89830838075721        0.11687023599870        0.37438463715746
H           -2.38367887857122       -0.12220812819569       -0.41853647372459
H           -1.23823746356019        0.79025829674231        0.09386779504215
O           -0.11311029781517       -1.71566715872757        1.22690702841834
H           -0.21825661283706       -1.81734313161905        2.17405970403037
H           -0.83668920578493       -1.11726945965984        0.93600699488666
12
 energy: -20.324798181256 gnorm: 0.000846526611 xtb: 6.7.1pre (5071a88)
O            1.89404101636620       -0.13463520926053        0.35828013993722
H            2.34779976450216       -0.60412507654230       -0.34320091385092
H            1.23659661347744       -0.76657762492000        0.72692226820971
O            0.11009832824326        1.73851914542342       -0.39345429926563
H            0.26947774621321        2.52475217758137        0.13101516786082
H            0.83411421156275        1.11122170221930       -0.16887544796316
O           -1.89814550927475        0.11608484373990        0.37708212276565
H           -2.39111879701973       -0.11782039297974       -0.41041506779133
H           -1.23739339022234        0.78597249434219        0.09124935505836
O           -0.11106264788382       -1.71536048282124        1.22428072756606
H           -0.21760938055495       -1.81900833574469        2.17096590267527
H           -0.83679795535756       -1.11902324101293        0.93278716489612
12
 energy: -20.324801320117 gnorm: 0.000987315838 xtb: 6.7.1pre (5071a88)
O            1.89391377179342       -0.13855002396518        0.35607073549952
H            2.34538136434253       -0.60724658954926       -0.34680682179998
H            1.23540450825077       -0.77064933376894        0.72093697167279
O            0.11187049095749        1.73796487305972       -0.38826148271424
H            0.27172975358742        2.52206693250087        0.13876003355435
H            0.83585016357712        1.10961978436813       -0.16651392642293
O           -1.89841400039466        0.11431707951941        0.37234316274924
H           -2.38859706984995       -0.11822061185906       -0.41754813706719
H           -1.23657181116956        0.78586232872060        0.09062931027133
O           -0.11224198818280       -1.71018604239374        1.22837111134415
H           -0.21978420472870       -1.80970299793056        2.17545013487496
H           -0.83854097813119       -1.11527539867725        0.93320602813620
12
 energy: -20.324804352759 gnorm: 0.000933282260 xtb: 6.7.1pre (5071a88)
O            1.89455411066732       -0.14455392015637        0.34751040287011
H            2.33837060592274       -0.61862547065749       -0.35737395101518
H            1.23516493809080       -0.77228156106432        0.72107985245576
O            0.11437530667347        1.73946864221024       -0.38063119619906
H            0.27463827822337        2.51796942806556        0.15500347236157
H            0.83780363488344        1.10797224110591       -0.16548345937221
O           -1.89810680438011        0.11377049068456        0.36537538862802
H           -2.38521221434279       -0.11722442047469       -0.42626612856090
H           -1.23490718297167        0.78518660668289        0.08661555546509
O           -0.11383692765388       -1.70381000863855        1.23443763680705
H           -0.22244087814037       -1.79672267611600        2.18209511407384
H           -0.84040286692043       -1.11114935161702        0.93427443258414
12
 energy: -20.324805601735 gnorm: 0.000325778693 xtb: 6.7.1pre (5071a88)
O            1.89473123530568       -0.14678892151665        0.34532330637139
H            2.33737561590720       -0.62202658305759       -0.35934701688972
H            1.23501287612641       -0.77321770693016        0.72047432472996
O            0.11519703907004        1.73874590022656       -0.37813667963087
H            0.27475056329223        2.51498080927684        0.16080272763151
H            0.83857222664057        1.10675346985610       -0.16475187472737
O           -1.89855816073234        0.11430105052393        0.36297024541233
H           -2.38510119966954       -0.11696093965015       -0.42952859008197
H           -1.23522916140872        0.78597425726297        0.08529356991807
O           -0.11475557075423       -1.70199019458108        1.23523872942462
H           -0.22148976343938       -1.79071226274777        2.18349573264686
H           -0.84050570028601       -1.10905887863830        0.93480264529343
12
 energy: -20.324806645139 gnorm: 0.000372092689 xtb: 6.7.1pre (5071a88)
O            1.89565575424834       -0.14851334641279        0.34488075041713
H            2.33805861712181       -0.62393546290616       -0.35986361465080
H            1.23486342253416       -0.77404828983442        0.71899583587786
O            0.11621461348893        1.73850491528095       -0.37676446621365
H            0.27552052088799        2.51215766461637        0.16599915903010
H            0.83920998780777        1.10575137436702       -0.16479028409854
O           -1.89945238576013        0.11467276586335        0.36130284934682
H           -2.38762863162373       -0.11617899372472       -0.43035399692257
H           -1.23587847228982        0.78571234577373        0.08305430524839
O           -0.11513123552177       -1.70106641521628        1.23581190216261
H           -0.22064012908442       -1.78389339334833        2.18488285841220
H           -0.84079206175722       -1.10916316443401        0.93348182148871
12
 energy: -20.324807213609 gnorm: 0.000297490712 xtb: 6.7.1pre (5071a88)
O            1.89682488869416       -0.14996454839271        0.34432693031496
H            2.34005240636118       -0.62519175840266       -0.35990833535226
H            1.23551098442425       -0.77515441768910        0.71800073991278
O            0.11717618185165        1.73763569458550       -0.37535048887641
H            0.27547299459026        2.50888224565421        0.17075568885273
H            0.84034259425805        1.10463688993619       -0.16487749343869
O           -1.90069558347107        0.11465517075175        0.35969186635857
H           -2.39161212630918       -0.11422149581140       -0.43078298980145
H           -1.23640803808532        0.78497192998293        0.08098399662389
O           -0.11540460705782       -1.69950022002004        1.23619960032992
H           -0.21928636064703       -1.77704372480773        2.18565366327569
H           -0.84197333455722       -1.10970576576223        0.93194394189853
