9
 energy: -15.193834290010 gnorm: 0.024562297647 xtb: 6.7.1pre (5071a88)
O            1.60000000000000        0.00000000000000        0.00000000000000
H            1.60000000000000        0.75754080000000        0.58707964000000
H            1.60000000000000       -0.75754080000000        0.58707964000000
O           -0.80000000000000        1.38564065000000        0.00000000000000
H           -1.45604958000000        1.00687025000000        0.58707964000000
H           -0.14395042000000        1.76441104000000        0.58707964000000
O           -0.80000000000000       -1.38564065000000        0.00000000000000
H           -0.14395042000000       -1.76441104000000        0.58707964000000
H           -1.45604958000000       -1.00687025000000        0.58707964000000
9
 energy: -15.198529974901 gnorm: 0.050939790529 xtb: 6.7.1pre (5071a88)
O            1.82349501273826       -0.00000000012480        0.00779281992510
H            1.59911569406751        0.76523177161604        0.58493959174866
H            1.59911569160752       -0.76523177241392        0.58493959117839
O           -0.87249253976573        1.51358021931620        0.00597328046435
H           -1.48269732476942        1.03999618375060        0.58314219133691
H           -0.15567333547053        1.80221922574389        0.58328745448518
O           -0.87249253920681       -1.51358021859765        0.00597327532255
H           -0.15567333433455       -1.80221922457735        0.58328744905841
H           -1.48269732486625       -1.03999618471298        0.58314218648044
9
 energy: -15.202563738553 gnorm: 0.023925541642 xtb: 6.7.1pre (5071a88)
O            1.81710254267547       -0.00000000398768        0.01862651755649
H            1.74584814664438        0.76861865546380        0.57090274204737
H            1.74584815358666       -0.76861864984406        0.57090274055625
O           -0.92858489900848        1.60965193868292        0.01901089786844
H           -1.52936073017609        1.10197930162637        0.57947516854945
H           -0.19645379060830        1.88453472491515        0.58253684219959
O           -0.92858488638151       -1.60965194843532        0.01901090521272
H           -0.19645380087167       -1.88453472258003        0.58253684409118
H           -1.52936073586038       -1.10197929584111        0.57947518191843
9
 energy: -15.203919481897 gnorm: 0.016099418896 xtb: 6.7.1pre (5071a88)
O            1.89986228707120       -0.00000000698442        0.02548094713304
H            1.81627576163798        0.77730597884975        0.57105499462402
H            1.81627572673904       -0.77730598787705        0.57105498237157
O           -0.95014602135517        1.64670422680266        0.02666411104601
H           -1.58093783159014        1.19242616310521        0.57575371700516
H           -0.23512302432001        1.95941129772973        0.57502557929165
O           -0.95014605838272       -1.64670420920389        0.02666414749570
H           -0.23512297343274       -1.95941120867638        0.57502558335545
H           -1.58093786636731       -1.19242625374554        0.57575377767728
9
 energy: -15.205330043739 gnorm: 0.006582501145 xtb: 6.7.1pre (5071a88)
O            1.98999400071246       -0.00000000756874        0.02642851001384
H            1.89502061776780        0.78410708989031        0.56772881562711
H            1.89502055062477       -0.78410708802718        0.56772878701860
O           -1.01028776234659        1.75005917222593        0.03304038899743
H           -1.61554279555501        1.23988596999395        0.57288133674164
H           -0.26418701465747        2.01507594228528        0.57437407686598
O           -1.01028779915962       -1.75005917335809        0.03304043083351
H           -0.26418696570640       -2.01507585892479        0.57437408942741
H           -1.61554283167976       -1.23988604651657        0.57288140447435
9
 energy: -15.206260510201 gnorm: 0.022155932287 xtb: 6.7.1pre (5071a88)
O            2.10508749079434        0.00000000699103        0.02724233223990
H            1.99329225381902        0.78396748076354        0.56904804288319
H            1.99329206238003       -0.78396743761990        0.56904792066914
O           -1.08759470873546        1.88098415601505        0.03892368184890
H           -1.65322825985195        1.30104644699380        0.56872460249613
H           -0.30501294916416        2.08025774362110        0.57092144628775
O           -1.08759466342794       -1.88098415684420        0.03892370220806
H           -0.30501302313524       -2.08025784378444        0.57092149493242
H           -1.65322820267839       -1.30104639613585        0.56872461643430
9
 energy: -15.207177853598 gnorm: 0.007139865357 xtb: 6.7.1pre (5071a88)
O            2.22393021925576        0.00000003588294        0.02936935712527
H            2.07853611672629        0.78006037589925        0.57393813548678
H            2.07853558866647       -0.78006036476810        0.57393786526967
O           -1.13144285136550        1.95699035202765        0.04251322837292
H           -1.70308630860156        1.39038930305998        0.56474607841476
H           -0.35597184402817        2.16443254548640        0.56535680285606
O           -1.13144291928916       -1.95699050671562        0.04251331100129
H           -0.35597177874231       -2.16443250064148        0.56535687466622
H           -1.70308622262153       -1.39038924023085        0.56474618680678
9
 energy: -15.207840370595 gnorm: 0.009411001944 xtb: 6.7.1pre (5071a88)
O            2.34927711056074        0.00000009782280        0.03438010410923
H            2.19321139052398        0.77513428208557        0.57985689898482
H            2.19321067203779       -0.77513421375263        0.57985649220470
O           -1.20379134848548        2.07426927222241        0.04685528426986
H           -1.76028325489670        1.49376424771206        0.56364822972241
H           -0.40377496561848        2.24425181380612        0.55368845443792
O           -1.20379099610443       -2.07426863972856        0.04685544937099
H           -0.40377521041447       -2.24425225929794        0.55368855026305
H           -1.76028339760259       -1.49376460086960        0.56364837663672
9
 energy: -15.208329042229 gnorm: 0.015837055129 xtb: 6.7.1pre (5071a88)
O            2.48867306921888       -0.00000001525039        0.04379481509990
H            2.33297140948083        0.77027798874369        0.58956166370916
H            2.33296961646251       -0.77027834160314        0.58956105453659
O           -1.28318594679286        2.21155841624944        0.05077937691665
H           -1.81244749090045        1.57757138741597        0.55176545898091
H           -0.48167401979249        2.36392826434028        0.54723496216072
O           -1.28318827833631       -2.21156258270002        0.05077953176020
H           -0.48167205576187       -2.36392553979711        0.54723506901481
H           -1.81244630357778       -1.57756957739845        0.55176590782071
9
 energy: -15.208799996389 gnorm: 0.006731955119 xtb: 6.7.1pre (5071a88)
O            2.59067902650695        0.00000068454001        0.05281615302645
H            2.43817775481589        0.77062158115814        0.59707110484874
H            2.43817973920436       -0.77061984642032        0.59707107584718
O           -1.34431051718860        2.30731671104685        0.05361888836072
H           -1.86844531038568        1.67679025502115        0.55238242125978
H           -0.52076052952093        2.43380594992613        0.53175851616032
O           -1.34429942348854       -2.30729652720039        0.05361921565062
H           -0.52076922989312       -2.43381842060216        0.53175850921611
H           -1.86845151004983       -1.67680038746910        0.55238195562967
9
 energy: -15.209193877367 gnorm: 0.005991808896 xtb: 6.7.1pre (5071a88)
O            2.72501411846835       -0.00000940559404        0.06541616771409
H            2.57240953393171        0.77234744850388        0.60892351992002
H            2.57236636524201       -0.77237171442523        0.60891678871881
O           -1.41861483483173        2.42773389798291        0.05642657526581
H           -1.93407463883892        1.78852359706672        0.54781545980972
H           -0.58222995262652        2.53895860256604        0.51536058010343
O           -1.41876836514728       -2.42800620118852        0.05642692675791
H           -0.58210454513377       -2.53877626582600        0.51535957464597
H           -1.93399768106327       -1.78839995908538        0.54783224706378
9
 energy: -15.209541361506 gnorm: 0.007427305150 xtb: 6.7.1pre (5071a88)
O            2.86893005584783        0.00018545207084        0.08085625546136
H            2.72364573602837        0.77470919029510        0.62482051621036
H            2.72441857571427       -0.77421933113552        0.62495924117324
O           -1.50529875112234        2.56868407675815        0.05871468967849
H           -2.00151705077853        1.90164741347432        0.54088356404430
H           -0.65123004221687        2.65553772546115        0.49650137575963
O           -1.50232795200121       -2.56351111653327        0.05868105540561
H           -0.65368739070459       -2.65912572745894        0.49656574193459
H           -2.00293318076626       -1.90390768293138        0.54049540033191
9
 energy: -15.209481602603 gnorm: 0.024629787956 xtb: 6.7.1pre (5071a88)
O            3.00446727334323       -0.00091393466584        0.09886669014479
H            2.87788277568565        0.77641662314679        0.64542272151497
H            2.87413295623324       -0.77902976344196        0.64445892893315
O           -1.57739475246617        2.68446784029398        0.05895635799869
H           -2.07229613177575        2.01830218299107        0.53053292431139
H           -0.73088919477370        2.78813772073271        0.47650458281807
O           -1.59296493869031       -2.71140703564222        0.05919530203913
H           -0.71813982038022       -2.76947619238216        0.47593545875409
H           -2.06479816717522       -2.00649744103187        0.53260487348514
9
 energy: -15.209915079771 gnorm: 0.009079253595 xtb: 6.7.1pre (5071a88)
O            3.04727939006398       -0.00026354497537        0.10578660493044
H            2.92894473369614        0.77718024059505        0.65392248157872
H            2.92812270995747       -0.77712104432497        0.65472844902658
O           -1.60759050624154        2.73418715650994        0.05724811544734
H           -2.09354608973511        2.05477943271957        0.52770944244055
H           -0.75099041086302        2.82372921290643        0.46857162278641
O           -1.60692668486239       -2.73307491817223        0.05745946952200
H           -0.75078652695116       -2.82317751281016        0.46908084334881
H           -2.09450661506358       -2.05623902244773        0.52797081091855
9
 energy: -15.209917291969 gnorm: 0.020278339351 xtb: 6.7.1pre (5071a88)
O            3.14303501409729        0.00007560544756        0.11412180675440
H            3.03316368789651        0.77518856905785        0.66457306569343
H            3.03382197346949       -0.77364254630040        0.66630115956164
O           -1.67876185590932        2.84155119359148        0.05976391619435
H           -2.13998781721575        2.14022738233228        0.53289834970246
H           -0.78609006881894        2.88576139318236        0.44707545026246
O           -1.67129612042883       -2.83188544212265        0.05902515336783
H           -0.79241327675991       -2.89517764159638        0.44871534372916
H           -2.14147153632969       -2.14209851359153        0.53000359473363
9
 energy: -15.210253885809 gnorm: 0.004270407120 xtb: 6.7.1pre (5071a88)
O            3.19186936928894       -0.00053906879143        0.12375033852448
H            3.09712359780957        0.77593561375553        0.67751011686162
H            3.09683741524285       -0.77635889781763        0.67826942069406
O           -1.70047422386726        2.88170346592942        0.05645146352335
H           -2.16688676183142        2.18207262858702        0.52174994615958
H           -0.82495719713185        2.94939016853733        0.44187802664455
O           -1.70075243611256       -2.87977402861305        0.05739863263393
H           -0.82298486861185       -2.94555856556121        0.44146035171070
H           -2.16977489478554       -2.18687131602537        0.52400954324708
9
 energy: -15.210296403091 gnorm: 0.018689521222 xtb: 6.7.1pre (5071a88)
O            3.29280174411534        0.00089348465427        0.14001436695108
H            3.22565245076658        0.77802694576563        0.69897894690996
H            3.22662529390045       -0.77480829695022        0.70072751753240
O           -1.76708022827484        2.97911318367998        0.05681426119090
H           -2.23066196033533        2.29037689826955        0.52136752088351
H           -0.87830186564496        3.03825396041030        0.42031064910020
O           -1.76234881666106       -2.98834821679399        0.05189550193939
H           -0.88938738630084       -3.05662509821528        0.42463406957407
H           -2.21729923156438       -2.26688286081956        0.50773500591778
9
 energy: -15.210603305406 gnorm: 0.003378280177 xtb: 6.7.1pre (5071a88)
O            3.35621518626595       -0.00019865657369        0.15139147537910
H            3.31613460542344        0.77539987467422        0.71641836890499
H            3.31582210547656       -0.77565405862267        0.71667564990909
O           -1.81079895192889        3.05479700614997        0.05199008257713
H           -2.26117827251346        2.34402214668196        0.51115934584309
H           -0.92227471642496        3.11233535898522        0.40563039057957
O           -1.81170062704030       -3.05681858432501        0.05217811012495
H           -0.92115224404705       -3.11033154613697        0.40549070673890
H           -2.26106708521028       -2.34355154083231        0.51154370994245
9
 energy: -15.210799586064 gnorm: 0.007782202750 xtb: 6.7.1pre (5071a88)
O            3.45391017022434       -0.00056712567057        0.17214924492552
H            3.46454312592158        0.77380732427396        0.74461476921530
H            3.46356167668395       -0.77431746441381        0.74555514735224
O           -1.88448657318775        3.17076711260643        0.04702115605023
H           -2.31975732078223        2.44611307867297        0.50297301243502
H           -0.98624434582502        3.21992717620413        0.37852719037981
O           -1.88549648213050       -3.17067692847624        0.04806245997201
H           -0.98354418813248       -3.21479664559806        0.37818010823577
H           -2.32248606277078       -2.45025652759801        0.50539475143332
9
 energy: -15.210935518325 gnorm: 0.010907800245 xtb: 6.7.1pre (5071a88)
O            3.52520210851784       -0.00082284327838        0.19527692095598
H            3.58952028475334        0.77069766161278        0.77075237448879
H            3.58771368140532       -0.77050206731639        0.77333143462777
O           -1.94482507747686        3.26499475865662        0.04120426157890
H           -2.36828940858083        2.53180109997792        0.49528852909620
H           -1.03750806382554        3.30534058126314        0.35357422126527
O           -1.94414538553511       -3.26319880166879        0.04202246538640
H           -1.03615464017016       -3.30178274246591        0.35447890547234
H           -2.37151349908683       -2.53652764678011        0.49654872712754
9
 energy: -15.211070548175 gnorm: 0.006259246128 xtb: 6.7.1pre (5071a88)
O            3.59409711779670       -0.00051497536618        0.21683833469896
H            3.67907715531635        0.76810353421482        0.78728404920702
H            3.67759963487452       -0.76745022219916        0.78975128655017
O           -1.99031260514906        3.33969612792294        0.03816456612751
H           -2.40765608736940        2.60010629916906        0.48722026712941
H           -1.07731156973441        3.37136812974395        0.33854021605340
O           -1.98843621527329       -3.33798998194623        0.03822239260303
H           -1.07814734066911       -3.37160889759777        0.34004437043288
H           -2.40891008979108       -2.60171001394051        0.48641235719676
9
 energy: -15.211246881280 gnorm: 0.007646703942 xtb: 6.7.1pre (5071a88)
O            3.54606480554491       -0.00044424532242        0.22725096403436
H            3.70412239404743        0.76990765770877        0.78287479362161
H            3.70263111430170       -0.76930511777335        0.78535218985040
O           -1.99539116136516        3.35129734960643        0.05260128599192
H           -2.40559031787896        2.59782683746715        0.48303418965480
H           -1.07530410856558        3.36596190068795        0.32749019578740
O           -1.99399526064423       -3.34999867349015        0.05190110274228
H           -1.07530773924751       -3.36628878906758        0.32932412306437
H           -2.40722972619105       -2.59895691981535        0.48264899525019
9
 energy: -15.211341592095 gnorm: 0.018577545388 xtb: 6.7.1pre (5071a88)
O            3.48715933834296       -0.00034547714298        0.24466498463395
H            3.73441496803598        0.77179288056547        0.77527604407369
H            3.73293745793211       -0.77123212907126        0.77778530874942
O           -2.00532203840479        3.37427468419965        0.08136752977227
H           -2.40187179402283        2.59423520143473        0.47685723214028
H           -1.06988648477447        3.35496413528726        0.30392009369733
O           -2.00662011331082       -3.37793401100773        0.08453327323434
H           -1.06817102981552       -3.35281436288609        0.30339995327534
H           -2.40264030398050       -2.59294092137655        0.47467342041654
9
 energy: -15.211518655858 gnorm: 0.010302385577 xtb: 6.7.1pre (5071a88)
O            3.50188174168710       -0.00035869123127        0.24992939810194
H            3.72742076458979        0.77251319689444        0.77264011145383
H            3.72595237706895       -0.77192084485778        0.77521250104286
O           -2.01112264351093        3.38892943186823        0.10047855823193
H           -2.39921573002716        2.59254955273057        0.47286353063032
H           -1.06710376934905        3.34851761092059        0.28861414334032
O           -2.01042950426182       -3.38789778871509        0.09679121165079
H           -1.06650470977323       -3.34940851392291        0.29282211421515
H           -2.40087852642127       -2.59292395368404        0.47312627132481
9
 energy: -15.211621727714 gnorm: 0.006253978448 xtb: 6.7.1pre (5071a88)
O            3.48094444454650       -0.00031670808200        0.26096692259281
H            3.73671410033983        0.77268168206583        0.76719564502568
H            3.73524188615947       -0.77205755147374        0.76984429369983
O           -2.00937478105416        3.39070842973594        0.10478624938676
H           -2.39844999580628        2.59624286488501        0.47319249521968
H           -1.06839062941220        3.35170872756544        0.28343915707960
O           -2.00270870425678       -3.37656154361390        0.08476653995910
H           -1.07189586615956       -3.35966036924110        0.29812139457295
H           -2.40208045435426       -2.60274553183935        0.48016514245809
9
 energy: -15.211746951112 gnorm: 0.018164090515 xtb: 6.7.1pre (5071a88)
O            3.41513421760438       -0.00009438456174        0.28975590329146
H            3.76715938456417        0.77390283387233        0.75386366786883
H            3.76563223815134       -0.77319240709480        0.75647846068824
O           -2.01842614720915        3.42059904683279        0.14568849148236
H           -2.39286883584818        2.59533514870282        0.46583306981937
H           -1.06217904400291        3.34206861919655        0.24864192474155
O           -2.01040892187096       -3.40049539845461        0.11520579242308
H           -1.06661977884508       -3.35267636537738        0.26806278510051
H           -2.39742311254027       -2.60544709311322        0.47894774457642
9
 energy: -15.211690589401 gnorm: 0.021873422431 xtb: 6.7.1pre (5071a88)
O            3.41398862265442        0.00009063654284        0.29469606634931
H            3.76516125141830        0.77361420740336        0.75150665637271
H            3.76362225758773       -0.77278815431615        0.75382021387035
O           -2.00869237477355        3.40688968089618        0.13137740774638
H           -2.39492305107410        2.60253988921305        0.47064736813106
H           -1.06698682599532        3.35473939327022        0.25944808053949
O           -2.02146936979853       -3.42684391909244        0.14694530865732
H           -1.05808280671546       -3.34060421045431        0.24325480598990
H           -2.39261770330018       -2.59763752345921        0.47078193233146
9
 energy: -15.211712018312 gnorm: 0.014136193140 xtb: 6.7.1pre (5071a88)
O            3.45316754568564        0.00009025749412        0.28253363808832
H            3.74336448823849        0.77236477855445        0.75689630828037
H            3.74184624535284       -0.77141379171163        0.75913471848370
O           -2.01329062011578        3.41533588330903        0.14055347433882
H           -2.39336251183159        2.59578261473123        0.46652122614175
H           -1.06168361853666        3.34862985493033        0.25402360519362
O           -2.00835766233602       -3.40120250386159        0.11492696856680
H           -1.06465702719938       -3.35790142602831        0.27193368689526
H           -2.39702683925442       -2.60168566741517        0.47595421400361
9
 energy: -15.211990088947 gnorm: 0.008791027582 xtb: 6.7.1pre (5071a88)
O            3.40207612129988        0.00026539532071        0.30229384727809
H            3.76562292339193        0.77314704700342        0.74762375987681
H            3.76392571368882       -0.77211298018851        0.74982434352448
O           -2.01516450345728        3.42770236403746        0.15871511691446
H           -2.39061843448140        2.59842865431379        0.46477221356562
H           -1.05896139021218        3.34549163341275        0.23694008140377
O           -2.00998590482161       -3.41127145424674        0.12850998367503
H           -1.06271193687255       -3.35563942953619        0.25681353328538
H           -2.39418258853207       -2.60601123011410        0.47698496046782
9
 energy: -15.212068194639 gnorm: 0.009823743061 xtb: 6.7.1pre (5071a88)
O            3.38278363841279        0.00047926514500        0.31398601316094
H            3.76986063055088        0.77306323971925        0.74194661109680
H            3.76836419198580       -0.77183302875992        0.74395651412681
O           -2.01300004227491        3.43386113774258        0.16873137987834
H           -2.38842221655234        2.60026821943091        0.46197848247571
H           -1.05765975869308        3.34737084963172        0.22987522038822
O           -2.01291788525979       -3.42472039939853        0.14541813140084
H           -1.05838943245906       -3.35214570886380        0.24142249450731
H           -2.39061912570657       -2.60634357464448        0.47516299295516
9
 energy: -15.212156366689 gnorm: 0.008997525717 xtb: 6.7.1pre (5071a88)
O            3.36488943589520        0.00073024657564        0.32785305908157
H            3.76692099784457        0.77264940509658        0.73444584471065
H            3.76406385386263       -0.77077521434514        0.73683345337477
O           -2.00543136604830        3.43780000644310        0.17767033162424
H           -2.38606218704169        2.60714095837956        0.46186548419246
H           -1.05425816758972        3.35074257295377        0.22170756916692
O           -2.01136370299543       -3.43817536444410        0.16162551180144
H           -1.05307090883893       -3.35221649878885        0.22915136607458
H           -2.38568795508452       -2.60789611186812        0.47132521996297
9
 energy: -15.212148250985 gnorm: 0.021865062830 xtb: 6.7.1pre (5071a88)
O            3.30216260067864        0.00217787345995        0.36956126406480
H            3.76799492207715        0.77223146839280        0.71479070726951
H            3.77072468709502       -0.76979291743313        0.71408498464832
O           -2.00007961875031        3.47355119455601        0.23231165653229
H           -2.37479764804908        2.61271145615169        0.44889975411003
H           -1.04168713062141        3.34620290245436        0.18007480088025
O           -2.00620499638277       -3.46623037351858        0.19666076642382
H           -1.04233024875233       -3.35326692079995        0.19807097585350
H           -2.37578256729051       -2.61758468326140        0.46802293020644
9
 energy: -15.212340807910 gnorm: 0.011181819876 xtb: 6.7.1pre (5071a88)
O            3.30010527119716        0.00154557140549        0.36854066430450
H            3.76590284749715        0.77225982219797        0.71291983106872
H            3.76236663372476       -0.76877758454671        0.71591384812428
O           -1.99257546144450        3.46631644731532        0.22218484665142
H           -2.37418991852777        2.61195840249799        0.44455221234249
H           -1.04320700756607        3.35304109221434        0.19473989821486
O           -1.99499868039075       -3.44803560967879        0.17313116345566
H           -1.04405356245209       -3.36169512772932        0.21445660575534
H           -2.37935012203372       -2.62661301367550        0.47603877007515
9
 energy: -15.212206648521 gnorm: 0.017413283471 xtb: 6.7.1pre (5071a88)
O            3.31975602243565        0.00220692797130        0.36008904396128
H            3.74666278967080        0.77270761233107        0.71801038848965
H            3.74970461468884       -0.76961436311142        0.71810035910289
O           -1.99302489172894        3.46273861262483        0.22013935686246
H           -2.37529780073915        2.62266620011276        0.46443327527841
H           -1.03529418308103        3.34102878138570        0.17760179689221
O           -1.99391156953807       -3.44991971833115        0.17445012857762
H           -1.04122946861620       -3.35751155161182        0.21678985249633
H           -2.37736551308803       -2.62430250137067        0.47286363833126
9
 energy: -15.212470777960 gnorm: 0.006698014277 xtb: 6.7.1pre (5071a88)
O            3.28000118868024        0.00101986387760        0.38221546889810
H            3.75801458062784        0.77375323325271        0.70309599757409
H            3.74730275075961       -0.76848012192175        0.71045618674739
O           -1.98423452450822        3.47348301707023        0.23665465480259
H           -2.36969260493342        2.62150650666118        0.44901197957764
H           -1.03344737575874        3.34749266683296        0.17685890471542
O           -1.99054234967849       -3.46471752856526        0.19269223889628
H           -1.03642448034701       -3.35832475684714        0.20525269308442
H           -2.37097718483778       -2.62573288036026        0.46623971569565
9
 energy: -15.211265051961 gnorm: 0.048539408112 xtb: 6.7.1pre (5071a88)
O            3.22627576392075        0.01159842816623        0.41346406929697
H            3.71219240979767        0.76915273822676        0.70987463834945
H            3.78558229816144       -0.77254020845232        0.67065096390815
O           -1.96734974202108        3.49005711840645        0.26277232348307
H           -2.35972184107286        2.61992755385300        0.42391272581248
H           -1.02801599570562        3.35588715115127        0.17664960137082
O           -1.97973626301230       -3.47694800452342        0.20918300950144
H           -1.02497965270646       -3.35695819714510        0.18396287373930
H           -2.36424697735745       -2.64017657968383        0.47200763453100
9
 energy: -15.212526203588 gnorm: 0.008887023488 xtb: 6.7.1pre (5071a88)
O            3.25062301311858        0.00130461296386        0.39923367860789
H            3.74386390052692        0.77437190857802        0.69335482722787
H            3.73829197498422       -0.76778804665548        0.70116343316536
O           -1.97254462585934        3.48603371930664        0.25585713984765
H           -2.36143640050323        2.62298517166423        0.43665393629476
H           -1.02577498538932        3.34919449788023        0.17086588609713
O           -1.98101154782132       -3.47162582086245        0.20144609599703
H           -1.02607541414855       -3.35583080460063        0.19038864952616
H           -2.36593591490404       -2.63864523827530        0.47351419322901
9
 energy: -15.212249749800 gnorm: 0.025011510877 xtb: 6.7.1pre (5071a88)
O            3.24121998835981        0.00236406648327        0.40094538248052
H            3.73680532045154        0.77412229777474        0.69431074748708
H            3.73851775035107       -0.76832563848167        0.69769086700254
O           -1.96861646606221        3.47162228121858        0.24277585035699
H           -2.36424666208317        2.64422084325475        0.47198524901971
H           -1.01854077067751        3.34208341052220        0.14951306866373
O           -1.97629045689240       -3.47798448914851        0.20578077071491
H           -1.02910266039803       -3.36421703881815        0.21149890150907
H           -2.35974604304543       -2.62388573280631        0.44797700275798
9
 energy: -15.212567967943 gnorm: 0.004237300874 xtb: 6.7.1pre (5071a88)
O            3.24339739132385        0.00249226610581        0.40059955895209
H            3.72950269805672        0.77428747585574        0.69416138816571
H            3.73127671894164       -0.76831886178683        0.69754839129224
O           -1.96483583336255        3.48229646014892        0.25253143051515
H           -2.35962986578999        2.62850896549950        0.44231250805929
H           -1.02050018809049        3.34680063919419        0.16948025263673
O           -1.97503372963288       -3.47588873200154        0.20543527079096
H           -1.02331960829102       -3.35662380019879        0.19843561496904
H           -2.36085758315168       -2.63355441281840        0.46197342461171
9
 energy: -15.212192495963 gnorm: 0.029441744025 xtb: 6.7.1pre (5071a88)
O            3.18727335352653        0.00082146676280        0.43523868256780
H            3.73093440488791        0.77575816962690        0.66971772812690
H            3.71417530648783       -0.76583854936661        0.68506791592059
O           -1.95059932394109        3.50406715674268        0.28977918792289
H           -2.35002071578991        2.63852881353732        0.43500503906635
H           -1.00653732729394        3.34195678370158        0.14022607180228
O           -1.96227814447810       -3.48283338003161        0.21808155957907
H           -1.00598966385989       -3.34975649466364        0.16072483449013
H           -2.35695788953570       -2.66270396631247        0.48863682051917
9
 energy: -15.212629473818 gnorm: 0.001835785819 xtb: 6.7.1pre (5071a88)
O            3.21828080734934        0.00294496556176        0.41287990445340
H            3.71975696422842        0.77461960616911        0.68695418206556
H            3.71817545676387       -0.76783019204205        0.69050611087784
O           -1.95445554757779        3.48889612221060        0.26443813752726
H           -2.35375417673516        2.63413940886994        0.44065753079386
H           -1.01170081229616        3.34434727170070        0.16012954793979
O           -1.96543914815503       -3.48007591239532        0.21069419967240
H           -1.01417308097929       -3.35403285394698        0.18962297081410
H           -2.35669046259483       -2.64300841613023        0.46659525584992
9
 energy: -15.212655500133 gnorm: 0.007367406583 xtb: 6.7.1pre (5071a88)
O            3.18970813268749        0.00348944986481        0.42689679968608
H            3.70513760860785        0.77507071145503        0.67867172413309
H            3.70170679485703       -0.76736929265930        0.68234036206804
O           -1.94084530596317        3.49652104473268        0.27855107561399
H           -2.34625484729245        2.63766509976288        0.43386614955342
H           -1.00174983746164        3.34197452389646        0.15408473635778
O           -1.95391538873809       -3.49056483345670        0.22293323015896
H           -1.00534908599727       -3.35347353184159        0.18939772515333
H           -2.34843807069672       -2.64331317175785        0.45573603726985
9
 energy: -15.212729398850 gnorm: 0.009688653439 xtb: 6.7.1pre (5071a88)
O            3.12581469933392        0.00565898897282        0.45505571313917
H            3.66608343727704        0.77563937313271        0.66362512257449
H            3.66282773189771       -0.76688863342260        0.66307149528986
O           -1.90821847536362        3.50417435664158        0.29996890228845
H           -2.32992395388949        2.65192302402878        0.43322989769239
H           -0.97706874467345        3.33446530389422        0.13652896334135
O           -1.92683914898160       -3.50356620993738        0.24155690784695
H           -0.97947039481861       -3.34283469116881        0.17227701422422
H           -2.33320515077993       -2.65857151214783        0.45716382359977
9
 energy: -15.212805053500 gnorm: 0.003933977049 xtb: 6.7.1pre (5071a88)
O            3.11558117808608        0.00542057572834        0.47335618696009
H            3.66311994884694        0.77451901391853        0.65311714724743
H            3.66089654637551       -0.76549556110383        0.65229392583771
O           -1.90328409185350        3.50368728461505        0.30604030904046
H           -2.32925601708845        2.65316591674521        0.43124843588042
H           -0.97508821914907        3.33085171223477        0.13394411353937
O           -1.92169196128481       -3.50252084891180        0.24679612049980
H           -0.97831909361604       -3.33925608848518        0.16884403482762
H           -2.33195829031361       -2.66037200474734        0.45683756616383
9
 energy: -15.212839481067 gnorm: 0.001263149363 xtb: 6.7.1pre (5071a88)
O            3.10375368511764        0.00502788564584        0.48735164346894
H            3.65521715126886        0.77465556125972        0.64484661402561
H            3.65470039908210       -0.76526371466251        0.64355719158269
O           -1.89542214496191        3.50336722229364        0.31319238904781
H           -2.32867431219478        2.65548169741802        0.42873457379824
H           -0.97060287652467        3.32485837081745        0.13081242535524
O           -1.91414157326355       -3.50132095311012        0.25116548238655
H           -0.97384887613033       -3.33383732588878        0.16468456314305
H           -2.33098145238881       -2.66296874377900        0.45813295718870
9
 energy: -15.212877332270 gnorm: 0.002201088061 xtb: 6.7.1pre (5071a88)
O            3.07707435955603        0.00399719064156        0.51454423264838
H            3.63651542922875        0.77596608616924        0.62870407711663
H            3.64037216960106       -0.76574109428467        0.62613101814462
O           -1.87743906781633        3.50356849023397        0.32739423694660
H           -2.32814368656781        2.66200946530948        0.42351122438925
H           -0.95945624939606        3.31057933937695        0.12502447240322
O           -1.89709352297871       -3.50115209829115        0.26133449631870
H           -0.96199391564097       -3.31942590117481        0.15412755430668
H           -2.32983551597795       -2.66980147798514        0.46170652772301
9
 energy: -15.212909877260 gnorm: 0.001695145020 xtb: 6.7.1pre (5071a88)
O            3.04870283189666        0.00269755650435        0.53099222107098
H            3.60867969487806        0.77672301038899        0.61774952554717
H            3.61718421740609       -0.76555248443799        0.61456490580847
O           -1.85569531532658        3.50225633983369        0.33761494699566
H           -2.32567095876136        2.66932372263016        0.41952527029082
H           -0.94430391389922        3.29205375492621        0.12184066833960
O           -1.87515881142140       -3.50163854784069        0.27316960715639
H           -0.94641242573094       -3.29782966869012        0.14154159244007
H           -2.32732531902948       -2.67803368331746        0.46547910234819
9
 energy: -15.212844313277 gnorm: 0.014348134468 xtb: 6.7.1pre (5071a88)
O            2.95035659452956       -0.00175261436117        0.58962382750546
H            3.51810270915148        0.77933217685442        0.57922165505091
H            3.54250682407305       -0.76520706228798        0.57362058588294
O           -1.78837867527032        3.49530221786590        0.35405574023101
H           -2.31314867529106        2.69166279005929        0.41436716802598
H           -0.89369970226752        3.23346747682994        0.12103136940614
O           -1.80510249672643       -3.50047478390553        0.29894243449506
H           -0.89676137756450       -3.22920988661165        0.11386734952445
H           -2.31387520060935       -2.70312031443989        0.47774770987703
9
 energy: -15.212995058036 gnorm: 0.003858430170 xtb: 6.7.1pre (5071a88)
O            2.95258142226378       -0.00156261180809        0.56979697126045
H            3.50915711611234        0.77904656591978        0.58953758201622
H            3.53213436212544       -0.76524744341917        0.58465964699091
O           -1.78721516804929        3.49287375322790        0.34597852876157
H           -2.30900177820941        2.69029406297822        0.41777829184659
H           -0.89058421607612        3.23219947971449        0.12489859000440
O           -1.80482594347667       -3.49597914987917        0.28687036335117
H           -0.89481567758836       -3.23195295254487        0.12367900889283
H           -2.30743011707651       -2.69967170418490        0.47927885687518
9
 energy: -15.213039848251 gnorm: 0.003419621981 xtb: 6.7.1pre (5071a88)
O            2.91909494034280       -0.00288734896437        0.57928408326118
H            3.47441296730594        0.77911226326656        0.58239203198704
H            3.50199100056719       -0.76477355247817        0.57596868751695
O           -1.76581951470296        3.48872909436627        0.34272462388990
H           -2.30033088383810        2.69577152245937        0.42004282215649
H           -0.87216404623738        3.21255665235821        0.12901040859577
O           -1.78731165276403       -3.48774522845562        0.27472490678692
H           -0.87915465301189       -3.22144993774518        0.13165325002640
H           -2.29071815763152       -2.69931346479998        0.48667702577991
9
 energy: -15.213158762585 gnorm: 0.005361532812 xtb: 6.7.1pre (5071a88)
O            2.81115879796560       -0.00737125174449        0.60428366797282
H            3.35780636863143        0.77950258315996        0.56047045731334
H            3.39909829156444       -0.76326885176747        0.55265671675497
O           -1.69298592426553        3.47484040010347        0.33537621540891
H           -2.27326916526947        2.71423847805519        0.42470791656530
H           -0.81062686580815        3.14512491065661        0.14174116751724
O           -1.71653853647485       -3.47116764302325        0.26340161552078
H           -0.82197990200335       -3.15877191907275        0.13234773174040
H           -2.25266306429497       -2.71312670635103        0.50749235120989
9
 energy: -15.213127645551 gnorm: 0.021349034709 xtb: 6.7.1pre (5071a88)
O            2.61320401515070       -0.01549493786752        0.64691642277508
H            3.14513219821905        0.77929400628304        0.52238644918789
H            3.21083502926606       -0.76012199011421        0.51137087769027
O           -1.56722599302969        3.44605050894181        0.30957462587059
H           -2.21398502071343        2.73986194132914        0.43761680364851
H           -0.70075826553242        3.03061374377123        0.17289631019642
O           -1.58778457757032       -3.44103878481759        0.24079801200884
H           -0.71706380776261       -3.03947159378249        0.13454956787804
H           -2.18235357795474       -2.73969289371022        0.54636877075387
9
 energy: -15.213319470781 gnorm: 0.013798820357 xtb: 6.7.1pre (5071a88)
O            2.62590546596844       -0.01424569488743        0.62314138821140
H            3.15909297784764        0.77607370479084        0.53472142928653
H            3.21672529095599       -0.75901131534691        0.52718972217525
O           -1.58915329593193        3.44162973897762        0.29529075570726
H           -2.19639636677405        2.71918452744300        0.44166453747501
H           -0.71336726737936        3.05678651137348        0.18099411298280
O           -1.60575560178747       -3.44239524236438        0.25372249179878
H           -0.72882044281330       -3.05636659725427        0.13210466750196
H           -2.16823076001606       -2.72165563269946        0.53364873486994
9
 energy: -15.213440879479 gnorm: 0.006274665684 xtb: 6.7.1pre (5071a88)
O            2.60214428206778       -0.01440983584235        0.63005901473741
H            3.13023824519903        0.77751824222001        0.53833731741284
H            3.19618429040875       -0.76089317370495        0.51204359655546
O           -1.57175593523298        3.43620517579763        0.30786843480296
H           -2.18836668584481        2.71421764393609        0.43674573906171
H           -0.70274190716406        3.05134814370382        0.17551836195203
O           -1.59462563943066       -3.42914499268456        0.23931987327650
H           -0.71663058079561       -3.06231261662955        0.13593972786075
H           -2.15444606913404       -2.71252858676136        0.54664577435004
9
 energy: -15.213487721135 gnorm: 0.016952876233 xtb: 6.7.1pre (5071a88)
O            2.49632374532666       -0.02294865663703        0.64276332511498
H            3.01561115875475        0.78069798093772        0.50011832536367
H            3.08893656847607       -0.75912799439382        0.51874176295811
O           -1.50603468457677        3.41603674575326        0.30036643394110
H           -2.14910078748171        2.71401999767923        0.43957454373433
H           -0.64696790533249        3.00064020966399        0.18943949347710
O           -1.53092544609557       -3.40244858606968        0.22249560635532
H           -0.66067600093804       -3.01608556613821        0.13798696645217
H           -2.10716664804522       -2.71078413075105        0.57099138261594
9
 energy: -15.213692564413 gnorm: 0.013010076072 xtb: 6.7.1pre (5071a88)
O            2.40070233044314       -0.02339855666819        0.64804798820361
H            2.90805657476227        0.77827888899128        0.50960842749834
H            2.99453923742751       -0.75996035359927        0.48756407503497
O           -1.44905033286561        3.39754509978812        0.28282815885104
H           -2.11184359845018        2.71553797982549        0.44658344784701
H           -0.59557637594258        2.95081628296218        0.20812126611042
O           -1.47222521296712       -3.38283445577914        0.22173907254376
H           -0.61016387552786       -2.96562042814917        0.13776157602344
H           -2.06443874677962       -2.71036445731825        0.58022382790258
9
 energy: -15.213790138538 gnorm: 0.013014599167 xtb: 6.7.1pre (5071a88)
O            2.32362543705304       -0.02520972652122        0.65546938208044
H            2.82481701219375        0.77675560410468        0.51113888105796
H            2.92284995240566       -0.76019159301909        0.46547758999963
O           -1.41269634338395        3.37581355678264        0.29320522111947
H           -2.06532244524090        2.69241231945434        0.44457804414077
H           -0.56542519820613        2.93802209978795        0.20622505456730
O           -1.43034845193544       -3.36452056131903        0.23945225272720
H           -0.57297113970565       -2.93899986010433        0.13510051290681
H           -2.02452882307160       -2.69408183910638        0.57183090141653
9
 energy: -15.214097033059 gnorm: 0.006159095078 xtb: 6.7.1pre (5071a88)
O            2.21062551533176       -0.03047350885912        0.65391335269156
H            2.69847334021501        0.77693460116584        0.49673304509303
H            2.80449481765682       -0.76018709311563        0.46269937837018
O           -1.34539701613067        3.34896719104282        0.28541139594659
H           -2.01629614665170        2.68269031616785        0.44716412900146
H           -0.50718741721151        2.88728504824800        0.22058973608206
O           -1.36232457802635       -3.33162405760540        0.22642038397808
H           -0.51186240993004       -2.88963479176630        0.13878562870967
H           -1.97052610513034       -2.68395770520765        0.59076079014632
9
 energy: -15.214284554400 gnorm: 0.019568808220 xtb: 6.7.1pre (5071a88)
O            2.01774639382124       -0.04169765096402        0.66346892346499
H            2.48643698852995        0.77763166706799        0.46443169801886
H            2.61299228582002       -0.75907782703820        0.45267795329611
O           -1.23201194413139        3.30319570006642        0.25940885042302
H           -1.94036069705255        2.67241655663725        0.45474453086703
H           -0.40623962916454        2.79194132593479        0.25508813573498
O           -1.25590562608232       -3.27189235820815        0.21324161232465
H           -0.41367519425271       -2.82205307383991        0.14735086778556
H           -1.86898257734126       -2.65046433956748        0.61206526810855
9
 energy: -15.214580283709 gnorm: 0.017053145323 xtb: 6.7.1pre (5071a88)
O            1.90471176003803       -0.04431817008538        0.66322037971321
H            2.36349023988340        0.77512273511277        0.46258505201534
H            2.49673830986267       -0.75987866833389        0.43618513184060
O           -1.17130789147153        3.27027144526855        0.27440230085441
H           -1.87969561091833        2.64381422236753        0.44948604614797
H           -0.35640874462049        2.75975048935497        0.25429584250969
O           -1.18550063371360       -3.23872766768808        0.19712095116262
H           -0.35076514587955       -2.76080055854295        0.15388015122894
H           -1.82126228302077       -2.64523382735399        0.63130198455327
9
 energy: -15.214293390725 gnorm: 0.031933905350 xtb: 6.7.1pre (5071a88)
O            1.84985406392294       -0.04258392333563        0.63961100165126
H            2.30593619908745        0.77020047987881        0.48067714732469
H            2.42828217840522       -0.76434308609132        0.43503088583664
O           -1.14119916726192        3.23920329483205        0.30405189603018
H           -1.84601408556193        2.60673363792364        0.43493693978228
H           -0.33597385664833        2.74444384716455        0.24218840631391
O           -1.15349360120146       -3.20750473238312        0.22957531164957
H           -0.31888697836830       -2.74486404017447        0.16459133656012
H           -1.78850475221151       -2.60128547770879        0.59181491487619
9
 energy: -15.214980593548 gnorm: 0.006895950133 xtb: 6.7.1pre (5071a88)
O            1.78079370204740       -0.04901827052314        0.66361831723467
H            2.23019955285557        0.77186904180734        0.45975006388003
H            2.37136161392727       -0.76220531848858        0.41842577841219
O           -1.10018789491225        3.22830409930720        0.29117884968451
H           -1.82549837325207        2.61480577723172        0.43876952092042
H           -0.29887917576041        2.70349195289817        0.25792750986699
O           -1.11021416672843       -3.19555924015371        0.21967883932060
H           -0.28335977605230       -2.70413440351845        0.17249758916540
H           -1.76421548195341       -2.60755363844889        0.60063137154220
9
 energy: -15.215316314304 gnorm: 0.013375930449 xtb: 6.7.1pre (5071a88)
O            1.61340097589615       -0.05763766028980        0.66450173344529
H            2.05217233272066        0.76729782697252        0.44518657263410
H            2.20566870187458       -0.76273375049877        0.40475176905152
O           -1.01285937385821        3.17431079361934        0.26790201492179
H           -1.74962189781693        2.58305653534966        0.44238095053435
H           -0.21783496272717        2.62451497148575        0.29066972524736
O           -1.01875328170812       -3.12965300114516        0.19144834806622
H           -0.19540892686568       -2.63132705049459        0.19654528349113
H           -1.67676356732663       -2.56782866486983        0.61909144263917
9
 energy: -15.215666366501 gnorm: 0.009557370029 xtb: 6.7.1pre (5071a88)
O            1.46461768854176       -0.06684658852930        0.66580483351997
H            1.89135572715788        0.76302410851955        0.43562255709234
H            2.05929844263298       -0.76531515387239        0.38875179722123
O           -0.92942952878075        3.11711554174322        0.28061101450862
H           -1.68551800043699        2.54273838426975        0.43607694875964
H           -0.15050844239260        2.55094257619985        0.29563072497886
O           -0.93121305205512       -3.06422948847562        0.18858233303423
H           -0.11456533583929       -2.55668162215609        0.21713875483526
H           -1.60403749862652       -2.52074775755393        0.61425887608259
9
 energy: -15.216013931336 gnorm: 0.011185490912 xtb: 6.7.1pre (5071a88)
O            1.34886005539320       -0.08019823664762        0.65270684749054
H            1.77756623851758        0.74925633227517        0.44129056437184
H            1.95212534470725       -0.77296481117628        0.37966018179620
O           -0.88114384920591        3.03606963791760        0.28175040548081
H           -1.63465985114937        2.47063520034263        0.42816955302483
H           -0.10935698712422        2.47400192135495        0.30898121425177
O           -0.86404205081729       -2.96955754862732        0.17743075512271
H           -0.04554227693888       -2.47213927871694        0.26836091603496
H           -1.54380662318109       -2.43510321656026        0.58412740245884
9
 energy: -15.216337573203 gnorm: 0.012240939492 xtb: 6.7.1pre (5071a88)
O            1.23315713397572       -0.09473727353980        0.64226846724265
H            1.65485853340347        0.73748779995180        0.44673789846152
H            1.84137385813761       -0.78222733121401        0.36733262804107
O           -0.81845804199046        2.96175272198275        0.27993912454790
H           -1.60052419872806        2.41957413130717        0.41405501970073
H           -0.06033967616296        2.37595193062927        0.33189617261972
O           -0.78714736375067       -2.87918610476265        0.17431526855985
H            0.02493871297152       -2.37457304349177        0.29635778814178
H           -1.48785895765395       -2.36404283068399        0.56957547271707
9
 energy: -15.216748348595 gnorm: 0.009046782176 xtb: 6.7.1pre (5071a88)
O            1.21021353111475       -0.12301380954302        0.62870329050760
H            1.62128288396079        0.72489640668252        0.45241644321921
H            1.84694856825681       -0.79333992664984        0.37394181371348
O           -0.81758195563680        2.89454977639625        0.26904480819179
H           -1.61311405579986        2.36653533987739        0.40110175866472
H           -0.06493392366360        2.30071361820640        0.35391810184093
O           -0.75654326092827       -2.79128248194934        0.17277974523798
H            0.05037339385190       -2.29204738283867        0.31903080635849
H           -1.47664518096903       -2.28701153999190        0.55154107229520
9
 energy: -15.217450595281 gnorm: 0.007414141312 xtb: 6.7.1pre (5071a88)
O            1.20541005403767       -0.13186804013153        0.56666892835841
H            1.65295040693084        0.71591531010342        0.47175051603381
H            1.87296167529152       -0.80191929364072        0.38649620629251
O           -0.80257318226566        2.88438479282757        0.26914669448277
H           -1.62010591406382        2.39528853655959        0.39623118227396
H           -0.08431421243799        2.25530324607353        0.37619746339301
O           -0.74802536405150       -2.77366727382951        0.16778115861679
H            0.02468970511549       -2.22923933381674        0.34217082097285
H           -1.50099316836980       -2.31419794395596        0.54603486960532
9
 energy: -15.218006645254 gnorm: 0.038418387601 xtb: 6.7.1pre (5071a88)
O            1.23225852665226       -0.15530901802458        0.51700976202626
H            1.70730822428332        0.68755001390838        0.48194050139905
H            1.91488590477888       -0.82533609638636        0.38529904026211
O           -0.75862258447449        2.85079289719307        0.27186341193673
H           -1.63432326060625        2.45857249234820        0.37592841912228
H           -0.12745095113418        2.12852193344413        0.41629126370626
O           -0.72358238694600       -2.72142556161919        0.16140092051876
H           -0.04752867732285       -2.03962471236441        0.37536674001244
H           -1.56294479504375       -2.38374194830957        0.53737778104577
9
 energy: -15.218881296558 gnorm: 0.016052260724 xtb: 6.7.1pre (5071a88)
O            1.25737995187077       -0.16478641983131        0.55150145907345
H            1.71050761642441        0.67538599382576        0.46579064034934
H            1.91484326654805       -0.83638997674362        0.36694212320691
O           -0.75148462138703        2.83730125907977        0.27424379466151
H           -1.63395333733282        2.46316143381693        0.37599487569271
H           -0.13775873400660        2.10142706151829        0.41685847119965
O           -0.75092509939647       -2.69606911753834        0.16274683196478
H           -0.05663425820105       -2.05266648462150        0.35698415003992
H           -1.55197478433228       -2.32736374931609        0.55141549384150
9
 energy: -15.219679226290 gnorm: 0.012779355828 xtb: 6.7.1pre (5071a88)
O            1.28222640797920       -0.18726543109230        0.54972437860688
H            1.74141375264468        0.64926331175445        0.47042058296512
H            1.93004680460525       -0.86543366301007        0.35874489181106
O           -0.73186210959595        2.79331265146428        0.27813383518246
H           -1.63204329622806        2.46579411665653        0.37416013033931
H           -0.16127904038335        2.02611504873670        0.42012280059052
O           -0.75992012559343       -2.62785356241171        0.16017335827365
H           -0.09951779406209       -1.95023119994010        0.34519670707708
H           -1.56906459917908       -2.30370127196768        0.56580115518392
9
 energy: -15.221080567997 gnorm: 0.017550627848 xtb: 6.7.1pre (5071a88)
O            1.30549751577851       -0.22940382612210        0.53449743298937
H            1.79729781955547        0.59691095722789        0.49153219949801
H            1.93655132008769       -0.93101840120094        0.35303340793489
O           -0.68747058942880        2.68649053988902        0.28678064687196
H           -1.61869242253292        2.45285185059459        0.37198743260353
H           -0.19804590652812        1.86885901230379        0.41677979872235
O           -0.76091133327645       -2.47133414663508        0.15630906279502
H           -0.17813720422199       -1.70958172377964        0.30773707566849
H           -1.59608919924577       -2.26377426208705        0.60382078294679
9
 energy: -15.221699848197 gnorm: 0.023437834472 xtb: 6.7.1pre (5071a88)
O            1.29094206938885       -0.25198783809831        0.50946583009484
H            1.83023801875833        0.56013584108478        0.51637927853610
H            1.91394844668648       -0.98182323130381        0.36898271392450
O           -0.64648177961128        2.58758166994391        0.29391325556360
H           -1.59692866909650        2.42523977713300        0.37250582352997
H           -0.21393486322395        1.73689799804511        0.40363572238337
O           -0.76894665638244       -2.33595926754391        0.15348410832279
H           -0.21296440314792       -1.57118645134210        0.29794754950501
H           -1.59587216318356       -2.16889849772792        0.60616355817051
9
 energy: -15.222105597854 gnorm: 0.019430048193 xtb: 6.7.1pre (5071a88)
O            1.29355447282612       -0.26052733902134        0.55119670042006
H            1.81186747100017        0.54024113720205        0.48243139770458
H            1.88644129886924       -1.00320182604369        0.36720335303051
O           -0.61981612612460        2.50563628811207        0.30277241536519
H           -1.55868954197638        2.36972302543059        0.37564993288273
H           -0.21234567265850        1.65198603544088        0.38455364075792
O           -0.75945958997651       -2.24150448726993        0.15859632905137
H           -0.24118761692981       -1.44066928042692        0.29895751912426
H           -1.60036469484144       -2.12168355323263        0.60111655169438
9
 energy: -15.218232443653 gnorm: 0.074819334802 xtb: 6.7.1pre (5071a88)
O            1.30877146854915       -0.25160759443306        0.60202213899042
H            1.80054869379695        0.53347912160757        0.43316608424484
H            1.85785306696474       -1.00269086389022        0.35277569675770
O           -0.53988972647600        2.43965150563717        0.30900706842778
H           -1.54101943078618        2.42568563133859        0.35542342913811
H           -0.23634359078353        1.47195281106088        0.38248713039440
O           -0.75966245843576       -2.17916378170321        0.16585845896279
H           -0.27728461759086       -1.33868195365219        0.31311828319180
H           -1.61297340505005       -2.09862487577413        0.60861954992350
9
 energy: -15.222690878221 gnorm: 0.010237124178 xtb: 6.7.1pre (5071a88)
O            1.28878446514095       -0.23088175966574        0.56825707105364
H            1.82739950741880        0.55168874989578        0.45234167143424
H            1.83991246834969       -0.99545084615951        0.36100616953252
O           -0.57502110601506        2.43629604398525        0.30972233238191
H           -1.52911446935113        2.34787686676196        0.36479808621886
H           -0.20917739878869        1.54494351064087        0.37623281709275
O           -0.76986862421396       -2.18654639300068        0.16431017678907
H           -0.26379799858201       -1.38396698458623        0.31522072670806
H           -1.60911684377012       -2.08395918768042        0.61058878882021
9
 energy: -15.222997716776 gnorm: 0.007122868413 xtb: 6.7.1pre (5071a88)
O            1.27237140856751       -0.19064210444947        0.55087269661158
H            1.84593631465698        0.57739571704809        0.44676289269656
H            1.80856652697953       -0.97117828854069        0.36609182427261
O           -0.55639105465318        2.40391566708024        0.31353046533065
H           -1.50904989288610        2.31702901829378        0.35864360546263
H           -0.19229928113911        1.51832831493640        0.38313747592648
O           -0.77614184853497       -2.18477610757664        0.16369202954435
H           -0.27666532497213       -1.37462601052145        0.31886120333947
H           -1.61632684783000       -2.09544620607906        0.62088564684697
9
 energy: -15.223274132652 gnorm: 0.012612943239 xtb: 6.7.1pre (5071a88)
O            1.23055726973411       -0.08815196536714        0.52939920115898
H            1.83095489393918        0.66150073710712        0.41619243426256
H            1.75383262176006       -0.87341241738528        0.37478336003024
O           -0.50489458563739        2.34873296505046        0.32127795235733
H           -1.46041464551838        2.26185685935939        0.33878473876758
H           -0.14110317397479        1.46489207891044        0.40178204919352
O           -0.79946305689057       -2.22437134258730        0.16527250905597
H           -0.28241224625067       -1.43687601040814        0.34784169989316
H           -1.62705707697298       -2.11417090448853        0.62714389531196
9
 energy: -15.223445489740 gnorm: 0.006940358978 xtb: 6.7.1pre (5071a88)
O            1.22780389933245       -0.08432048691134        0.52309323188843
H            1.82814456770243        0.66002071431480        0.40446108207041
H            1.74937609549850       -0.87930130570006        0.38176276045932
O           -0.48183998096206        2.29208194175980        0.32645896667736
H           -1.43730080346683        2.22632410843974        0.33353376082316
H           -0.13928207737413        1.39897671882614        0.39983774532276
O           -0.80442180644484       -2.16423797394073        0.16668290851973
H           -0.30791011455967       -1.35931476983079        0.34036563870570
H           -1.63456977953709       -2.09022894676639        0.64628174556462
9
 energy: -15.223474942408 gnorm: 0.002984042464 xtb: 6.7.1pre (5071a88)
O            1.24212574409154       -0.10860532503554        0.53448398296157
H            1.82291621458309        0.64545025540888        0.41475486012957
H            1.76933655119421       -0.89548708956154        0.37531686658834
O           -0.49038830222954        2.30504857008946        0.32531494840660
H           -1.44647265533896        2.23960722453167        0.33122297487084
H           -0.14974890929469        1.40834296239334        0.40689153296005
O           -0.80442559969351       -2.16027541497646        0.16424569665193
H           -0.30923999005768       -1.34976838137068        0.33050371974965
H           -1.63410305306570       -2.08431280128790        0.63974325771291
9
 energy: -15.223494913865 gnorm: 0.001818209107 xtb: 6.7.1pre (5071a88)
O            1.23941196991655       -0.09760050930591        0.53495501441699
H            1.82773778627791        0.65261285801389        0.41396579845026
H            1.75876187975195       -0.89078958653135        0.37428369739774
O           -0.48256100687716        2.29224688439364        0.32685579482733
H           -1.43974406014680        2.22975871266037        0.32370650704487
H           -0.14527106541843        1.39449200064895        0.41306905320014
O           -0.81041320649563       -2.15513331377942        0.16378684968732
H           -0.31293572578252       -1.34751186949851        0.32719802746051
H           -1.63498657103708       -2.07807517641043        0.64465709754634
9
 energy: -15.223501796491 gnorm: 0.004461474548 xtb: 6.7.1pre (5071a88)
O            1.23818597506185       -0.09214692495040        0.52742192490794
H            1.82586389557080        0.66107708770628        0.42103285472424
H            1.76082568839155       -0.87912874579421        0.36478922162499
O           -0.47703168908730        2.28025409506443        0.32839187233631
H           -1.43396265770181        2.21630144950654        0.30906493821141
H           -0.14049340488957        1.38398978484129        0.42413438743334
O           -0.81962937975684       -2.15019896044377        0.16429636824509
H           -0.31844761461423       -1.34513485523175        0.31918708461946
H           -1.63531081278561       -2.07501293050714        0.66415918792875
9
 energy: -15.223516280423 gnorm: 0.003196951139 xtb: 6.7.1pre (5071a88)
O            1.24131763022776       -0.09519651569702        0.52820414605352
H            1.82962549997018        0.65880590451079        0.42684562950352
H            1.76293006770326       -0.88313592957838        0.36111075692274
O           -0.47922541055724        2.28068160761558        0.32824368759734
H           -1.43548779350120        2.21478565651676        0.30106169199100
H           -0.14230776607531        1.38489681111291        0.42934476164385
O           -0.82310854686261       -2.14747061771396        0.16362150412518
H           -0.32005874591055       -1.34188809131891        0.31286077630629
H           -1.63368493480545       -2.07147882525649        0.67118488588809
9
 energy: -15.223544573524 gnorm: 0.002143262504 xtb: 6.7.1pre (5071a88)
O            1.24786616705175       -0.10316254579055        0.53083984658381
H            1.83343211991208        0.65483114564378        0.44497923306593
H            1.77030401546826       -0.88962153075453        0.34868076142891
O           -0.48439240205821        2.27862717389390        0.32777612557547
H           -1.43917479850116        2.20529950410507        0.26646332013841
H           -0.14507980714944        1.38551752255025        0.44478683568063
O           -0.83444728277133       -2.13882940144704        0.16327848180019
H           -0.32262632863385       -1.33449779209218        0.29725076993115
H           -1.62588168312922       -2.05816407591735        0.69842246582709
9
 energy: -15.223572212493 gnorm: 0.003982320138 xtb: 6.7.1pre (5071a88)
O            1.25171645582564       -0.11022292614420        0.53164377192577
H            1.83481953587746        0.65221035884712        0.46590707951975
H            1.77809957580758       -0.89228129267215        0.33544710979302
O           -0.49093890030469        2.27377984219795        0.32649792214757
H           -1.44144166559681        2.18960834028224        0.22560139196067
H           -0.14742794611731        1.38301212496643        0.45074827190945
O           -0.84778075099531       -2.12707450030875        0.16513534834801
H           -0.32275153534587       -1.32837815850377        0.28448949022963
H           -1.61429476896176       -2.04065378847344        0.73700745419781
9
 energy: -15.223611720526 gnorm: 0.009014638774 xtb: 6.7.1pre (5071a88)
O            1.25353626057080       -0.12440430152614        0.53387637181195
H            1.82920218459336        0.64685280264739        0.50591757732888
H            1.79319069967080       -0.89340146821757        0.31623577817871
O           -0.50171507641520        2.25625677033614        0.32398986983277
H           -1.44150515622316        2.15204154965961        0.14839412224979
H           -0.14970869395939        1.37012963903003        0.44966565288705
O           -0.87165013506843       -2.09721609218392        0.16986232443689
H           -0.32017444191818       -1.31238572998478        0.27252890330992
H           -1.59117564106156       -1.99787316956916        0.80200723999592
9
 energy: -15.223633863716 gnorm: 0.007074419351 xtb: 6.7.1pre (5071a88)
O            1.24872565195416       -0.13020376287751        0.53550072306226
H            1.81946983803042        0.64321821685695        0.51424155080711
H            1.79774005253561       -0.89107164789085        0.31711206131142
O           -0.50681077418744        2.24904098382654        0.32250711055649
H           -1.43786291198340        2.13913092501144        0.14224990540085
H           -0.14963951102610        1.36296934388596        0.42585120603668
O           -0.87483108168568       -2.08496869915764        0.17297066611825
H           -0.31312060784703       -1.30940529865332        0.28345533942704
H           -1.58367065560149       -1.97871006080992        0.80858927731189
9
 energy: -15.223715516270 gnorm: 0.005980202749 xtb: 6.7.1pre (5071a88)
O            1.25048321286407       -0.13108626076476        0.53991247439107
H            1.81757714600595        0.64467581595448        0.52992233648408
H            1.80307819123536       -0.88580719346082        0.31230009208175
O           -0.50703563677362        2.23147931505873        0.32186398141519
H           -1.43406882839489        2.11792058209415        0.09886738690547
H           -0.14912151086158        1.34418222158870        0.42396752542108
O           -0.89094820015808       -2.06410869965414        0.17688507250592
H           -0.31244807731779       -1.30119157260094        0.27887298657503
H           -1.57751629641028       -1.95606420802364        0.83988598425252
9
 energy: -15.223774469965 gnorm: 0.012654646192 xtb: 6.7.1pre (5071a88)
O            1.25697874733679       -0.13656421358521        0.54180111484359
H            1.82160803554486        0.64443384583536        0.56538530332030
H            1.81520620696699       -0.87898440358613        0.29614441852867
O           -0.50994675035615        2.20103078726681        0.32177931703038
H           -1.42778246260744        2.08677933780313        0.04893000737485
H           -0.14870978524309        1.31332432184846        0.41533269273275
O           -0.92195854617262       -2.02640620113746        0.18175104068712
H           -0.31345002858819       -1.28491554382120        0.26335057431497
H           -1.57194541669188       -1.91869793043185        0.88800337119970
9
 energy: -15.223795021402 gnorm: 0.011502321609 xtb: 6.7.1pre (5071a88)
O            1.26938016947284       -0.12957182681580        0.54462985320832
H            1.83453925393905        0.64877783097604        0.56279084282517
H            1.81862012510862       -0.87072668372195        0.29170641547525
O           -0.50534489118236        2.18641750864865        0.32443300913711
H           -1.42684046480102        2.09270285472047        0.05738479466750
H           -0.14708763886562        1.29572497547438        0.41275168288638
O           -0.93410916973692       -2.01487548952691        0.18560880576765
H           -0.31521279873498       -1.28854170011697        0.27235442175302
H           -1.59394458501035       -1.91990746944599        0.87081801431200
9
 energy: -15.223991311152 gnorm: 0.007011251826 xtb: 6.7.1pre (5071a88)
O            1.28100906286250       -0.14128987794082        0.54333250484160
H            1.83505106710304        0.64307594158594        0.58265718157222
H            1.84116323774307       -0.86975701036388        0.26867140283132
O           -0.52520244539668        2.18181300063366        0.32153401115070
H           -1.43404273054609        2.07444096587400        0.02271096077554
H           -0.15270892591609        1.29412198183963        0.38308673380649
O           -0.95606041131854       -1.99687144570444        0.19601795602647
H           -0.30524523626180       -1.29592031585361        0.29007809868470
H           -1.58396361808011       -1.88961323987844        0.91438899034360
9
 energy: -15.223857884308 gnorm: 0.028692594476 xtb: 6.7.1pre (5071a88)
O            1.31685920793276       -0.17922365155247        0.52624633818103
H            1.84670491670340        0.62380836646937        0.65785251877967
H            1.90564840059884       -0.86716155438006        0.18592804265601
O           -0.56678632879411        2.12939910929111        0.31968904784431
H           -1.44387259237650        2.00934692649507       -0.06972160681162
H           -0.16529320912412        1.25021698199379        0.31514712624179
O           -1.02965237186043       -1.90467982294920        0.22547612218263
H           -0.29040635313336       -1.27852398616713        0.33816928003030
H           -1.57320166975699       -1.78318236900804        1.02369097092932
9
 energy: -15.224165564718 gnorm: 0.014662559210 xtb: 6.7.1pre (5071a88)
O            1.31346454313252       -0.17307725406530        0.51532018993382
H            1.85266156100715        0.61876832212644        0.60383849122223
H            1.89078454203202       -0.88028058925366        0.20818784510168
O           -0.55223942539625        2.13566785715728        0.32372456384180
H           -1.44266769938968        2.03843286028630        0.01039344538947
H           -0.16631136567038        1.25328640195201        0.32254159041745
O           -1.00075924044028       -1.91498213717456        0.22005359013791
H           -0.30440133935794       -1.26017251295180        0.34331265032663
H           -1.59053157572773       -1.81764294788439        0.97510547366226
9
 energy: -15.224386676395 gnorm: 0.007015083619 xtb: 6.7.1pre (5071a88)
O            1.31384760026311       -0.17021868859859        0.50861824982001
H            1.85100146054143        0.61913209474832        0.62356673116151
H            1.89583193937805       -0.86889473564001        0.19727686693853
O           -0.55257126892012        2.12826506692861        0.32131278253286
H           -1.44921220553665        2.03315643533077        0.00217276021976
H           -0.16785818703127        1.24574182981395        0.32561817553537
O           -1.02399556882973       -1.88082362630576        0.19971849245591
H           -0.28816154199170       -1.27510558634678        0.35994883773969
H           -1.57888222768366       -1.83125278973821        0.98424494362962
9
 energy: -15.224512752845 gnorm: 0.005594311768 xtb: 6.7.1pre (5071a88)
O            1.31980945540344       -0.17947627219759        0.52700419037190
H            1.84341064897314        0.61783905369949        0.64432704055072
H            1.90356383964120       -0.85408710634999        0.16854211449419
O           -0.55057738233345        2.11652426512492        0.31897202211903
H           -1.45101898163372        2.02553207907443       -0.00585447567301
H           -0.16970918587361        1.23274404406175        0.32721890653781
O           -1.03550881425055       -1.85904499656682        0.19484084107969
H           -0.28716004323813       -1.27053412560741        0.35723107738251
H           -1.57280953649888       -1.82949694104646        0.99019612317042
9
 energy: -15.224654507814 gnorm: 0.015802487735 xtb: 6.7.1pre (5071a88)
O            1.33219574845189       -0.19776074339112        0.55677328846517
H            1.82738970046916        0.61517555444261        0.69633413053344
H            1.92512835775716       -0.82207439276241        0.11234565935411
O           -0.54766164447008        2.08973528670339        0.30918249209795
H           -1.45227822253058        2.00956532636690       -0.01838713220836
H           -0.17979377508867        1.20083018818945        0.32477361756799
O           -1.06321656565176       -1.80243069178013        0.17753564279084
H           -0.28344942190181       -1.25893657682261        0.35998760243272
H           -1.55831417684584       -1.83410395075378        1.00393253899941
9
 energy: -15.224845147983 gnorm: 0.014055887604 xtb: 6.7.1pre (5071a88)
O            1.34072682996030       -0.21040635711463        0.55926605227513
H            1.81880366392347        0.60624317192868        0.75237025132034
H            1.94683990835903       -0.79947831653521        0.08580615214438
O           -0.54193693200337        2.06217433116102        0.29281736951752
H           -1.45063834566476        1.99218753933279       -0.02606876982317
H           -0.19210776210764        1.16575232176820        0.32335822038701
O           -1.07535941257232       -1.76255161682318        0.17693216218882
H           -0.28782913603757       -1.23680187852223        0.35528598186057
H           -1.55849881366767       -1.81711919500313        1.00271042016266
9
 energy: -15.225121342825 gnorm: 0.016957518691 xtb: 6.7.1pre (5071a88)
O            1.35869720502154       -0.22325044752841        0.56782705636773
H            1.81281068135350        0.59448930630857        0.81831093304692
H            1.97929864711999       -0.76532422288033        0.08083585348004
O           -0.54408940479621        2.00816990447345        0.26320169339971
H           -1.45305654493004        1.94666444258478       -0.04395473247438
H           -0.21365224750844        1.10423514774611        0.30788052189002
O           -1.11461401682530       -1.66092305786887        0.15774144230455
H           -0.28369097117958       -1.20315175131790        0.35514396706051
H           -1.54170334806600       -1.80090932132504        1.01549110495818
9
 energy: -15.225395416617 gnorm: 0.019408651113 xtb: 6.7.1pre (5071a88)
O            1.38240927380281       -0.24302878918241        0.62508865050839
H            1.80722516711137        0.58395932350642        0.83281292735145
H            1.99449002133592       -0.73480855918807        0.07826891140821
O           -0.55194177928277        1.95546299795806        0.24600149268317
H           -1.45065931567258        1.89387333498250       -0.05995172348418
H           -0.22462207142422        1.05140788615734        0.28412256597236
O           -1.13389058360658       -1.58411405743255        0.15810147506501
H           -0.27170861516068       -1.17785982977362        0.35695753587415
H           -1.55130209691382       -1.74489230683520        1.00107600465472
9
 energy: -15.223636879974 gnorm: 0.061819824135 xtb: 6.7.1pre (5071a88)
O            1.41426072626889       -0.29208674857232        0.69769736493442
H            1.76824556654797        0.56889889526481        0.92715884583544
H            2.04368877384529       -0.66869350006197        0.00126341398276
O           -0.54797972204153        1.88298564889007        0.21402661675612
H           -1.45056238595506        1.83706468316491       -0.08197243112907
H           -0.24293110507871        0.97055252772805        0.25822717662614
O           -1.17287492919863       -1.45579011616544        0.14208915768155
H           -0.27709902873329       -1.11867442873127        0.35431199072151
H           -1.53474789546549       -1.72425696132430        1.00967570462444
9
 energy: -15.225595012179 gnorm: 0.019919288778 xtb: 6.7.1pre (5071a88)
O            1.39993332725561       -0.27660319197003        0.64131642332923
H            1.77710679274638        0.56998894525547        0.90969271240928
H            2.03963822377166       -0.70584189055186        0.06614769311080
O           -0.54311283763052        1.90098301754154        0.21041564177149
H           -1.45510187865447        1.85257092713078       -0.07094686324308
H           -0.23653906371228        0.98882421636491        0.26050959330040
O           -1.14226664540125       -1.49991665338084        0.15847830167799
H           -0.29768980808580       -1.10139722319495        0.34241797413845
H           -1.54196811009991       -1.72860814700250        1.00444636353873
9
 energy: -15.222529832553 gnorm: 0.074785733834 xtb: 6.7.1pre (5071a88)
O            1.41078107518226       -0.27294288698464        0.62461486554390
H            1.78372773331681        0.57040783647241        0.92531377582204
H            2.06262524744593       -0.70468716713686        0.10076555714461
O           -0.54991680075742        1.88095233716197        0.19670779405121
H           -1.46712122776456        1.83900120101126       -0.07393143427350
H           -0.25412290450985        0.96469085956078        0.25343707173420
O           -1.18433771825948       -1.45197221745192        0.14113051911539
H           -0.22252301258619       -1.18640123914734        0.38436281396910
H           -1.57911239187809       -1.63904872329308        0.97007687692634
9
 energy: -15.226020730614 gnorm: 0.006600978382 xtb: 6.7.1pre (5071a88)
O            1.41137669184152       -0.28601317727993        0.65717747509876
H            1.77319647157613        0.56798268387948        0.90635535663404
H            2.05557812020405       -0.70371764558587        0.08233629108322
O           -0.54703619369788        1.88667501664347        0.20220530045459
H           -1.46346506517498        1.84629477799306       -0.07193107725745
H           -0.24653694639197        0.97264035823470        0.24536842654952
O           -1.15506335801584       -1.46933845374576        0.15198821271711
H           -0.27488191961066       -1.11866020894972        0.35604943287076
H           -1.55316780054096       -1.69586335099686        0.99292842188275
9
 energy: -15.226200926406 gnorm: 0.008702425978 xtb: 6.7.1pre (5071a88)
O            1.42354543506322       -0.30766265270024        0.67398284307999
H            1.75384761806990        0.55948035426734        0.93776202681746
H            2.08117656971882       -0.68937831889463        0.08471356552962
O           -0.54517617253596        1.85941054020036        0.18171127780688
H           -1.46699835118155        1.82803415515606       -0.07510582742798
H           -0.25738893227118        0.94085213318724        0.22395675299979
O           -1.16243783444948       -1.41629060560096        0.14900400381931
H           -0.27591019151150       -1.09181646336846        0.35756375678702
H           -1.55065814071287       -1.68262914205412        0.98888944062120
9
 energy: -15.226480280810 gnorm: 0.021692131146 xtb: 6.7.1pre (5071a88)
O            1.45346099488694       -0.35801241147130        0.72828726593260
H            1.71470761629603        0.53873168722606        0.98672765924093
H            2.12425607980505       -0.66408998291862        0.09518411761598
O           -0.54164992133718        1.80479364116180        0.13925610745485
H           -1.47814305649052        1.80585151742558       -0.07463879469503
H           -0.28990161814784        0.87326946795150        0.16569675944610
O           -1.17072965363421       -1.30576417721874        0.14513663223047
H           -0.26188035540386       -1.05277021190265        0.36708150815240
H           -1.55012008578503       -1.64200953006096        0.96974658465504
9
 energy: -15.226946028684 gnorm: 0.019090913872 xtb: 6.7.1pre (5071a88)
O            1.46691701660348       -0.38264508605644        0.75840675859785
H            1.70168090284398        0.52436198730773        0.99515184576035
H            2.12542605826011       -0.66804827380980        0.10660966345604
O           -0.54306873414379        1.79592843631699        0.12136854467000
H           -1.48829755507084        1.81927610451909       -0.06659974264281
H           -0.31301310455161        0.85773689001998        0.13093637512576
O           -1.16000403766327       -1.26631821326779        0.14498812694509
H           -0.23977958867209       -1.05603018744356        0.37957771717016
H           -1.54986095741659       -1.62426165739351        0.95203855095088
9
 energy: -15.228209197680 gnorm: 0.028797105709 xtb: 6.7.1pre (5071a88)
O            1.50184120953565       -0.46482429574102        0.82641790717581
H            1.64124854603663        0.48091929680163        1.00246806001671
H            2.12314277085270       -0.69487005728838        0.13094661123980
O           -0.54880125136816        1.80245117038243        0.08510041843803
H           -1.50013227096035        1.89537908072444       -0.05931380055932
H           -0.39364136193686        0.84472946841834        0.06551498723247
O           -1.10208524030823       -1.18404294032607        0.15527217526709
H           -0.16133331221099       -1.09784714971043        0.43235919206953
H           -1.56023908945104       -1.58189457306822        0.88371228915321
9
 energy: -15.227623027565 gnorm: 0.056556069112 xtb: 6.7.1pre (5071a88)
O            1.55488547389746       -0.52465900381125        0.90856716742878
H            1.62815545016009        0.42312160283685        1.00110319929787
H            2.07981187218861       -0.71821623174312        0.14839461887764
O           -0.57166206846635        1.78272771713383        0.05456361142372
H           -1.50552729430420        1.95646508709530       -0.08589044953985
H           -0.50367520353444        0.80704619892555        0.00888194717056
O           -1.02685999130742       -1.04735013853812        0.16082757635151
H           -0.08957778994613       -1.09318288967126        0.52722446381690
H           -1.56555044849828       -1.58595234203504        0.79880570520619
9
 energy: -15.228912138972 gnorm: 0.045696851052 xtb: 6.7.1pre (5071a88)
O            1.56251789540194       -0.52089648271656        0.91298530556094
H            1.64630366291979        0.40754210362438        1.01742380454743
H            2.04641132345395       -0.72112612359425        0.10480081552524
O           -0.57104649685561        1.78563234622468        0.06329763902704
H           -1.49450943899575        1.97668636002877       -0.09033226771065
H           -0.52593457316337        0.80910611896471        0.03682253579390
O           -1.00606422196929       -1.08644577933505        0.18352847934991
H           -0.10373714273279       -1.08874991883150        0.48522960520933
H           -1.55394100786954       -1.56174862417248        0.80872192273016
9
 energy: -15.222130066375 gnorm: 0.108972740723 xtb: 6.7.1pre (5071a88)
O            1.60175120885429       -0.62034719067269        0.94854850037473
H            1.51919007718014        0.41583804643636        1.04443728768776
H            2.17012512606324       -0.70055764430814        0.10952746379859
O           -0.54636365403225        1.74386669144666        0.03188464084086
H           -1.49956800459391        2.00941810816551       -0.06645328672394
H           -0.57025656250395        0.74840385907956       -0.00858758083696
O           -1.02706210231349       -1.01765953844949        0.18704813671375
H           -0.08935293220164       -1.09604957408903        0.47776521020238
H           -1.55846315626313       -1.48291275741595        0.79830746797615
9
 energy: -15.229709897764 gnorm: 0.045271828021 xtb: 6.7.1pre (5071a88)
O            1.58604043196429       -0.56572540796489        0.88303930768179
H            1.58019324634556        0.40394142244809        1.04928837518510
H            2.12990557756889       -0.73116672569418        0.13590317565067
O           -0.57442413029944        1.76152195007660        0.03937919266799
H           -1.50124514233422        1.96875640003221       -0.09098164686967
H           -0.55025636864226        0.79554510505850        0.03297544312625
O           -1.02589976303769       -1.02881211451377        0.17903817879750
H           -0.09274145406659       -1.09662767470962        0.48899060551756
H           -1.55157239730926       -1.50743295454016        0.80484520827612
9
 energy: -15.225337164295 gnorm: 0.107283804571 xtb: 6.7.1pre (5071a88)
O            1.60781724913163       -0.55939583697312        0.95917131908867
H            1.64761922342394        0.34204009388496        1.07590933420071
H            2.02000628322071       -0.71655235364414        0.07295508131873
O           -0.57267665480491        1.74566083881815        0.03021549973183
H           -1.49087071104933        2.05063312223499       -0.09796552231954
H           -0.65077528595639        0.74282308871851       -0.00109336864964
O           -0.94858301413471       -0.98132729495814        0.19282189371943
H           -0.05332428525304       -1.08141020338403        0.54770117376617
H           -1.55921280438857       -1.54247145450449        0.74276242917695
9
 energy: -15.230903780698 gnorm: 0.018632030058 xtb: 6.7.1pre (5071a88)
O            1.60605175280416       -0.58724414661535        0.93043477443027
H            1.59057517759932        0.37552626102131        1.03667164750280
H            2.08738681672813       -0.73635028623077        0.10696819061461
O           -0.58660855410657        1.76895866149149        0.04320229294082
H           -1.49147061019924        2.01391996042492       -0.11372019790406
H           -0.59963504486593        0.79979880789034        0.03453889213248
O           -0.97758729043993       -1.01282420945371        0.18825060549052
H           -0.07206509307461       -1.09747638709749        0.53135775101305
H           -1.55664715425603       -1.52430866123801        0.76477388381280
9
 energy: -15.226409651584 gnorm: 0.091591598296 xtb: 6.7.1pre (5071a88)
O            1.60049677544072       -0.57286725035288        0.86979056620876
H            1.58325385356419        0.38469418803467        1.05299580597029
H            2.12070282151364       -0.75166681532643        0.12850236113926
O           -0.55317179708017        1.76177034001460        0.03722092087661
H           -1.48853215512818        2.11184464070930       -0.08716699543118
H           -0.66827304920371        0.75246651380168        0.04127263421413
O           -0.99426837761863       -1.04563410019752        0.18483553248061
H           -0.07327151361149       -1.12916114720951        0.49785343650904
H           -1.52693655768710       -1.51144636928123        0.79717357806578
9
 energy: -15.231269175729 gnorm: 0.014253323971 xtb: 6.7.1pre (5071a88)
O            1.60976905356585       -0.58153771381208        0.90366942439566
H            1.59309503911675        0.37256031824210        1.04109292315620
H            2.10182903194129       -0.73549182781647        0.09337551243519
O           -0.58252724273526        1.76942007066106        0.05017481209126
H           -1.48948617260773        2.04965684105416       -0.10770283991829
H           -0.62831469340976        0.79371469318160        0.05446707932690
O           -0.98969819283205       -1.02626963318060        0.18741097983800
H           -0.07321791627335       -1.11969011007090        0.51683544806378
H           -1.54144890657644       -1.52236263806615        0.78315450064460
9
 energy: -15.231183525474 gnorm: 0.025944643353 xtb: 6.7.1pre (5071a88)
O            1.62642173181765       -0.59812594628976        0.91641313075784
H            1.57740857260498        0.37065850689883        0.99511841509631
H            2.09900343235125       -0.74611899560143        0.09918200776104
O           -0.58917249931490        1.77396781883223        0.06377290753316
H           -1.48145452176845        2.07594839824764       -0.11413898736519
H           -0.65130419274307        0.80177639298753        0.05737120035808
O           -0.95918302832942       -1.02099004174903        0.19756279579669
H           -0.06639648866454       -1.11545650813908        0.54933883650515
H           -1.55532300576418       -1.54165962499421        0.75785753359021
9
 energy: -15.231580307709 gnorm: 0.008161656441 xtb: 6.7.1pre (5071a88)
O            1.63619072746197       -0.60005013517110        0.90827928347972
H            1.58250546147504        0.35802304732256        1.02415500577589
H            2.10567009906652       -0.73810920296071        0.08251632034303
O           -0.59437566291420        1.75449608601547        0.05898583823081
H           -1.48199553625019        2.06196527848334       -0.12082608993505
H           -0.66760536526270        0.78364932592845        0.06942030653157
O           -0.97043656135058       -0.99507757468090        0.19904613871185
H           -0.06348835168525       -1.11309524297903        0.53518266967847
H           -1.54646481035128       -1.51180158176533        0.76571836721700
9
 energy: -15.231649413058 gnorm: 0.009984584658 xtb: 6.7.1pre (5071a88)
O            1.63172455716965       -0.58830032478781        0.88049669804956
H            1.58045696993534        0.36532939051255        1.00460642846515
H            2.10484564240313       -0.73587498647074        0.05461093926461
O           -0.58815577779632        1.77524773399011        0.08322504331461
H           -1.47162169554201        2.10287019445895       -0.11476857878463
H           -0.67643769084335        0.80422809641595        0.09954572667733
O           -0.96899920073742       -1.03747060909441        0.19933109740901
H           -0.06351780411478       -1.14665495614612        0.54614401824541
H           -1.54829500028490       -1.53937453868579        0.76928646739223
9
 energy: -15.231856971762 gnorm: 0.009134897864 xtb: 6.7.1pre (5071a88)
O            1.64677498932894       -0.59255929793537        0.87763634629591
H            1.57330909397779        0.36177693260012        0.98943633197417
H            2.11138079889537       -0.73054974097303        0.04797786465931
O           -0.59088369873915        1.75753052887031        0.09248201690324
H           -1.46249184740670        2.10664652948157       -0.11801825371955
H           -0.70182979126731        0.78827529843961        0.11171272126748
O           -0.96861228108493       -1.02026000521398        0.20672647430259
H           -0.06393260263712       -1.14172351848658        0.54189107302469
H           -1.54371466087755       -1.52913672658990        0.77263326532544
9
 energy: -15.232065780779 gnorm: 0.009879997528 xtb: 6.7.1pre (5071a88)
O            1.67231625220296       -0.59836234880007        0.85305327813547
H            1.54412241325965        0.35503302131470        0.96459172799643
H            2.12506782311765       -0.71399171857697        0.01565143666763
O           -0.58945285100733        1.73270123815380        0.11707414458412
H           -1.43962864777361        2.12235864731693       -0.10323362670567
H           -0.74504428280512        0.77333086332644        0.13213614931496
O           -0.96049047186524       -0.99762040113366        0.22206570451026
H           -0.05910851665630       -1.14571307918271        0.55443569712593
H           -1.54778171828329       -1.52773622222569        0.76670332840415
9
 energy: -15.232319503318 gnorm: 0.011463877890 xtb: 6.7.1pre (5071a88)
O            1.67786939880440       -0.58032840225677        0.82272786541569
H            1.51989992731750        0.36874574256316        0.91554435815111
H            2.12903355338298       -0.68861515670606       -0.01403097099146
O           -0.57554904891766        1.72057505376697        0.15556284393214
H           -1.40420158361343        2.14571559999012       -0.08489072723663
H           -0.77003982868617        0.76616207682858        0.16388184295895
O           -0.97012698231238       -1.01753318502959        0.23293551435382
H           -0.06645695473722       -1.16632527151444        0.54311666624992
H           -1.54042848104862       -1.54839645744921        0.78763044719973
9
 energy: -15.232895340051 gnorm: 0.005525829987 xtb: 6.7.1pre (5071a88)
O            1.67923043969476       -0.57471829280764        0.81847217018411
H            1.46999801090838        0.36397121819832        0.90708497590972
H            2.13256054628498       -0.66748576262317       -0.02194125631843
O           -0.55716473973924        1.70479166026440        0.17102935430244
H           -1.36389100573365        2.16094313348218       -0.07937519731744
H           -0.77783404454786        0.75609545208844        0.14120544149250
O           -0.98690525476468       -1.04358110218288        0.22864578374685
H           -0.06579348023907       -1.14293838930019        0.52716219675444
H           -1.53020047167423       -1.55707791692661        0.83019437127907
9
 energy: -15.233341969671 gnorm: 0.020670831197 xtb: 6.7.1pre (5071a88)
O            1.64109553630381       -0.55008441301053        0.79640109686863
H            1.37670970692563        0.37529758530592        0.88056718537630
H            2.14139779477201       -0.62456214412970       -0.02421931277866
O           -0.51118950631723        1.66123019436705        0.20667123065589
H           -1.26622502617489        2.19335067467963       -0.06943965519228
H           -0.79882683215845        0.72858324445046        0.09935840005519
O           -1.00951253788795       -1.09435073735944        0.22493046275174
H           -0.06355749447536       -1.12492770754778        0.49796195801748
H           -1.50989164079816       -1.56453669656266        0.91024647427895
9
 energy: -15.233724152458 gnorm: 0.009917972442 xtb: 6.7.1pre (5071a88)
O            1.62589933756726       -0.53589042328516        0.79483994932777
H            1.34141099533562        0.38569614397422        0.86220879795509
H            2.13334828817246       -0.61502211222426       -0.01999729789536
O           -0.49460131423248        1.65067455015182        0.20943898899869
H           -1.24019428673459        2.18886651291943       -0.06950266720094
H           -0.78957881718194        0.72453404330396        0.10340925231962
O           -1.00115244335089       -1.09617816395449        0.23121164565448
H           -0.06293480144253       -1.13765067068866        0.51384177465292
H           -1.51219695794352       -1.56502988000390        0.89702739622097
9
 energy: -15.234200750929 gnorm: 0.005090099259 xtb: 6.7.1pre (5071a88)
O            1.58858821873380       -0.49402615368208        0.79407093982584
H            1.26368354377879        0.41821821253871        0.81971489443738
H            2.11038364611248       -0.58581668314248       -0.00678539165967
O           -0.44886527136663        1.60711229388016        0.22492255119238
H           -1.15815743687883        2.18314919470267       -0.07063354861685
H           -0.78014645977257        0.69932432194955        0.09999771820738
O           -0.99908627226193       -1.12071897541489        0.23034279749716
H           -0.06550596301591       -1.15476547664010        0.51577623232145
H           -1.51089400513980       -1.55247673399856        0.91507164682817
9
 energy: -15.234473026068 gnorm: 0.008271083673 xtb: 6.7.1pre (5071a88)
O            1.55475462256132       -0.44845091915559        0.79456789105356
H            1.20995690240527        0.45490733368468        0.78775658081090
H            2.09094416714364       -0.54955693764150        0.00669746966277
O           -0.40333980860287        1.55415578294696        0.23417460283306
H           -1.07289259726639        2.17459330594532       -0.07003471938947
H           -0.77823008673533        0.66529800493339        0.08819388694257
O           -1.00738805701013       -1.15323009211004        0.22235353436316
H           -0.07638413857277       -1.16573478462242        0.51484206809901
H           -1.51742100373331       -1.53198169378779        0.94392652565770
9
 energy: -15.234529868125 gnorm: 0.006910844057 xtb: 6.7.1pre (5071a88)
O            1.55340266541003       -0.42924584985338        0.80543286371866
H            1.18259332454203        0.46905486678888        0.77033177288568
H            2.08784548400702       -0.53548145857982        0.01862580937078
O           -0.38640603429629        1.53444102960664        0.22894766743372
H           -1.04147410096975        2.16582556797805       -0.07104294506216
H           -0.77227270872515        0.65244206528860        0.07463984251530
O           -1.01759028230095       -1.16166257655666        0.22717272126721
H           -0.08338648495579       -1.17055969959138        0.51006705018858
H           -1.52271186252171       -1.52481394488789        0.95830305771552
9
 energy: -15.234580202844 gnorm: 0.004500966893 xtb: 6.7.1pre (5071a88)
O            1.55610568989163       -0.42636106980929        0.80753615604301
H            1.19865674978129        0.47011965524606        0.77932688166475
H            2.09735338704330       -0.52583042993547        0.02276846377888
O           -0.38807239168511        1.52690584852524        0.21935845259161
H           -1.03325357687422        2.16646535476212       -0.08246976784946
H           -0.78248925475384        0.64826231316209        0.06463018183522
O           -1.02708303576340       -1.16388464708210        0.23433282210768
H           -0.09091677874563       -1.17075804088259        0.51374907107936
H           -1.53030078870456       -1.52491898379300        0.96324557878227
9
 energy: -15.234638670415 gnorm: 0.005400477073 xtb: 6.7.1pre (5071a88)
O            1.56502150979327       -0.43053359085062        0.81186127633319
H            1.18989889933551        0.46100439958555        0.78597530357978
H            2.11731578799450       -0.51467834146623        0.02972223296548
O           -0.39288425861060        1.52072727655378        0.20585097382933
H           -1.02417428132620        2.17308364684263       -0.10661819107021
H           -0.80082362788175        0.64673121201689        0.05662784429551
O           -1.02712015345351       -1.17242409995149        0.23706095911304
H           -0.09248344539333       -1.17242696562498        0.52393115276409
H           -1.53475043026840       -1.51148353691240        0.97806628822312
9
 energy: -15.234666971300 gnorm: 0.005193739411 xtb: 6.7.1pre (5071a88)
O            1.57064871536396       -0.43408168205599        0.81853435718283
H            1.18565796284138        0.45390206544099        0.79198399283502
H            2.12408300356847       -0.50946912950841        0.03672479424225
O           -0.39899926288300        1.52338488396033        0.19334283310659
H           -1.02546173698796        2.17009302401171       -0.13028078640233
H           -0.80289109320506        0.64998467402365        0.05196478066711
O           -1.02670148013312       -1.17259055988538        0.24505237106851
H           -0.09097248781071       -1.18055625561911        0.52286090610966
H           -1.53536362056446       -1.50066702017461        0.99229459122375
9
 energy: -15.234676602245 gnorm: 0.007731192008 xtb: 6.7.1pre (5071a88)
O            1.57255690700375       -0.43041540418813        0.82798081529590
H            1.16078653840644        0.44900840086423        0.79207929560219
H            2.12999948001541       -0.49287526526288        0.04939868662994
O           -0.39712695429318        1.51593034686775        0.18327833385875
H           -0.99652305117002        2.17591464006331       -0.17742837642525
H           -0.81820665603201        0.64913809217467        0.04268334791150
O           -1.02972662235794       -1.17666183199312        0.26584803722827
H           -0.08965537411134       -1.19359621853644        0.52293844687970
H           -1.53210426727160       -1.49644275979614        1.01569925305240
9
 energy: -15.234732141867 gnorm: 0.003273433816 xtb: 6.7.1pre (5071a88)
O            1.56215137983385       -0.42413544610172        0.82788584225328
H            1.15397077494611        0.45346171995661        0.79105879510121
H            2.13062831045631       -0.48632714139547        0.05666310568618
O           -0.39037114621122        1.50933904844013        0.17682185290628
H           -0.98435885061756        2.16921469704203       -0.18547518678484
H           -0.81517299337302        0.64425773105604        0.03981932573166
O           -1.03178771211470       -1.18401507537339        0.26420560511274
H           -0.09297863088172       -1.19007248771496        0.52890734836229
H           -1.53208113184852       -1.49172304571598        1.02259115166463
9
 energy: -15.234761578009 gnorm: 0.002515563777 xtb: 6.7.1pre (5071a88)
O            1.55665817932450       -0.42131144779632        0.83559467912363
H            1.14485621366136        0.45288596813946        0.79265398487901
H            2.13550393036977       -0.48171628823506        0.07261498659060
O           -0.38959213403232        1.50639404468981        0.16282611103976
H           -0.97046450562023        2.16467238348893       -0.22098148828179
H           -0.82089453207547        0.64309059446971        0.03796192325589
O           -1.03394969937892       -1.18887503578083        0.27089136734764
H           -0.09414840727168       -1.18868669780182        0.53408238987703
H           -1.52796904478744       -1.48645352098055        1.03683388620172
9
 energy: -15.234796314157 gnorm: 0.006205014123 xtb: 6.7.1pre (5071a88)
O            1.54210095798494       -0.41385371805373        0.85619306756040
H            1.12024663327781        0.45314058313616        0.79260704049428
H            2.15345490147944       -0.47356087690089        0.11710950022117
O           -0.38960958295877        1.50009326379974        0.13005655702446
H           -0.93628908957479        2.15364722188255       -0.31401238852880
H           -0.83731756758478        0.64056439903812        0.03253886616074
O           -1.04084865187734       -1.19687119383919        0.29245748608795
H           -0.09514714387590       -1.19325906007412        0.53499620518820
H           -1.51659045668097       -1.46990061879522        1.08053150582517
9
 energy: -15.234826205782 gnorm: 0.004094672130 xtb: 6.7.1pre (5071a88)
O            1.53644535990184       -0.41381125159828        0.87565446106761
H            1.11898522572644        0.45445618365511        0.79234525710824
H            2.15941666149820       -0.48729278188859        0.15017099963658
O           -0.39532729341910        1.50737332818296        0.10348288474317
H           -0.93556342118594        2.14239413698791       -0.36537486413066
H           -0.84335508302289        0.64341846051595        0.03215148961842
O           -1.04192890058048       -1.19131455887620        0.30357731564607
H           -0.09379150805106       -1.18860638827354        0.53650482422479
H           -1.50488104067735       -1.46661712851186        1.09396547211943
9
 energy: -15.234842724143 gnorm: 0.002672160672 xtb: 6.7.1pre (5071a88)
O            1.53283320169837       -0.40894704626462        0.88353049094728
H            1.11489305479696        0.45876589649699        0.79186582994768
H            2.16110509672376       -0.48391217586334        0.16407643149946
O           -0.39340479762704        1.50215589442216        0.09469149902647
H           -0.92447544788702        2.13132707016649       -0.39726658327011
H           -0.84407783954690        0.63945020147841        0.03609083416141
O           -1.04634798802107       -1.19106823075957        0.30879948313958
H           -0.09650084714100       -1.19029450059031        0.53299212042718
H           -1.50402443280636       -1.45747710889271        1.10769773415473
9
 energy: -15.234851215426 gnorm: 0.003687187828 xtb: 6.7.1pre (5071a88)
O            1.52931939557292       -0.40532001311022        0.88259965804086
H            1.11376804234998        0.46402868601232        0.78939959988394
H            2.17063201667038       -0.47823393299434        0.17058260689530
O           -0.38946872948828        1.49603931352398        0.09232751881005
H           -0.92093481294428        2.11883021901595       -0.40429950977327
H           -0.83811423714509        0.63398224915998        0.03723083899226
O           -1.05311133136856       -1.18712524688436        0.31189849600872
H           -0.10219091850675       -1.19188827632448        0.52865444019508
H           -1.50989942495060       -1.45031299820532        1.11408419098076
9
 energy: -15.234865549201 gnorm: 0.002476164258 xtb: 6.7.1pre (5071a88)
O            1.53095971002621       -0.40661629363379        0.88502466309309
H            1.11676535692395        0.46329526228395        0.79445216490760
H            2.17296278886905       -0.47474350848873        0.17478521627276
O           -0.39007119802591        1.49573913980185        0.08609546717840
H           -0.91911383224346        2.11221346969776       -0.42273100675520
H           -0.83989944545035        0.63301791806220        0.04072680186582
O           -1.05493730785878       -1.18438695245436        0.31535279835723
H           -0.10488318703505       -1.19025460936983        0.53328011232031
H           -1.51178288501594       -1.44826442570553        1.11549162279370
9
 energy: -15.234873646502 gnorm: 0.001536561411 xtb: 6.7.1pre (5071a88)
O            1.53060387453183       -0.40694003027475        0.89094154174736
H            1.11488256441380        0.46287410350424        0.80044237175172
H            2.17903504675281       -0.46785309192163        0.18744944772293
O           -0.38948341870393        1.49379115077859        0.07133617033336
H           -0.91249468864902        2.10104407459681       -0.45389046302366
H           -0.84315930350556        0.63048252832405        0.03849866869630
O           -1.05853047771584       -1.18274022029673        0.32286728063832
H           -0.10792506388400       -1.18995645517976        0.53806161154646
H           -1.51292853305034       -1.44070205933727        1.12677121062096
9
 energy: -15.234874066440 gnorm: 0.003831874826 xtb: 6.7.1pre (5071a88)
O            1.52604833247260       -0.40790384427776        0.89320648784108
H            1.11099508819222        0.46251705429668        0.80533299802293
H            2.19022223901120       -0.45915683804130        0.20182096289414
O           -0.38844024989252        1.49389563958603        0.05888676194657
H           -0.90565902214785        2.08582037879177       -0.49191229379417
H           -0.84108824689404        0.62950701142981        0.04080193628104
O           -1.06522719268536       -1.17822356573281        0.33420993072420
H           -0.11216251229509       -1.19025532574736        0.54096304422924
H           -1.51468843557139       -1.43620051011143        1.13916801188874
9
 energy: -15.234873070294 gnorm: 0.002336401196 xtb: 6.7.1pre (5071a88)
O            1.52708767145489       -0.40951441868792        0.88637185485376
H            1.11462814136417        0.46278591160105        0.80718505359504
H            2.18728285042542       -0.45534813184061        0.19286308462742
O           -0.38662156369725        1.49464649933146        0.06502193326354
H           -0.91036630491133        2.08391531550800       -0.47701660777140
H           -0.83453720646301        0.62966779023251        0.04149715917755
O           -1.06557750476168       -1.17614325901835        0.33219874030306
H           -0.11293501726942       -1.19152411661860        0.54102910671029
H           -1.51896106595204       -1.43848559031391        1.13332751527451
9
 energy: -15.234881465721 gnorm: 0.000804427330 xtb: 6.7.1pre (5071a88)
O            1.52557411146256       -0.40656819911386        0.89189094273218
H            1.11027665447925        0.46403196750826        0.80285458044678
H            2.18840167649544       -0.45910032184444        0.20051562278825
O           -0.38745504064399        1.49339201660909        0.06062327763045
H           -0.90539425757386        2.08774641796977       -0.48295308432691
H           -0.83991403139887        0.62969339833881        0.03926946686478
O           -1.06391211972939       -1.18045136734138        0.33163319538457
H           -0.11173080019889       -1.19268426259384        0.54125467900794
H           -1.51584619270248       -1.43605964933880        1.13738915950573
9
 energy: -15.234882952245 gnorm: 0.000953249056 xtb: 6.7.1pre (5071a88)
O            1.52445958035477       -0.40596977280969        0.89305259226772
H            1.11046981645639        0.46469683344169        0.80194547873046
H            2.18978545405246       -0.45923039436426        0.20459215499473
O           -0.38798944437520        1.49371533766460        0.05920404172387
H           -0.90301793933614        2.08615666550588       -0.49013264835710
H           -0.84105570446072        0.63032646460589        0.04068793232576
O           -1.06502708552356       -1.18047541652405        0.33296348265258
H           -0.11228387389045       -1.19326053186104        0.54054690869964
H           -1.51534080308778       -1.43595918546541        1.13961789699613
9
 energy: -15.234886908709 gnorm: 0.001443034524 xtb: 6.7.1pre (5071a88)
O            1.52196147057854       -0.40473502309342        0.89389488807793
H            1.10802277763347        0.46551738583443        0.79737659340597
H            2.19750863897202       -0.45718552090417        0.21536362777414
O           -0.38878268350723        1.49395474757107        0.05632937543755
H           -0.89507175375814        2.08269313789540       -0.50543796797283
H           -0.84475133605615        0.63228557575109        0.04366912977203
O           -1.06819101651791       -1.18132566521158        0.33608029805927
H           -0.11490768460642       -1.19450541995613        0.54143996837417
H           -1.51578841254840       -1.43669921769308        1.14376192710556
9
 energy: -15.234893556892 gnorm: 0.001985159029 xtb: 6.7.1pre (5071a88)
O            1.51835453884602       -0.40446571507652        0.89106835694044
H            1.10466832661241        0.46494450849529        0.78817095624765
H            2.21294963501760       -0.45158880761361        0.23155202537425
O           -0.39114146174322        1.49490441062800        0.05704943577860
H           -0.88091351587902        2.07606590522128       -0.52735094361659
H           -0.85229620746927        0.63675582883586        0.05042731040186
O           -1.07494481434075       -1.18135159357883        0.34100236516537
H           -0.12001920609943       -1.19655578618469        0.53896237337987
H           -1.51665729475454       -1.43870875053315        1.15159596036235
9
 energy: -15.234901349039 gnorm: 0.001999127484 xtb: 6.7.1pre (5071a88)
O            1.51710423897410       -0.40552236503712        0.88422346022708
H            1.10097745391701        0.46268470908268        0.77479597771253
H            2.22704880918560       -0.44771808416100        0.24180586947515
O           -0.39410562320532        1.49670282046744        0.06661893456415
H           -0.86779373865523        2.07265561258517       -0.53555101086695
H           -0.86104481339647        0.64221110664782        0.06114708329692
O           -1.08010414147177       -1.18025520715238        0.34178091937807
H           -0.12479426746245       -1.19579097672545        0.53563302637619
H           -1.51728791769568       -1.44496761551358        1.15202357987063
9
 energy: -15.234906030664 gnorm: 0.003260654928 xtb: 6.7.1pre (5071a88)
O            1.51570055450513       -0.40914080151150        0.87467221214148
H            1.09730302309664        0.45731357025052        0.75984968403553
H            2.25190524533836       -0.43853808655250        0.25938659819681
O           -0.39991398182578        1.49857691465521        0.07618967453213
H           -0.84882971868426        2.06204410255463       -0.55778321764341
H           -0.87471289716927        0.64762447747082        0.07559651817715
O           -1.08987559485421       -1.17516784268121        0.34653446399640
H           -0.13294401237463       -1.19377663252260        0.52901865719064
H           -1.51863261784218       -1.44893570146977        1.15901324940705
9
 energy: -15.234911246454 gnorm: 0.001354322637 xtb: 6.7.1pre (5071a88)
O            1.51867048593296       -0.41292330615884        0.86576292999982
H            1.09917453489966        0.45294052543203        0.75455482034033
H            2.25520329079861       -0.43735272521953        0.25293153645773
O           -0.40339245554274        1.50102784836077        0.09012967333059
H           -0.84841603361114        2.06379925384765       -0.54358059711521
H           -0.87787404305816        0.64986965569963        0.08237353366158
O           -1.09059606364145       -1.17192804464493        0.34309543521427
H           -0.13367751583329       -1.19155461020318        0.52371418387289
H           -1.51909219975465       -1.45387859692003        1.15349632427174
9
 energy: -15.234915307433 gnorm: 0.003229375620 xtb: 6.7.1pre (5071a88)
O            1.51695109076867       -0.41100864240720        0.86373566776479
H            1.09128761561821        0.45327114724860        0.74975913019652
H            2.25784789178993       -0.42994316664705        0.25805797284995
O           -0.40166412554364        1.49936293543988        0.09274318692287
H           -0.83638508644524        2.05406500602155       -0.55823180859399
H           -0.87648317507173        0.64825088605193        0.09052941639428
O           -1.09419659878915       -1.16936619478373        0.34613938927317
H           -0.13697245474324       -1.19197970557220        0.52256589662215
H           -1.52038515739401       -1.45265226515821        1.15717898860402
9
 energy: -15.234919637915 gnorm: 0.002160081622 xtb: 6.7.1pre (5071a88)
O            1.51626632414765       -0.41129913198990        0.86111356326610
H            1.09061108090438        0.45268275252959        0.74645100466979
H            2.26280862758903       -0.42791200345167        0.26100541059689
O           -0.40310180215824        1.50039833788828        0.09496919131928
H           -0.83265264364371        2.05221688478308       -0.56134021598228
H           -0.87780045501268        0.64904719828039        0.09407412105508
O           -1.09595294950868       -1.16834294100804        0.34700644933022
H           -0.13858018556390       -1.19300882647151        0.52197928929868
H           -1.52159799656404       -1.45378227036665        1.15721902647999
9
 energy: -15.234925752363 gnorm: 0.001170393041 xtb: 6.7.1pre (5071a88)
O            1.51606498261489       -0.41333897710295        0.85229626037717
H            1.08936016163347        0.44968568765971        0.73913554113689
H            2.27320089679858       -0.42165003593053        0.26415673285503
O           -0.40744704110407        1.50413028711705        0.10457640847522
H           -0.82342699706405        2.04717036676409       -0.56665934974098
H           -0.88068933801660        0.65160768037697        0.10528759945696
O           -1.10045681257544       -1.16508058932191        0.34818374841314
H           -0.14237694228874       -1.19535222645170        0.51868338233688
H           -1.52422890980825       -1.45717219291719        1.15681751672341
9
 energy: -15.234941415056 gnorm: 0.000446187203 xtb: 6.7.1pre (5071a88)
O            1.51701742048717       -0.41144012009003        0.85267258859375
H            1.08946356677995        0.45231344474461        0.74498997563550
H            2.26553472251507       -0.42139457713414        0.25403103828738
O           -0.41288154357489        1.50637748655886        0.11273662073701
H           -0.81305366196928        2.04139561255512       -0.57371034994629
H           -0.88150760120992        0.65141589822661        0.10701054207510
O           -1.09989655127732       -1.16653848162825        0.34804599520758
H           -0.14163514985773       -1.19666112287628        0.51844873902370
H           -1.52304120170326       -1.45546814016294        1.15825269042001
9
 energy: -15.234948360324 gnorm: 0.007444242450 xtb: 6.7.1pre (5071a88)
O            1.51980730703000       -0.40277623988710        0.85358807143112
H            1.08724641646066        0.46406014482048        0.78007504695304
H            2.22909913059982       -0.41294184805743        0.20613218744726
O           -0.42793748293120        1.50926462899534        0.13863459384795
H           -0.76197765711489        2.00702038638969       -0.61555063283619
H           -0.89549296326806        0.65403108405478        0.13230518104107
O           -1.09237545582324       -1.17294291686960        0.34401944247748
H           -0.13579790313364       -1.20041066653010        0.52646288115784
H           -1.52257139162969       -1.44530457272254        1.15681106851415
9
 energy: -15.234975735995 gnorm: 0.001450428114 xtb: 6.7.1pre (5071a88)
O            1.51831677619097       -0.40442523411676        0.85408706424435
H            1.08639616158998        0.46064690488696        0.77047481492409
H            2.23656012099909       -0.41443282933261        0.21869626556738
O           -0.42103068262111        1.50681606524138        0.12886154690839
H           -0.77568037143134        2.01526806241022       -0.60239412906024
H           -0.89147946108954        0.65304223674045        0.12624623657407
O           -1.09405811153129       -1.17045202311779        0.34532395350766
H           -0.13692829998208       -1.19813643846972        0.52412075129230
H           -1.52209613193492       -1.44832674404860        1.15706133607573
9
 energy: -15.234984720206 gnorm: 0.001228323965 xtb: 6.7.1pre (5071a88)
O            1.51630354850728       -0.40218239283985        0.85526192198241
H            1.08069552009609        0.45983541325192        0.76872070436286
H            2.22898425077265       -0.41221321596408        0.21422664702084
O           -0.42235443041211        1.50743832924115        0.13421168605500
H           -0.76524132270210        2.00888620620136       -0.60724700333581
H           -0.88966276567767        0.65164138579954        0.12823681122978
O           -1.09351192690108       -1.16804725400814        0.34749445041703
H           -0.13575285681957       -1.19390035318858        0.52348292525321
H           -1.51946001667374       -1.45145811829979        1.15808969704840
9
 energy: -15.234996067302 gnorm: 0.001516676999 xtb: 6.7.1pre (5071a88)
O            1.51305292758862       -0.39759199056386        0.85395910494424
H            1.07463781152254        0.46446484450085        0.77719604955329
H            2.21241526088586       -0.40528004811141        0.19853898760103
O           -0.42355187779757        1.50635709840482        0.14165876356157
H           -0.73960636052634        1.99318165669730       -0.62162046545668
H           -0.89406305099126        0.65193780423190        0.13833318792066
O           -1.09111841781389       -1.16617985233080        0.34981636841397
H           -0.13322962158877       -1.19137433302841        0.52715433084437
H           -1.51853667108947       -1.45551517960687        1.15744151265128
9
 energy: -15.235001767187 gnorm: 0.001525375059 xtb: 6.7.1pre (5071a88)
O            1.51235560244962       -0.39322627842622        0.85322906630905
H            1.06882478098814        0.46778863619122        0.78309950539473
H            2.20077128914012       -0.39811914731621        0.18588379157381
O           -0.42389495570546        1.50624504511348        0.14704448613869
H           -0.71680477768790        1.97925166282437       -0.63412066899599
H           -0.89792104612901        0.65345802386683        0.14825880652513
O           -1.09035234730531       -1.16685931713212        0.35092460454701
H           -0.13275958196400       -1.18640209462685        0.53292319883413
H           -1.52021896359647       -1.46213653030098        1.15523504970718
9
 energy: -15.235006141437 gnorm: 0.001102756443 xtb: 6.7.1pre (5071a88)
O            1.51038045110793       -0.38998272187993        0.85134771620544
H            1.06725347175317        0.47161943593195        0.78131079111506
H            2.19858200194400       -0.39494265347212        0.18518642696291
O           -0.42407600376760        1.50677422038774        0.14912523208524
H           -0.70339960010757        1.97351847973066       -0.63939459744413
H           -0.90192778031482        0.65621886674864        0.15178218680607
O           -1.09091906148688       -1.16614791956492        0.35311301618638
H           -0.13361306075498       -1.18612630203960        0.53678057841852
H           -1.52228041818354       -1.47093140564891        1.15322648969825
9
 energy: -15.235009317826 gnorm: 0.002234894882 xtb: 6.7.1pre (5071a88)
O            1.50973432402146       -0.38444722532295        0.85160344491310
H            1.06375870860802        0.47572933523700        0.77929584540932
H            2.19456525734065       -0.39117638211592        0.18169557011421
O           -0.42771743141629        1.50978372638288        0.15537809836556
H           -0.68145670613623        1.96225249590087       -0.65192367959803
H           -0.90769164440739        0.66085747065867        0.15855877615570
O           -1.09194864890391       -1.16587703405240        0.35569206584286
H           -0.13511238960481       -1.18457630509335        0.54138384729610
H           -1.52413146931182       -1.48254608140129        1.15079387153493
9
 energy: -15.235013340529 gnorm: 0.000458868574 xtb: 6.7.1pre (5071a88)
O            1.51130198007066       -0.38327791889877        0.85316320128404
H            1.06310827387472        0.47536852678599        0.77618276008824
H            2.19882160223097       -0.39129000541622        0.18504624744829
O           -0.42834446331204        1.51180963044581        0.15426600004391
H           -0.67998794627347        1.96106518706446       -0.65377328731618
H           -0.90858570005703        0.66344893631673        0.15924617194809
O           -1.09398522189603       -1.16641288891207        0.35633095003066
H           -0.13734597333259       -1.18340260161333        0.54188635865130
H           -1.52498255111551       -1.48730886557908        1.15012943785541
9
 energy: -15.235015751928 gnorm: 0.000741791056 xtb: 6.7.1pre (5071a88)
O            1.51024847292910       -0.38303870037739        0.85133830967731
H            1.06232145283035        0.47574859201205        0.77389901994376
H            2.20429296342220       -0.38881282271273        0.19095869823949
O           -0.42926587115444        1.51348463653229        0.15343077967647
H           -0.67580802616459        1.95618599263745       -0.65966229598730
H           -0.91005615090712        0.66551307896190        0.16272496134387
O           -1.09675525326285       -1.16634223972014        0.35764685849166
H           -0.13986217402762       -1.18185294535601        0.54098508101296
H           -1.52511541347536       -1.49088559178388        1.15115642763555
9
 energy: -15.235019047161 gnorm: 0.000683000683 xtb: 6.7.1pre (5071a88)
O            1.50763955944828       -0.38182974163274        0.84880142294134
H            1.05981998832141        0.47696362136042        0.77080639033423
H            2.21210938033971       -0.38352824069330        0.19937430480778
O           -0.43107573565506        1.51531399133304        0.15245715959319
H           -0.66438617769106        1.94499418673039       -0.67182414396708
H           -0.91532607774558        0.66941932570668        0.16975628016231
O           -1.10099873987900       -1.16376171136866        0.36099053300566
H           -0.14324837361707       -1.18061396826013        0.53851103753005
H           -1.52453382333198       -1.49695746298213        1.15360485562628
9
 energy: -15.235021519551 gnorm: 0.000662015182 xtb: 6.7.1pre (5071a88)
O            1.50438048379905       -0.38326216818381        0.84445302419847
H            1.05741112077103        0.47582491768341        0.76520515271850
H            2.22556816033178       -0.37726414688554        0.21265921613691
O           -0.43268605284269        1.51574997204284        0.15097302411726
H           -0.65933115167754        1.93513864082596       -0.68002012119122
H           -0.91930209855195        0.67134167230076        0.17462098605967
O           -1.10590991262424       -1.16054541470863        0.36355984409708
H           -0.14673905976036       -1.18057539379121        0.53289338705553
H           -1.52339148925545       -1.49640807909020        1.15813332684156
9
 energy: -15.235022711482 gnorm: 0.000803783881 xtb: 6.7.1pre (5071a88)
O            1.50343367892489       -0.38303436702671        0.84275128771315
H            1.05469416287605        0.47524974812840        0.76220469447090
H            2.22876844098906       -0.37284015991696        0.21598538558952
O           -0.43329668131562        1.51488432973674        0.15246231861737
H           -0.65374176779766        1.92888805023753       -0.68360672005392
H           -0.92146315520843        0.67131663670008        0.17796925842273
O           -1.10726150108470       -1.15975658149917        0.36385390773306
H           -0.14765057599932       -1.18071899121969        0.53104177216447
H           -1.52348260119464       -1.49398866494665        1.15981593537649
9
 energy: -15.235023596727 gnorm: 0.000387774172 xtb: 6.7.1pre (5071a88)
O            1.50389610827314       -0.38412604308150        0.84150916308915
H            1.05297375802038        0.47307921111837        0.75898636637754
H            2.23189643751661       -0.36977565888613        0.21858753970810
O           -0.43273971484156        1.51201957136216        0.15353539562745
H           -0.65597355548982        1.92835841604928       -0.67983693707011
H           -0.92153764019626        0.66858638811860        0.17746977420858
O           -1.10745542918243       -1.15997348764717        0.36227697065178
H           -0.14758525586613       -1.18357486227845        0.52752990033458
H           -1.52347470804432       -1.48459353456160        1.16241966710667
